Namespace,Controller,Desired_Replicas,CPU_Per_Replica,Mem_GiB_Per_Replica,Desired_CPU_Cores,Desired_Mem_GiB,Pool_Hint
openshift-logging,StatefulSet/lokistack-ingester,2,2.0000,8.0000,4.0000,16.0000,SHARED
bab-dev-dgpdpl-bigid-01,Deployment/bigid-scanner,1,3.0000,4.0000,3.0000,4.0000,SHARED
bab-dev-rpa-apps-01,Deployment/du-digitizer-worker-deployment,3,1.0000,2.0000,3.0000,6.0000,SHARED
openshift-logging,Deployment/lokistack-querier,2,1.5000,3.0000,3.0000,6.0000,SHARED
babamldev,StatefulSet/sas-rabbitmq-server,3,1.0000,2.0000,3.0000,6.0000,DEDICATED
bab-dev-rpa-apps-01,Deployment/aievents-deploy,5,0.5000,0.2500,2.5000,1.2500,SHARED
bab-dev-rpa-apps-01,Deployment/orchestrator,2,1.0000,2.0000,2.0000,4.0000,SHARED
openshift-logging,Deployment/lokistack-distributor,2,1.0000,1.0000,2.0000,2.0000,SHARED
openshift-logging,Deployment/lokistack-query-frontend,2,1.0000,1.0000,2.0000,2.0000,SHARED
bab-dev-rpa-apps-01,Deployment/du-digitizer,3,0.5000,1.0000,1.5000,3.0000,SHARED
bab-dev-rpa-apps-01,Deployment/identity-service-api,2,0.6000,0.8789,1.2000,1.7578,SHARED
bab-dev-rpa-apps-01,Deployment/platform-license-accountant,2,0.6000,0.7812,1.2000,1.5625,SHARED
bab-dev-rpa-apps-01,Deployment/platform-license-accountant-worker,2,0.6000,0.7812,1.2000,1.5625,SHARED
bab-dev-cp4i,Deployment/ibm-mq-operator,1,1.0000,1.0000,1.0000,1.0000,SHARED
bab-dev-cp4i,Deployment/integration-navigator-ibm-inte-3c22-deployment,1,1.0000,1.0000,1.0000,1.0000,SHARED
bab-dev-dgpdpl-bigid-01,Deployment/bigid-me-agent,1,1.0000,3.0000,1.0000,3.0000,SHARED
bab-dev-dgpdpl-bigid-01,Deployment/bigid-reports,1,1.0000,1.0000,1.0000,1.0000,SHARED
bab-dev-dgpdpl-bigid-privacy-01,Deployment/pp-bigidme-authentication-manager,1,1.0000,1.4648,1.0000,1.4648,SHARED
bab-dev-dgpdpl-bigid-privacy-01,Deployment/pp-bigidme-camunda-engine,1,1.0000,7.8125,1.0000,7.8125,SHARED
bab-dev-dgpdpl-bigid-privacy-01,Deployment/pp-bigidme-clamav-service,1,1.0000,2.9297,1.0000,2.9297,SHARED
bab-dev-dgpdpl-bigid-privacy-01,Deployment/pp-bigidme-connectors-manager,1,1.0000,1.4648,1.0000,1.4648,SHARED
bab-dev-dgpdpl-bigid-privacy-01,Deployment/pp-bigidme-onboarding-service,1,1.0000,1.4648,1.0000,1.4648,SHARED
bab-dev-dgpdpl-bigid-privacy-01,Deployment/pp-bigidme-user-request-manager,1,1.0000,1.4648,1.0000,1.4648,SHARED
bab-dev-rpa-apps-01,Deployment/aistorage,2,0.5000,1.0000,1.0000,2.0000,SHARED
bab-dev-rpa-apps-01,Deployment/platform-messagebus-service,10,0.1000,0.7812,1.0000,7.8125,SHARED
openshift-logging,Deployment/lokistack-gateway,2,0.5000,0.4883,1.0000,0.9766,SHARED
bab-dev-cp4i,StatefulSet/apic-dev-gw,1,1.0000,8.0000,1.0000,8.0000,SHARED
bab-dev-cp4i,StatefulSet/cs-keycloak,1,1.0000,1.0000,1.0000,1.0000,SHARED
bab-dev-newbib,StatefulSet/ex-aao-ss,2,0.5000,0.5000,1.0000,1.0000,SHARED
bab-devops-sonarqube,StatefulSet/sonarqube-sonarqube,1,1.0000,2.0000,1.0000,2.0000,SHARED
openshift-logging,StatefulSet/lokistack-compactor,1,1.0000,2.0000,1.0000,2.0000,SHARED
openshift-logging,StatefulSet/lokistack-index-gateway,2,0.5000,1.0000,1.0000,2.0000,SHARED
babamldev,Deployment/sas-formats,1,0.8500,0.0586,0.8500,0.0586,SHARED
bab-dev-newbib,Deployment/ofscheduler,1,0.8000,1.8623,0.8000,1.8623,SHARED
bab-dev-rpa-apps-01,Deployment/platform-location-service,2,0.4000,0.4883,0.8000,0.9766,SHARED
bab-dev-rpa-apps-01,Deployment/platform-organization-management-service,2,0.4000,0.5859,0.8000,1.1719,SHARED
bab-dev-rpa-apps-01,Deployment/platform-portal,2,0.4000,0.2930,0.8000,0.5859,SHARED
bab-dev-rpa-apps-01,Deployment/du-documentmanager-dm,3,0.2500,0.5000,0.7500,1.5000,SHARED
babamldev,StatefulSet/sas-consul-server,3,0.2500,0.1465,0.7500,0.4395,DEDICATED
bab-dev-newbib,Deployment/arxlauncher,1,0.6000,0.9277,0.6000,0.9277,SHARED
bab-dev-rpa-apps-01,Deployment/9aae22bb-4b8a-431f-8685-5b90eb13e509-22,1,0.6000,2.0977,0.6000,2.0977,SHARED
bab-dev-rpa-apps-01,Deployment/ai-app-deployment,2,0.3000,1.0000,0.6000,2.0000,SHARED
bab-dev-rpa-apps-01,Deployment/ai-appmanager-deployment,2,0.3000,1.0000,0.6000,2.0000,SHARED
bab-dev-rpa-apps-01,Deployment/ai-deployer-deployment,2,0.3000,2.0000,0.6000,4.0000,SHARED
bab-dev-rpa-apps-01,Deployment/ai-helper-deployment,2,0.3000,2.0000,0.6000,4.0000,SHARED
bab-dev-rpa-apps-01,Deployment/ai-pkgmanager-deployment,2,0.3000,1.0000,0.6000,2.0000,SHARED
bab-dev-rpa-apps-01,Deployment/ai-trainer-deployment,2,0.3000,2.0000,0.6000,4.0000,SHARED
rmbdev,Deployment/kony-fabric-console,2,0.3000,0.3000,0.6000,0.6000,SHARED
rmbdev,Deployment/kony-fabric-integration,2,0.3000,0.0000,0.6000,0.0000,SHARED
bab-dev-dgpdpl-bigid-privacy-01,StatefulSet/pp-redis-node,3,0.2000,0.2500,0.6000,0.7500,SHARED
bab-dev-cp4i,Deployment/datapower-operator,1,0.5000,0.5000,0.5000,0.5000,SHARED
bab-dev-cp4i,Deployment/get-billers-list-is,1,0.5000,0.5000,0.5000,0.5000,SHARED
bab-dev-cp4i,Deployment/mq-test-is,1,0.5000,0.5000,0.5000,0.5000,SHARED
bab-dev-cp4i,Deployment/postgresql-operator-controller-manager-1-22-8,1,0.5000,0.1953,0.5000,0.1953,SHARED
bab-dev-dgpdpl-bigid-01,Deployment/bigid-ml-gw,1,0.5000,0.4883,0.5000,0.4883,SHARED
bab-dev-dgpdpl-bigid-01,Deployment/bigid-ml-worker,1,0.5000,0.4883,0.5000,0.4883,SHARED
bab-dev-dgpdpl-bigid-01,Deployment/informatica-edc,1,0.5000,0.2500,0.5000,0.2500,SHARED
bab-dev-dgpdpl-bigid-privacy-01,Deployment/pp-bigidme-audit-manager,1,0.5000,1.4648,0.5000,1.4648,SHARED
bab-dev-dgpdpl-bigid-privacy-01,Deployment/pp-bigidme-communication-manager,1,0.5000,1.4648,0.5000,1.4648,SHARED
bab-dev-dgpdpl-bigid-privacy-01,Deployment/pp-bigidme-consents-manager,1,0.5000,1.4648,0.5000,1.4648,SHARED
bab-dev-dgpdpl-bigid-privacy-01,Deployment/pp-bigidme-consumer-verification-manager,1,0.5000,1.4648,0.5000,1.4648,SHARED
bab-dev-dgpdpl-bigid-privacy-01,Deployment/pp-bigidme-job-scheduler,1,0.5000,1.4648,0.5000,1.4648,SHARED
bab-dev-dgpdpl-bigid-privacy-01,Deployment/pp-bigidme-report-service,1,0.5000,1.4648,0.5000,1.4648,SHARED
bab-dev-dgpdpl-bigid-privacy-01,Deployment/pp-bigidme-settings-manager,1,0.5000,2.4414,0.5000,2.4414,SHARED
bab-dev-dgpdpl-bigid-privacy-01,Deployment/pp-bigidme-workflow-management,1,0.5000,1.9531,0.5000,1.9531,SHARED
bab-dev-newbib,Deployment/azdo-agent,1,0.5000,0.5000,0.5000,0.5000,SHARED
bab-dev-rpa-apps-01,Deployment/aimetering,5,0.1000,0.0977,0.5000,0.4883,SHARED
bab-dev-rpa-apps-01,Deployment/aistorage-cleanup,1,0.5000,0.4883,0.5000,0.4883,SHARED
bab-dev-rpa-apps-01,Deployment/du-digitizer-cleanup,1,0.5000,0.2500,0.5000,0.2500,SHARED
bab-dev-rpa-apps-01,Deployment/du-services-fe,2,0.2500,1.0000,0.5000,2.0000,SHARED
bab-dev-rpa-apps-01,Deployment/du-services-ikc,2,0.2500,1.0000,0.5000,2.0000,SHARED
babamldev,Deployment/sas-catalog-services,1,0.5000,0.4883,0.5000,0.4883,SHARED
babamldev,Deployment/sas-configuration,1,0.5000,0.0488,0.5000,0.0488,SHARED
babamldev,Deployment/sas-discovery-services,1,0.5000,0.4883,0.5000,0.4883,SHARED
babamldev,Deployment/sas-logon-app,1,0.5000,1.0000,0.5000,1.0000,SHARED
babamldev,Deployment/sas-microanalytic-score,1,0.5000,0.7500,0.5000,0.7500,SHARED
babamldev,Deployment/sas-web-assets,1,0.5000,0.7324,0.5000,0.7324,SHARED
openshift-mta,Deployment/mta-hub,1,0.5000,1.0000,0.5000,1.0000,SHARED
bab-dev-dgpdpl-bigid-01,StatefulSet/bigid-elasticsearch-data,2,0.2500,0.2500,0.5000,0.5000,SHARED
bab-dev-dgpdpl-bigid-01,StatefulSet/bigid-mq,1,0.5000,0.4883,0.5000,0.4883,SHARED
babamldev,StatefulSet/sas-opendistro-single-node,1,0.5000,10.0000,0.5000,10.0000,SHARED
openshift-oauth-apiserver,Deployment/apiserver,3,0.1500,0.1953,0.4500,0.5859,SHARED
openshift-user-workload-monitoring,StatefulSet/prometheus-user-workload,2,0.2050,2.0557,0.4100,4.1113,SHARED
openshift-cloud-controller-manager,Deployment/azure-cloud-controller-manager,2,0.2000,0.0488,0.4000,0.0977,SHARED
rmbdev,Deployment/kony-fabric-engagement,2,0.2000,0.0000,0.4000,0.0000,SHARED
rmbdev,Deployment/kony-fabric-identity,2,0.2000,0.3000,0.4000,0.6000,SHARED
bab-dev-cp4i,StatefulSet/apic-dev-ptl-930a1aac-www,1,0.3500,2.0000,0.3500,2.0000,SHARED
openshift-apiserver,Deployment/apiserver,3,0.1100,0.2441,0.3300,0.7324,SHARED
bab-dev-cp4i,Deployment/download-sadad-billers-is,1,0.3000,0.3594,0.3000,0.3594,SHARED
bab-dev-cp4i,Deployment/dummy-is,1,0.3000,0.3594,0.3000,0.3594,SHARED
bab-dev-cp4i,Deployment/get-charge-card-list-is,1,0.3000,0.3594,0.3000,0.3594,SHARED
bab-dev-cp4i,Deployment/get-cust-accts-list-is,1,0.3000,0.3594,0.3000,0.3594,SHARED
bab-dev-cp4i,Deployment/rhbk-operator,1,0.3000,0.4395,0.3000,0.4395,SHARED
bab-dev-web-baas,Deployment/abb-account-statement-service,1,0.3000,0.5000,0.3000,0.5000,SHARED
bab-dev-web-baas,Deployment/abb-account-statement-service-amr-tarek,1,0.3000,0.5000,0.3000,0.5000,SHARED
bab-dev-web-baas,Deployment/abb-card-statement-service,1,0.3000,0.5000,0.3000,0.5000,SHARED
bab-dev-web-baas,Deployment/auth-service,1,0.3000,0.5000,0.3000,0.5000,SHARED
bab-dev-web-baas,Deployment/branch-app-ui,1,0.3000,0.5000,0.3000,0.5000,SHARED
bab-dev-web-baas,Deployment/branch-statement-service,1,0.3000,0.5000,0.3000,0.5000,SHARED
bab-dev-web-baas,Deployment/digital-signature-service,1,0.3000,0.5000,0.3000,0.5000,SHARED
bab-dev-web-baas,Deployment/document-generator-service,1,0.3000,0.5000,0.3000,0.5000,SHARED
bab-dev-web-baas,Deployment/efatourah-xml,1,0.3000,0.5000,0.3000,0.5000,SHARED
bab-dev-web-baas,Deployment/enjaz-contacts-service,1,0.3000,0.5000,0.3000,0.5000,SHARED
bab-dev-web-baas,Deployment/error-message-service,1,0.3000,0.5000,0.3000,0.5000,SHARED
bab-dev-web-baas,Deployment/ldap-service,1,0.3000,0.5000,0.3000,0.5000,SHARED
bab-dev-web-baas,Deployment/live-session-manager,1,0.3000,0.5000,0.3000,0.5000,SHARED
bab-dev-web-baas,Deployment/mock-api-app,1,0.3000,0.5000,0.3000,0.5000,SHARED
bab-dev-web-baas,Deployment/moi-cache,1,0.3000,0.5000,0.3000,0.5000,SHARED
bab-dev-web-baas,Deployment/mongo-db-handler,1,0.3000,0.5000,0.3000,0.5000,SHARED
bab-dev-web-baas,Deployment/retail-onboarding,1,0.3000,0.5000,0.3000,0.5000,SHARED
bab-dev-web-baas,Deployment/rmb-docs-service,1,0.3000,0.5000,0.3000,0.5000,SHARED
bab-dev-web-baas,Deployment/session-rules-manager,1,0.3000,0.5000,0.3000,0.5000,SHARED
bab-dev-web-baas,Deployment/shorten-url-ms,1,0.3000,0.5000,0.3000,0.5000,SHARED
bab-dev-web-baas,Deployment/sme-loan-app,1,0.3000,0.5000,0.3000,0.5000,SHARED
bab-dev-web-baas,Deployment/statement-generator,1,0.3000,0.5000,0.3000,0.5000,SHARED
bab-dev-web-baas,Deployment/statement-integrator-service,1,0.3000,0.5000,0.3000,0.5000,SHARED
bab-dev-web-baas,Deployment/statement-manager-service,1,0.3000,0.5000,0.3000,0.5000,SHARED
bab-dev-web-baas,Deployment/statement-poller,1,0.3000,0.5000,0.3000,0.5000,SHARED
bab-dev-web-baas,Deployment/tanfeeth-report-poller,1,0.3000,0.5000,0.3000,0.5000,SHARED
bab-dev-web-baas,Deployment/utility-service,1,0.3000,0.5000,0.3000,0.5000,SHARED
openshift-azure-guardrails,Deployment/gatekeeper-controller-manager,3,0.1000,0.5000,0.3000,1.5000,SHARED
openshift-controller-manager,Deployment/controller-manager,3,0.1000,0.0977,0.3000,0.2930,SHARED
openshift-route-controller-manager,Deployment/route-controller-manager,3,0.1000,0.0977,0.3000,0.2930,SHARED
bab-dev-cp4i,StatefulSet/apic-dev-ptl-930a1aac-db,1,0.3000,3.1250,0.3000,3.1250,SHARED
bab-dev-baasplatform-apps-01,Deployment/baas-sdk-manager-api-runtime,1,0.2500,1.0000,0.2500,1.0000,SHARED
bab-dev-baasplatform-apps-01,Deployment/baas-turmeric-b2b-runtime,1,0.2500,1.0000,0.2500,1.0000,SHARED
bab-dev-baasplatform-apps-01,Deployment/baas-turmeric-ob-runtime,1,0.2500,1.0000,0.2500,1.0000,SHARED
bab-dev-baasplatform-apps-01,Deployment/baas-turmeric-opb-runtime,1,0.2500,1.0000,0.2500,1.0000,SHARED
bab-dev-baasplatform-apps-01,Deployment/igcb-arx22-sso,1,0.2500,0.2441,0.2500,0.2441,SHARED
bab-dev-baasplatform-apps-01,Deployment/igcb-itur-api-analytics,1,0.2500,0.9766,0.2500,0.9766,SHARED
bab-dev-baasplatform-apps-01,Deployment/igcb-itur-api-billing,1,0.2500,0.9766,0.2500,0.9766,SHARED
bab-dev-baasplatform-apps-01,Deployment/igcb-itur-api-mpp,1,0.2500,0.9766,0.2500,0.9766,SHARED
bab-dev-baasplatform-apps-01,Deployment/igcb-itur-api-pulse,1,0.2500,0.9766,0.2500,0.9766,SHARED
bab-dev-baasplatform-apps-01,Deployment/igcb-itur-api-sb-analytics,1,0.2500,0.9766,0.2500,0.9766,SHARED
bab-dev-baasplatform-apps-01,Deployment/igcb-itur-api-sb-billing,1,0.2500,0.9766,0.2500,0.9766,SHARED
bab-dev-baasplatform-apps-01,Deployment/igcb-itur-api-studio,1,0.2500,0.9766,0.2500,0.9766,SHARED
bab-dev-baasplatform-apps-01,Deployment/igcb-itur-runtime,1,0.2500,1.5000,0.2500,1.5000,SHARED
bab-dev-baasplatform-apps-01,Deployment/igcb-itur-ui-studio,1,0.2500,0.2441,0.2500,0.2441,SHARED
bab-dev-baasplatform-apps-01,Deployment/igcb-sdk-runtime,1,0.2500,1.0000,0.2500,1.0000,SHARED
bab-dev-baasplatform-apps-01,Deployment/igcb-sdk-runtime-api-sb,1,0.2500,1.0000,0.2500,1.0000,SHARED
bab-dev-baasplatform-apps-01,Deployment/igcb-sdk-runtime-onsite-prod,1,0.2500,1.0000,0.2500,1.0000,SHARED
bab-dev-baasplatform-apps-01,Deployment/igcb-sdk-runtime-sb,1,0.2500,1.0000,0.2500,1.0000,SHARED
bab-dev-cp4i,Deployment/datapower-operator-conversion-webhook,1,0.2500,0.5000,0.2500,0.5000,SHARED
bab-dev-dgpdpl-bigid-01,Deployment/bigid-aci,1,0.2500,0.2500,0.2500,0.2500,SHARED
bab-dev-dgpdpl-bigid-01,Deployment/bigid-action-center,1,0.2500,0.2500,0.2500,0.2500,SHARED
bab-dev-dgpdpl-bigid-01,Deployment/bigid-config-service,1,0.2500,0.2500,0.2500,0.2500,SHARED
bab-dev-dgpdpl-bigid-01,Deployment/bigid-corr-new,1,0.2500,0.2500,0.2500,0.2500,SHARED
bab-dev-dgpdpl-bigid-01,Deployment/bigid-data-catalog,1,0.2500,0.2500,0.2500,0.2500,SHARED
bab-dev-dgpdpl-bigid-01,Deployment/bigid-metadata-search,1,0.2500,0.2500,0.2500,0.2500,SHARED
bab-dev-dgpdpl-bigid-01,Deployment/bigid-ml-scheduler,1,0.2500,0.4883,0.2500,0.4883,SHARED
bab-dev-dgpdpl-bigid-01,Deployment/bigid-orch,1,0.2500,0.2500,0.2500,0.2500,SHARED
bab-dev-dgpdpl-bigid-01,Deployment/bigid-orch2,1,0.2500,0.2500,0.2500,0.2500,SHARED
bab-dev-dgpdpl-bigid-01,Deployment/bigid-remediation-batch,1,0.2500,1.0000,0.2500,1.0000,SHARED
bab-dev-dgpdpl-bigid-01,Deployment/bigid-remediation-ui-bff,1,0.2500,1.0000,0.2500,1.0000,SHARED
bab-dev-dgpdpl-bigid-01,Deployment/bigid-ui,1,0.2500,0.2500,0.2500,0.2500,SHARED
bab-dev-dgpdpl-bigid-01,Deployment/bigid-web,1,0.2500,0.4883,0.2500,0.4883,SHARED
bab-dev-web-baas,Deployment/mongodb-8-deployment,1,0.2500,0.5000,0.2500,0.5000,SHARED
devops-gitops,Deployment/openshift-gitops-applicationset-controller,1,0.2500,0.5000,0.2500,0.5000,SHARED
devops-gitops,Deployment/openshift-gitops-dex-server,1,0.2500,0.1250,0.2500,0.1250,SHARED
devops-gitops,Deployment/openshift-gitops-redis,1,0.2500,0.1250,0.2500,0.1250,SHARED
devops-gitops,Deployment/openshift-gitops-repo-server,1,0.2500,0.2500,0.2500,0.2500,SHARED
openshift-gitops,Deployment/cluster,1,0.2500,0.1250,0.2500,0.1250,SHARED
openshift-gitops,Deployment/kam,1,0.2500,0.1250,0.2500,0.1250,SHARED
openshift-gitops,Deployment/openshift-gitops-applicationset-controller,1,0.2500,0.5000,0.2500,0.5000,SHARED
openshift-gitops,Deployment/openshift-gitops-dex-server,1,0.2500,0.1250,0.2500,0.1250,SHARED
openshift-gitops,Deployment/openshift-gitops-redis,1,0.2500,0.1250,0.2500,0.1250,SHARED
openshift-gitops,Deployment/openshift-gitops-repo-server,1,0.2500,0.2500,0.2500,0.2500,SHARED
uipath-argocd,Deployment/argocd-dex-server,1,0.2500,0.1250,0.2500,0.1250,SHARED
uipath-argocd,Deployment/argocd-redis,1,0.2500,0.1250,0.2500,0.1250,SHARED
uipath-argocd,Deployment/argocd-repo-server,1,0.2500,0.2500,0.2500,0.2500,SHARED
bab-dev-dgpdpl-bigid-01,StatefulSet/bigid-cache,1,0.2500,0.5000,0.2500,0.5000,SHARED
bab-dev-dgpdpl-bigid-01,StatefulSet/bigid-elasticsearch,1,0.2500,0.2500,0.2500,0.2500,SHARED
devops-gitops,StatefulSet/openshift-gitops-application-controller,1,0.2500,2.0000,0.2500,2.0000,SHARED
openshift-gitops,StatefulSet/openshift-gitops-application-controller,1,0.2500,1.0000,0.2500,1.0000,SHARED
uipath-argocd,StatefulSet/argocd-application-controller,1,0.2500,3.0000,0.2500,3.0000,SHARED
bab-dev-cp4i,StatefulSet/apic-dev-a7s-storage,1,0.2250,6.0000,0.2250,6.0000,SHARED
openshift-cluster-csi-drivers,Deployment/azure-disk-csi-driver-controller,2,0.1100,0.3906,0.2200,0.7812,SHARED
bab-dev-observe,StatefulSet/tempo-dev-tempo-ingester,1,0.2160,0.4410,0.2160,0.4410,SHARED
bab-dev-baasplatform-apps-01,Deployment/igcb-arx22-al,1,0.2000,0.2441,0.2000,0.2441,SHARED
bab-dev-baasplatform-apps-01,Deployment/igcb-arx22-launcher,1,0.2000,0.2441,0.2000,0.2441,SHARED
bab-dev-baasplatform-apps-01,Deployment/igcb-arx22-web,1,0.2000,0.2441,0.2000,0.2441,SHARED
bab-dev-baasplatform-apps-01,Deployment/igcb-itur-ui-mpp,1,0.2000,0.2441,0.2000,0.2441,SHARED
bab-dev-baasplatform-apps-01,Deployment/igcb-itur-ui-pulse,1,0.2000,0.2441,0.2000,0.2441,SHARED
bab-dev-baasplatform-apps-01,Deployment/igcb-itur-ui-sdk-ui,1,0.2000,0.2441,0.2000,0.2441,SHARED
bab-dev-baasplatform-apps-01,Deployment/igcb-itur-ui-sdk-ui-manager,1,0.2000,0.2441,0.2000,0.2441,SHARED
bab-dev-cp4i,Deployment/apic-dev-mgmt-apim,1,0.2000,0.1250,0.2000,0.1250,SHARED
bab-dev-cp4i,Deployment/ibm-integration-platform-navigator-operator,1,0.2000,1.0000,0.2000,1.0000,SHARED
bab-dev-cp4i,Deployment/operand-deployment-lifecycle-manager,1,0.2000,0.1953,0.2000,0.1953,SHARED
bab-dev-rpa-apps-01,Deployment/du-frontend,2,0.1000,0.1000,0.2000,0.2000,SHARED
bab-dev-rpa-apps-01,Deployment/du-provisioning,2,0.1000,0.1250,0.2000,0.2500,SHARED
bab-dev-rpa-apps-01,Deployment/platform-authorization-service,2,0.1000,0.5859,0.2000,1.1719,SHARED
bab-dev-rpa-apps-01,Deployment/platform-license-resource-manager,2,0.1000,0.7812,0.2000,1.5625,SHARED
bab-dev-rpa-apps-01,Deployment/platform-license-resource-manager-worker,2,0.1000,0.7812,0.2000,1.5625,SHARED
bab-dev-rpa-apps-01,Deployment/platform-resource-catalog-service,2,0.1000,0.7812,0.2000,1.5625,SHARED
bab-dev-rpa-apps-01,Deployment/robotube,2,0.1000,0.2441,0.2000,0.4883,SHARED
bab-dev-rpa-apps-01,Deployment/webhook-service,2,0.1000,0.6836,0.2000,1.3672,SHARED
cs-control,Deployment/ibm-common-service-webhook,1,0.2000,0.2500,0.2000,0.2500,SHARED
cs-control,Deployment/secretshare,1,0.2000,0.1953,0.2000,0.1953,SHARED
ibm-common-services,Deployment/secretshare,1,0.2000,0.1953,0.2000,0.1953,SHARED
openshift-image-registry,Deployment/image-registry,2,0.1000,0.2500,0.2000,0.5000,SHARED
openshift-ingress,Deployment/router-default,2,0.1000,0.2500,0.2000,0.5000,SHARED
rmbdev,Deployment/kony-fabric-apiportal,1,0.2000,0.0000,0.2000,0.0000,SHARED
openshift-cluster-csi-drivers,Deployment/azure-file-csi-driver-controller,2,0.0900,0.3223,0.1800,0.6445,SHARED
bab-dev-cp4i,StatefulSet/apic-dev-a7s-ingestion,1,0.1750,7.0000,0.1750,7.0000,SHARED
bab-dev-observe,Deployment/tempo-dev-tempo-distributor,1,0.1560,0.0990,0.1560,0.0990,SHARED
bab-dev-dgpdpl-bigid-01,Deployment/bigid-pia,1,0.1500,0.0488,0.1500,0.0488,SHARED
bab-dev-dgpdpl-bigid-01,Deployment/bigid-ropa,1,0.1500,0.0488,0.1500,0.0488,SHARED
bab-dev-dgpdpl-bigid-privacy-01,Deployment/camunda-testing,1,0.1500,0.3906,0.1500,0.3906,SHARED
bab-dev-dgpdpl-bigid-privacy-01,Deployment/pp-bigidme-frontend-app,1,0.1500,0.0977,0.1500,0.0977,SHARED
babamldev,Deployment/sas-insights,1,0.1500,0.4492,0.1500,0.4492,SHARED
babamldev,Deployment/sas-visual-analytics,1,0.1500,0.2441,0.1500,0.2441,SHARED
openshift-monitoring,StatefulSet/prometheus-k8s,2,0.0750,1.0781,0.1500,2.1562,SHARED
devops-gitops,Deployment/openshift-gitops-server,1,0.1250,0.1250,0.1250,0.1250,SHARED
openshift-gitops,Deployment/openshift-gitops-server,1,0.1250,0.1250,0.1250,0.1250,SHARED
uipath-argocd,Deployment/argocd-server,1,0.1250,0.1758,0.1250,0.1758,SHARED
bab-dev-cp4i,Deployment/apic-dev-mgmt-taskmanager,1,0.1200,0.5000,0.1200,0.5000,SHARED
istio-dev,Deployment/prometheus,1,0.1200,0.2988,0.1200,0.2988,SHARED
openshift-opentelemetry-operator,Deployment/opentelemetry-operator-controller-manager,1,0.1050,0.1250,0.1050,0.1250,SHARED
bab-dev-cp4i,Deployment/apic-dev-a7s-mtls-gw,1,0.1000,0.1250,0.1000,0.1250,SHARED
bab-dev-cp4i,Deployment/db-01-dev-dash,1,0.1000,0.1709,0.1000,0.1709,SHARED
bab-dev-cp4i,Deployment/ibm-appconnect-operator,1,0.1000,0.1250,0.1000,0.1250,SHARED
bab-dev-cp4i,Deployment/ibm-common-service-operator,1,0.1000,0.1953,0.1000,0.1953,SHARED
bab-dev-dgpdpl-bigid-01,Deployment/data-retention-ui-service,1,0.1000,0.2500,0.1000,0.2500,SHARED
bab-dev-dgpdpl-bigid-01,Deployment/data-retention-web-gateway,1,0.1000,0.2500,0.1000,0.2500,SHARED
bab-dev-rpa-apps-01,Deployment/identity-service-web,2,0.0500,0.0488,0.1000,0.0977,SHARED
babamldev,Deployment/sas-analytics-events,1,0.1000,0.0879,0.1000,0.0879,SHARED
babamldev,Deployment/sas-analytics-execution,1,0.1000,0.0879,0.1000,0.0879,SHARED
babamldev,Deployment/sas-analytics-resources,1,0.1000,0.2930,0.1000,0.2930,SHARED
babamldev,Deployment/sas-annotations,1,0.1000,0.0879,0.1000,0.0879,SHARED
babamldev,Deployment/sas-app-registry,1,0.1000,0.0879,0.1000,0.0879,SHARED
babamldev,Deployment/sas-audit,1,0.1000,0.0879,0.1000,0.0879,SHARED
babamldev,Deployment/sas-batch,1,0.1000,0.0879,0.1000,0.0879,SHARED
babamldev,Deployment/sas-chromium-server,1,0.1000,0.4004,0.1000,0.4004,SHARED
babamldev,Deployment/sas-collaboration,1,0.1000,0.0879,0.1000,0.0879,SHARED
babamldev,Deployment/sas-compute,1,0.1000,0.0879,0.1000,0.0879,SHARED
babamldev,Deployment/sas-connect,1,0.1000,0.0879,0.1000,0.0879,SHARED
babamldev,Deployment/sas-content,1,0.1000,0.0879,0.1000,0.0879,SHARED
babamldev,Deployment/sas-data-flows,1,0.1000,0.0879,0.1000,0.0879,SHARED
babamldev,Deployment/sas-data-mining-models,1,0.1000,0.0879,0.1000,0.0879,SHARED
babamldev,Deployment/sas-data-mining-project-resources,1,0.1000,0.0879,0.1000,0.0879,SHARED
babamldev,Deployment/sas-data-mining-results,1,0.1000,0.0879,0.1000,0.0879,SHARED
babamldev,Deployment/sas-data-quality-services,1,0.1000,0.0977,0.1000,0.0977,SHARED
babamldev,Deployment/sas-data-sources,1,0.1000,0.0879,0.1000,0.0879,SHARED
babamldev,Deployment/sas-deployment-data,1,0.1000,0.0879,0.1000,0.0879,SHARED
babamldev,Deployment/sas-device-management,1,0.1000,0.0879,0.1000,0.0879,SHARED
babamldev,Deployment/sas-feature-flags,1,0.1000,0.0879,0.1000,0.0879,SHARED
babamldev,Deployment/sas-file-store,1,0.1000,0.0879,0.1000,0.0879,SHARED
babamldev,Deployment/sas-geography,1,0.1000,0.0879,0.1000,0.0879,SHARED
babamldev,Deployment/sas-graph-templates,1,0.1000,0.0879,0.1000,0.0879,SHARED
babamldev,Deployment/sas-job-flow-scheduling,1,0.1000,0.0879,0.1000,0.0879,SHARED
babamldev,Deployment/sas-list-data,1,0.1000,0.0879,0.1000,0.0879,SHARED
babamldev,Deployment/sas-localization,1,0.1000,0.0879,0.1000,0.0879,SHARED
babamldev,Deployment/sas-ml-pipeline-automation,1,0.1000,0.0879,0.1000,0.0879,SHARED
babamldev,Deployment/sas-model-management,1,0.1000,0.0879,0.1000,0.0879,SHARED
babamldev,Deployment/sas-model-publish,1,0.1000,0.0879,0.1000,0.0879,SHARED
babamldev,Deployment/sas-model-repository,1,0.1000,0.0879,0.1000,0.0879,SHARED
babamldev,Deployment/sas-preferences,1,0.1000,0.0879,0.1000,0.0879,SHARED
babamldev,Deployment/sas-report-alerts,1,0.1000,0.0879,0.1000,0.0879,SHARED
babamldev,Deployment/sas-report-distribution,1,0.1000,0.0879,0.1000,0.0879,SHARED
babamldev,Deployment/sas-report-renderers,1,0.1000,0.4004,0.1000,0.4004,SHARED
babamldev,Deployment/sas-score-definitions,1,0.1000,0.0879,0.1000,0.0879,SHARED
babamldev,Deployment/sas-score-execution,1,0.1000,0.0879,0.1000,0.0879,SHARED
babamldev,Deployment/sas-search,1,0.1000,0.0879,0.1000,0.0879,SHARED
babamldev,Deployment/sas-studio,1,0.1000,0.0879,0.1000,0.0879,SHARED
babamldev,Deployment/sas-text-analytics-taxonomies,1,0.1000,0.0879,0.1000,0.0879,SHARED
babamldev,Deployment/sas-visual-analytics-app,1,0.1000,0.0879,0.1000,0.0879,SHARED
babamldev,Deployment/sas-web-renderer,1,0.1000,0.4004,0.1000,0.4004,SHARED
babamldev,Deployment/sas-webhooks,1,0.1000,0.0879,0.1000,0.0879,SHARED
default,Deployment/prometheus-operator,1,0.1000,0.0977,0.1000,0.0977,SHARED
openshift-azure-guardrails,Deployment/gatekeeper-audit,1,0.1000,0.5000,0.1000,0.5000,SHARED
openshift-cluster-observability-operator,Deployment/obo-prometheus-operator-admission-webhook,2,0.0500,0.0488,0.1000,0.0977,SHARED
openshift-keda,Deployment/custom-metrics-autoscaler-operator,1,0.1000,0.0977,0.1000,0.0977,SHARED
openshift-keda,Deployment/keda-admission,1,0.1000,0.0977,0.1000,0.0977,SHARED
openshift-keda,Deployment/keda-metrics-apiserver,1,0.1000,0.0977,0.1000,0.0977,SHARED
openshift-keda,Deployment/keda-operator,1,0.1000,0.0977,0.1000,0.0977,SHARED
openshift-mta,Deployment/mta-keycloak-postgresql-15,1,0.1000,0.3418,0.1000,0.3418,SHARED
openshift-mta,Deployment/mta-ui,1,0.1000,0.3418,0.1000,0.3418,SHARED
openshift-tempo-operator,Deployment/tempo-operator-controller,1,0.1000,0.0625,0.1000,0.0625,SHARED
rhacs-operator,Deployment/rhacs-operator-controller-manager,1,0.1000,0.1953,0.1000,0.1953,SHARED
bab-devops-sonarqube,StatefulSet/sonarqube-postgresql,1,0.1000,0.1953,0.1000,0.1953,SHARED
babamldev,StatefulSet/sas-redis-server,2,0.0500,0.2930,0.1000,0.5859,DEDICATED
bab-dev-observe,Deployment/tempo-dev-tempo-compactor,1,0.0900,0.1530,0.0900,0.1530,SHARED
bab-dev-cp4i,StatefulSet/apic-dev-mgmt-s3proxy,1,0.0800,0.0469,0.0800,0.0469,SHARED
bab-dev-cp4i,Deployment/ibm-apiconnect,1,0.0750,0.1250,0.0750,0.1250,SHARED
babamldev,Deployment/sas-connect-spawner,1,0.0750,0.1250,0.0750,0.1250,SHARED
bab-dev-observe,Deployment/tempo-dev-tempo-query-frontend,1,0.0720,0.0540,0.0720,0.0540,SHARED
bab-dev-cp4i,Deployment/apic-dev-mgmt-ui,1,0.0700,0.1250,0.0700,0.1250,SHARED
openshift-machine-api,Deployment/machine-api-controllers,1,0.0700,0.1367,0.0700,0.1367,SHARED
bab-dev-observe,Deployment/tempo-dev-tempo-querier,1,0.0540,0.1260,0.0540,0.1260,SHARED
bab-dev-cp4i,Deployment/apic-dev-a7s-director,1,0.0500,0.1250,0.0500,0.1250,SHARED
bab-dev-dgpdpl-bigid-01,Deployment/bigid-collaboration,1,0.0500,0.2500,0.0500,0.2500,SHARED
babamldev,Deployment/sas-aml-core,1,0.0500,0.6500,0.0500,0.6500,SHARED
babamldev,Deployment/sas-analytics-gateway,1,0.0500,1.0000,0.0500,1.0000,SHARED
babamldev,Deployment/sas-arke,1,0.0500,0.0488,0.0500,0.0488,SHARED
babamldev,Deployment/sas-authorization,1,0.0500,1.0000,0.0500,1.0000,SHARED
babamldev,Deployment/sas-cas-control,1,0.0500,0.0488,0.0500,0.0488,SHARED
babamldev,Deployment/sas-cas-operator,1,0.0500,0.0488,0.0500,0.0488,SHARED
babamldev,Deployment/sas-code-debugger,1,0.0500,0.0488,0.0500,0.0488,SHARED
babamldev,Deployment/sas-code-debugger-app,1,0.0500,0.0488,0.0500,0.0488,SHARED
babamldev,Deployment/sas-credentials,1,0.0500,0.6500,0.0500,0.6500,SHARED
babamldev,Deployment/sas-data-agent-services,1,0.0500,0.0488,0.0500,0.0488,SHARED
babamldev,Deployment/sas-data-explorer-app,1,0.0500,0.6500,0.0500,0.6500,SHARED
babamldev,Deployment/sas-data-mining-risk-models,1,0.0500,0.0488,0.0500,0.0488,SHARED
babamldev,Deployment/sas-data-plans,1,0.0500,0.6500,0.0500,0.6500,SHARED
babamldev,Deployment/sas-data-server-operator,1,0.0500,0.0488,0.0500,0.0488,SHARED
babamldev,Deployment/sas-data-studio-app,1,0.0500,0.0488,0.0500,0.0488,SHARED
babamldev,Deployment/sas-decision-manager-app,1,0.0500,0.0488,0.0500,0.0488,SHARED
babamldev,Deployment/sas-decisions,1,0.0500,0.7500,0.0500,0.7500,SHARED
babamldev,Deployment/sas-decisions-framework,1,0.0500,0.7500,0.0500,0.7500,SHARED
babamldev,Deployment/sas-decisions-runtime-builder,1,0.0500,0.0488,0.0500,0.0488,SHARED
babamldev,Deployment/sas-document-generator-adapter,1,0.0500,0.6500,0.0500,0.6500,SHARED
babamldev,Deployment/sas-drive-app,1,0.0500,0.0488,0.0500,0.0488,SHARED
babamldev,Deployment/sas-environment-manager-app,1,0.0500,0.0488,0.0500,0.0488,SHARED
babamldev,Deployment/sas-files,1,0.0500,0.6500,0.0500,0.6500,SHARED
babamldev,Deployment/sas-graph-builder-app,1,0.0500,0.0488,0.0500,0.0488,SHARED
babamldev,Deployment/sas-identities,1,0.0500,0.6500,0.0500,0.6500,SHARED
babamldev,Deployment/sas-import-9,1,0.0500,1.0000,0.0500,1.0000,SHARED
babamldev,Deployment/sas-information-catalog-app,1,0.0500,0.0488,0.0500,0.0488,SHARED
babamldev,Deployment/sas-job-execution,1,0.0500,0.6500,0.0500,0.6500,SHARED
babamldev,Deployment/sas-job-execution-app,1,0.0500,0.0488,0.0500,0.0488,SHARED
babamldev,Deployment/sas-landing-app,1,0.0500,0.0488,0.0500,0.0488,SHARED
babamldev,Deployment/sas-launcher,1,0.0500,1.0000,0.0500,1.0000,SHARED
babamldev,Deployment/sas-lineage-app,1,0.0500,0.0488,0.0500,0.0488,SHARED
babamldev,Deployment/sas-mobile-investigator-app,1,0.0500,0.6500,0.0500,0.6500,SHARED
babamldev,Deployment/sas-model-manager-app,1,0.0500,0.0488,0.0500,0.0488,SHARED
babamldev,Deployment/sas-model-studio-app,1,0.0500,0.0488,0.0500,0.0488,SHARED
babamldev,Deployment/sas-natural-language-generation,1,0.0500,0.6500,0.0500,0.6500,SHARED
babamldev,Deployment/sas-office-addin-app,1,0.0500,0.0488,0.0500,0.0488,SHARED
babamldev,Deployment/sas-opendistro-operator,1,0.0500,0.0488,0.0500,0.0488,SHARED
babamldev,Deployment/sas-prepull,1,0.0500,0.0488,0.0500,0.0488,SHARED
babamldev,Deployment/sas-readiness,1,0.0500,0.0488,0.0500,0.0488,SHARED
babamldev,Deployment/sas-redis-operator,1,0.0500,0.0488,0.0500,0.0488,SHARED
babamldev,Deployment/sas-report-execution,1,0.0500,2.0000,0.0500,2.0000,SHARED
babamldev,Deployment/sas-report-services-group,1,0.0500,2.0000,0.0500,2.0000,SHARED
babamldev,Deployment/sas-scheduler,1,0.0500,0.6500,0.0500,0.6500,SHARED
babamldev,Deployment/sas-studio-app,1,0.0500,0.6500,0.0500,0.6500,SHARED
babamldev,Deployment/sas-studio-development,1,0.0500,0.0488,0.0500,0.0488,SHARED
babamldev,Deployment/sas-subject-contacts,1,0.0500,0.6500,0.0500,0.6500,SHARED
babamldev,Deployment/sas-svi-alert,1,0.0500,0.6500,0.0500,0.6500,SHARED
babamldev,Deployment/sas-svi-data-export,1,0.0500,0.6500,0.0500,0.6500,SHARED
babamldev,Deployment/sas-svi-datahub,1,0.0500,0.6348,0.0500,0.6348,SHARED
babamldev,Deployment/sas-svi-feature,1,0.0500,0.6348,0.0500,0.6348,SHARED
babamldev,Deployment/sas-svi-indexer,1,0.0500,0.6348,0.0500,0.6348,SHARED
babamldev,Deployment/sas-svi-sand,1,0.0500,0.6348,0.0500,0.6348,SHARED
babamldev,Deployment/sas-svi-scorecard,1,0.0500,0.6500,0.0500,0.6500,SHARED
babamldev,Deployment/sas-svi-transport,1,0.0500,0.6348,0.0500,0.6348,SHARED
babamldev,Deployment/sas-svi-vsd-service,1,0.0500,0.6500,0.0500,0.6500,SHARED
babamldev,Deployment/sas-text-analytics-data,1,0.0500,0.0488,0.0500,0.0488,SHARED
babamldev,Deployment/sas-theme-designer-app,1,0.0500,0.0488,0.0500,0.0488,SHARED
babamldev,Deployment/sas-transfer,1,0.0500,0.6500,0.0500,0.6500,SHARED
babamldev,Deployment/sas-transformations,1,0.0500,0.6500,0.0500,0.6500,SHARED
babamldev,Deployment/sas-treatment-definitions,1,0.0500,0.6500,0.0500,0.6500,SHARED
babamldev,Deployment/sas-visual-investigator-app,1,0.0500,0.6500,0.0500,0.6500,SHARED
babamldev,Deployment/sas-workflow-engine,1,0.0500,0.6500,0.0500,0.6500,SHARED
babamldev,Deployment/sas-workflow-history,1,0.0500,0.6500,0.0500,0.6500,SHARED
babamldev,Deployment/sas-workflow-manager-app,1,0.0500,0.0488,0.0500,0.0488,SHARED
open-cluster-management-agent,Deployment/klusterlet,1,0.0500,0.0625,0.0500,0.0625,SHARED
openshift-cluster-csi-drivers,Deployment/csi-nfs-controller,1,0.0500,0.0977,0.0500,0.0977,SHARED
babamldev,StatefulSet/sas-data-agent-server-colocated,1,0.0500,0.6348,0.0500,0.6348,DEDICATED
bab-dev-cp4i,Deployment/apic-dev-mgmt-analytics-proxy,1,0.0400,0.1250,0.0400,0.1250,SHARED
bab-dev-rpa-apps-01,Deployment/pushgateway-prometheus-pushgateway,1,0.0400,0.0586,0.0400,0.0586,SHARED
openshift-machine-config-operator,Deployment/machine-config-controller,1,0.0400,0.0977,0.0400,0.0977,SHARED
openshift-machine-config-operator,Deployment/machine-config-operator,1,0.0400,0.0977,0.0400,0.0977,SHARED
openshift-multus,Deployment/multus-admission-controller,2,0.0200,0.0684,0.0400,0.1367,SHARED
openshift-ovn-kubernetes,Deployment/ovnkube-control-plane,2,0.0200,0.3125,0.0400,0.6250,SHARED
bab-dev-cp4i,StatefulSet/apic-dev-mgmt-natscluster,1,0.0400,0.0156,0.0400,0.0156,SHARED
bab-dev-observe,Deployment/tempo-dev-tempo-gateway,1,0.0360,0.0450,0.0360,0.0450,SHARED
bab-dev-cp4i,Deployment/apic-dev-mgmt-juhu,1,0.0300,0.1875,0.0300,0.1875,SHARED
openshift-authentication,Deployment/oauth-openshift,3,0.0100,0.0488,0.0300,0.1465,SHARED
openshift-machine-api,Deployment/cluster-autoscaler-operator,1,0.0300,0.0684,0.0300,0.0684,SHARED
openshift-monitoring,Deployment/thanos-querier,2,0.0150,0.0898,0.0300,0.1797,SHARED
bab-dev-cp4i,Deployment/apic-dev-mgmt-analytics-ui,1,0.0200,0.0625,0.0200,0.0625,SHARED
bab-dev-cp4i,Deployment/apic-dev-mgmt-client-downloads-server,1,0.0200,0.0078,0.0200,0.0078,SHARED
bab-dev-cp4i,Deployment/apic-dev-mgmt-consumer-catalog,1,0.0200,0.0625,0.0200,0.0625,SHARED
bab-dev-cp4i,Deployment/apic-dev-mgmt-ldap,1,0.0200,0.0625,0.0200,0.0625,SHARED
bab-dev-cp4i,Deployment/apic-dev-mgmt-lur,1,0.0200,0.1250,0.0200,0.1250,SHARED
bab-dev-cp4i,Deployment/apic-dev-mgmt-websocket-proxy,1,0.0200,0.1250,0.0200,0.1250,SHARED
bab-dev-rpa-apps-01,Deployment/du-extended-ocr,2,0.0100,0.0625,0.0200,0.1250,SHARED
istio-dev,Deployment/grafana,1,0.0200,0.2500,0.0200,0.2500,SHARED
openshift-authentication-operator,Deployment/authentication-operator,1,0.0200,0.1953,0.0200,0.1953,SHARED
openshift-cloud-controller-manager-operator,Deployment/cluster-cloud-controller-manager-operator,1,0.0200,0.0732,0.0200,0.0732,SHARED
openshift-cloud-credential-operator,Deployment/cloud-credential-operator,1,0.0200,0.0391,0.0200,0.0391,SHARED
openshift-cluster-machine-approver,Deployment/machine-approver,1,0.0200,0.0684,0.0200,0.0684,SHARED
openshift-cluster-samples-operator,Deployment/cluster-samples-operator,1,0.0200,0.0977,0.0200,0.0977,SHARED
openshift-cluster-storage-operator,Deployment/csi-snapshot-controller,2,0.0100,0.0488,0.0200,0.0977,SHARED
openshift-cluster-storage-operator,Deployment/csi-snapshot-webhook,2,0.0100,0.0195,0.0200,0.0391,SHARED
openshift-cluster-version,Deployment/cluster-version-operator,1,0.0200,0.0488,0.0200,0.0488,SHARED
openshift-console-operator,Deployment/console-operator,1,0.0200,0.1953,0.0200,0.1953,SHARED
openshift-console,Deployment/console,2,0.0100,0.0977,0.0200,0.1953,SHARED
openshift-console,Deployment/downloads,2,0.0100,0.0488,0.0200,0.0977,SHARED
openshift-dns-operator,Deployment/dns-operator,1,0.0200,0.0674,0.0200,0.0674,SHARED
openshift-ingress-operator,Deployment/ingress-operator,1,0.0200,0.0938,0.0200,0.0938,SHARED
openshift-machine-api,Deployment/machine-api-operator,1,0.0200,0.0684,0.0200,0.0684,SHARED
openshift-managed-upgrade-operator,Deployment/managed-upgrade-operator,1,0.0200,0.0977,0.0200,0.0977,SHARED
openshift-monitoring,Deployment/monitoring-plugin,2,0.0100,0.0488,0.0200,0.0977,SHARED
openshift-operator-lifecycle-manager,Deployment/packageserver,2,0.0100,0.0488,0.0200,0.0977,SHARED
bab-dev-cp4i,StatefulSet/apic-dev-ptl-nginx,1,0.0200,0.5000,0.0200,0.5000,SHARED
openshift-monitoring,StatefulSet/alertmanager-main,2,0.0090,0.1172,0.0180,0.2344,SHARED
bab-dev-cp4i,Deployment/cert-manager-operator-controller-manager,1,0.0100,0.0312,0.0100,0.0312,SHARED
bab-dev-rpa-apps-01,Deployment/reloader-reloader,1,0.0100,0.0977,0.0100,0.0977,SHARED
cert-manager-operator,Deployment/cert-manager-operator-controller-manager,1,0.0100,0.0312,0.0100,0.0312,SHARED
default,Deployment/reloader-reloader,1,0.0100,0.5000,0.0100,0.5000,SHARED
istio-dev,Deployment/istio-egressgateway,1,0.0100,0.1250,0.0100,0.1250,SHARED
istio-dev,Deployment/istio-ingressgateway,1,0.0100,0.1250,0.0100,0.1250,SHARED
istio-dev,Deployment/istiod-basic,1,0.0100,0.1250,0.0100,0.1250,SHARED
openshift-apiserver-operator,Deployment/openshift-apiserver-operator,1,0.0100,0.0488,0.0100,0.0488,SHARED
openshift-cloud-network-config-controller,Deployment/cloud-network-config-controller,1,0.0100,0.0488,0.0100,0.0488,SHARED
openshift-cluster-csi-drivers,Deployment/azure-disk-csi-driver-operator,1,0.0100,0.0488,0.0100,0.0488,SHARED
openshift-cluster-csi-drivers,Deployment/azure-file-csi-driver-operator,1,0.0100,0.0488,0.0100,0.0488,SHARED
openshift-cluster-node-tuning-operator,Deployment/cluster-node-tuning-operator,1,0.0100,0.0195,0.0100,0.0195,SHARED
openshift-cluster-storage-operator,Deployment/cluster-storage-operator,1,0.0100,0.0195,0.0100,0.0195,SHARED
openshift-cluster-storage-operator,Deployment/csi-snapshot-controller-operator,1,0.0100,0.0635,0.0100,0.0635,SHARED
openshift-config-operator,Deployment/openshift-config-operator,1,0.0100,0.0488,0.0100,0.0488,SHARED
openshift-controller-manager-operator,Deployment/openshift-controller-manager-operator,1,0.0100,0.0488,0.0100,0.0488,SHARED
openshift-etcd-operator,Deployment/etcd-operator,1,0.0100,0.0488,0.0100,0.0488,SHARED
openshift-image-registry,Deployment/cluster-image-registry-operator,1,0.0100,0.0488,0.0100,0.0488,SHARED
openshift-insights,Deployment/insights-operator,1,0.0100,0.0293,0.0100,0.0293,SHARED
openshift-kube-apiserver-operator,Deployment/kube-apiserver-operator,1,0.0100,0.0488,0.0100,0.0488,SHARED
openshift-kube-controller-manager-operator,Deployment/kube-controller-manager-operator,1,0.0100,0.0488,0.0100,0.0488,SHARED
openshift-kube-scheduler-operator,Deployment/openshift-kube-scheduler-operator,1,0.0100,0.0488,0.0100,0.0488,SHARED
openshift-kube-storage-version-migrator-operator,Deployment/kube-storage-version-migrator-operator,1,0.0100,0.0488,0.0100,0.0488,SHARED
openshift-kube-storage-version-migrator,Deployment/migrator,1,0.0100,0.1953,0.0100,0.1953,SHARED
openshift-machine-api,Deployment/control-plane-machine-set-operator,1,0.0100,0.0488,0.0100,0.0488,SHARED
openshift-monitoring,Deployment/cluster-monitoring-operator,1,0.0100,0.0732,0.0100,0.0732,SHARED
openshift-monitoring,Deployment/prometheus-operator-admission-webhook,2,0.0050,0.0293,0.0100,0.0586,SHARED
openshift-mta,Deployment/mta-operator,1,0.0100,0.2500,0.0100,0.2500,SHARED
openshift-network-diagnostics,Deployment/network-check-source,1,0.0100,0.0391,0.0100,0.0391,SHARED
openshift-network-operator,Deployment/network-operator,1,0.0100,0.0488,0.0100,0.0488,SHARED
openshift-operator-lifecycle-manager,Deployment/catalog-operator,1,0.0100,0.0781,0.0100,0.0781,SHARED
openshift-operator-lifecycle-manager,Deployment/olm-operator,1,0.0100,0.1562,0.0100,0.1562,SHARED
openshift-operator-lifecycle-manager,Deployment/package-server-manager,1,0.0100,0.0488,0.0100,0.0488,SHARED
openshift-service-ca-operator,Deployment/service-ca-operator,1,0.0100,0.0781,0.0100,0.0781,SHARED
openshift-service-ca,Deployment/service-ca,1,0.0100,0.1172,0.0100,0.1172,SHARED
bab-dev-cp4i,Deployment/apic-dev-mgmt-portal-proxy,1,0.0080,0.1250,0.0080,0.1250,SHARED
openshift-user-workload-monitoring,StatefulSet/thanos-ruler-user-workload,2,0.0040,0.0566,0.0080,0.1133,SHARED
open-cluster-management-agent,Deployment/klusterlet-agent,3,0.0020,0.0156,0.0060,0.0469,SHARED
openshift-monitoring,Deployment/prometheus-operator,1,0.0060,0.1611,0.0060,0.1611,SHARED
openshift-cluster-observability-operator,Deployment/obo-prometheus-operator,1,0.0050,0.1465,0.0050,0.1465,SHARED
openshift-cluster-observability-operator,Deployment/observability-operator,1,0.0050,0.0488,0.0050,0.0488,SHARED
openshift-monitoring,Deployment/kube-state-metrics,1,0.0040,0.1074,0.0040,0.1074,SHARED
openshift-monitoring,Deployment/openshift-state-metrics,1,0.0030,0.0703,0.0030,0.0703,SHARED
openshift-monitoring,Deployment/prometheus-adapter,2,0.0010,0.0391,0.0020,0.0781,SHARED
openshift-user-workload-monitoring,Deployment/prometheus-operator,1,0.0020,0.0264,0.0020,0.0264,SHARED
openshift-gitops-operator,Deployment/openshift-gitops-operator-controller-manager,1,0.0010,0.0146,0.0010,0.0146,SHARED
openshift-marketplace,Deployment/marketplace-operator,1,0.0010,0.0049,0.0010,0.0049,SHARED
bab-azure-devops-agents,Deployment/azure-devops-agent-baas,2,0.0000,0.0000,0.0000,0.0000,SHARED
bab-azure-devops-agents,Deployment/azure-devops-agent-bib,1,0.0000,0.0000,0.0000,0.0000,SHARED
bab-azure-devops-agents,Deployment/azure-devops-agent-bib-liquibase,1,0.0000,0.0000,0.0000,0.0000,SHARED
bab-azure-devops-agents,Deployment/azure-devops-agent-dev-sql,1,0.0000,0.0000,0.0000,0.0000,SHARED
bab-azure-devops-agents,Deployment/azure-devops-agent-esignature-image,0,0.0000,0.0000,0.0000,0.0000,SHARED
bab-azure-devops-agents,Deployment/azure-devops-agent-ibm,2,0.0000,0.0000,0.0000,0.0000,SHARED
bab-azure-devops-agents,Deployment/azure-devops-agent-java-microservices,1,0.0000,0.0000,0.0000,0.0000,SHARED
bab-azure-devops-agents,Deployment/azure-devops-agent-sit-sql,0,0.0000,0.0000,0.0000,0.0000,SHARED
bab-azure-devops-agents,Deployment/azure-devops-agent-tosca,2,0.0000,0.0000,0.0000,0.0000,SHARED
bab-azure-devops-agents,Deployment/azure-devops-agent-tosca-pwsh,1,0.0000,0.0000,0.0000,0.0000,SHARED
bab-azure-devops-agents,Deployment/azure-devops-agent-trivy,0,0.0000,0.0000,0.0000,0.0000,SHARED
bab-azure-devops-agents,Deployment/azure-devops-agents,0,0.0000,0.0000,0.0000,0.0000,SHARED
bab-azure-devops-agents,Deployment/azure-devops-agents-bigid,0,0.0000,0.0000,0.0000,0.0000,SHARED
bab-azure-devops-agents,Deployment/azure-devops-agents-checkmarx,0,0.0000,0.0000,0.0000,0.0000,SHARED
bab-azure-devops-agents,Deployment/azure-devops-agents-jdk-21,0,0.0000,0.0000,0.0000,0.0000,SHARED
bab-azure-devops-agents,Deployment/azure-devops-agents-nonprod-enjaz-website,1,0.0000,0.0000,0.0000,0.0000,SHARED
bab-azure-devops-agents,Deployment/azure-devops-agents-srvnow,1,0.0000,0.0000,0.0000,0.0000,SHARED
bab-azure-devops-agents,Deployment/azure-devops-agents-trivy,1,0.0000,0.0000,0.0000,0.0000,SHARED
bab-azure-devops-agents,Deployment/azure-devops-cortex,0,0.0000,0.0000,0.0000,0.0000,SHARED
bab-azure-devops-agents,Deployment/network-analyser,0,0.0000,0.0000,0.0000,0.0000,SHARED
bab-azure-devops-agents,Deployment/nginx,0,0.0000,0.0000,0.0000,0.0000,SHARED
bab-dev-cp4i,Deployment/get-moi-service-fee-is,0,0.3000,0.3594,0.0000,0.0000,SHARED
bab-dev-cp4i,Deployment/get-yakeen-info-is,0,0.3000,0.3594,0.0000,0.0000,SHARED
bab-dev-cp4i,Deployment/logger-is,0,0.3000,0.3594,0.0000,0.0000,SHARED
bab-dev-dgpdpl-bigid-01,Deployment/ucapi,1,0.0000,0.0000,0.0000,0.0000,SHARED
bab-dev-dgpdpl-bigid-01,Deployment/ucapi-nginx-reverse-proxy,1,0.0000,0.0000,0.0000,0.0000,SHARED
bab-dev-dgpdpl-bigid-privacy-01,Deployment/pp-postgresql-camunda-pgpool,2,0.0000,0.0000,0.0000,0.0000,SHARED
bab-dev-dgpdpl-bigid-privacy-01,Deployment/pp-postgresql-user-manager-pgpool,2,0.0000,0.0000,0.0000,0.0000,SHARED
bab-dev-newbib,Deployment/accountservices,1,0.0000,0.0000,0.0000,0.0000,SHARED
bab-dev-newbib,Deployment/arxidam,1,0.0000,0.0000,0.0000,0.0000,SHARED
bab-dev-newbib,Deployment/arxsso,1,0.0000,0.0000,0.0000,0.0000,SHARED
bab-dev-newbib,Deployment/arxwebapp,1,0.0000,0.0000,0.0000,0.0000,SHARED
bab-dev-newbib,Deployment/baseimage,1,0.0000,0.0000,0.0000,0.0000,SHARED
bab-dev-newbib,Deployment/cbxflash,1,0.0000,0.0000,0.0000,0.0000,SHARED
bab-dev-newbib,Deployment/cpadminservicescbx,1,0.0000,0.0000,0.0000,0.0000,SHARED
bab-dev-newbib,Deployment/dtbwebappcbx,1,0.0000,0.0000,0.0000,0.0000,SHARED
bab-dev-newbib,Deployment/entlwebcbx,1,0.0000,0.0000,0.0000,0.0000,SHARED
bab-dev-newbib,Deployment/ofapplication,1,0.0000,0.0000,0.0000,0.0000,SHARED
bab-dev-newbib,Deployment/paymentsalertservice,1,0.0000,0.0000,0.0000,0.0000,SHARED
bab-dev-newbib,Deployment/paymentschargesservice,1,0.0000,0.0000,0.0000,0.0000,SHARED
bab-dev-newbib,Deployment/paymentservice,1,0.0000,0.0000,0.0000,0.0000,SHARED
bab-dev-newbib,Deployment/paymentservicescbx,1,0.0000,0.0000,0.0000,0.0000,SHARED
bab-dev-newbib,Deployment/paymentsinquiryservice,1,0.0000,0.0000,0.0000,0.0000,SHARED
bab-dev-newbib,Deployment/paymentsonboardingservice,1,0.0000,0.0000,0.0000,0.0000,SHARED
bab-dev-newbib,Deployment/pncweb,1,0.0000,0.0000,0.0000,0.0000,SHARED
bab-dev-newbib,Deployment/producttourcbx,1,0.0000,0.0000,0.0000,0.0000,SHARED
bab-dev-newbib,Deployment/statementservicescbx,1,0.0000,0.0000,0.0000,0.0000,SHARED
bab-dev-newbib,Deployment/xxarxidamxx,1,0.0000,0.0000,0.0000,0.0000,SHARED
bab-dev-observe,Deployment/dev-baas-collector,1,0.0000,0.0000,0.0000,0.0000,SHARED
bab-dev-rpa-apps-01,Deployment/demo-app,1,0.0000,0.0000,0.0000,0.0000,SHARED
bab-dev-rpa-apps-01,Deployment/du-extended-ocr-proxy,2,0.0000,0.0000,0.0000,0.0000,SHARED
bab-dev-web-baas,Deployment/active-directory-service,1,0.0000,0.0000,0.0000,0.0000,SHARED
bab-dev-web-baas,Deployment/baas-mongodb,1,0.0000,0.0000,0.0000,0.0000,SHARED
bab-dev-web-baas,Deployment/net-utils1,1,0.0000,0.0000,0.0000,0.0000,SHARED
bab-dev-web-baas,Deployment/otel-collector,1,0.0000,0.0000,0.0000,0.0000,SHARED
bab-ms-dev,Deployment/sme-loan-api-bld,0,0.0000,0.0000,0.0000,0.0000,SHARED
babamldev,Deployment/sas-migration-manager,0,0.1000,0.0879,0.0000,0.0000,SHARED
cert-manager,Deployment/cert-manager,1,0.0000,0.0000,0.0000,0.0000,SHARED
cert-manager,Deployment/cert-manager-cainjector,1,0.0000,0.0000,0.0000,0.0000,SHARED
cert-manager,Deployment/cert-manager-webhook,1,0.0000,0.0000,0.0000,0.0000,SHARED
ibm-common-services,Deployment/ibm-common-service-webhook,0,0.2000,0.2500,0.0000,0.0000,SHARED
kube-system,Deployment/sealed-secrets-controller,1,0.0000,0.0000,0.0000,0.0000,SHARED
mhm-dev,Deployment/cont-mhm-hello,3,0.0000,0.0000,0.0000,0.0000,SHARED
open-cluster-management-agent-addon,Deployment/application-manager,1,0.0000,0.2500,0.0000,0.2500,SHARED
open-cluster-management-agent-addon,Deployment/cert-policy-controller,1,0.0000,0.1465,0.0000,0.1465,SHARED
open-cluster-management-agent-addon,Deployment/cluster-proxy-proxy-agent,1,0.0000,0.0000,0.0000,0.0000,SHARED
open-cluster-management-agent-addon,Deployment/config-policy-controller,1,0.0000,0.1250,0.0000,0.1250,SHARED
open-cluster-management-agent-addon,Deployment/governance-policy-framework,1,0.0000,0.0625,0.0000,0.0625,SHARED
open-cluster-management-agent-addon,Deployment/klusterlet-addon-search,1,0.0000,0.1250,0.0000,0.1250,SHARED
open-cluster-management-agent-addon,Deployment/klusterlet-addon-workmgr,1,0.0000,0.1250,0.0000,0.1250,SHARED
open-cluster-management-agent-addon,Deployment/managed-serviceaccount-addon-agent,1,0.0000,0.0000,0.0000,0.0000,SHARED
openshift-azure-operator,Deployment/aro-operator-master,1,0.0000,0.0000,0.0000,0.0000,SHARED
openshift-azure-operator,Deployment/aro-operator-worker,1,0.0000,0.0000,0.0000,0.0000,SHARED
openshift-cluster-observability-operator,Deployment/distributed-tracing,1,0.0000,0.0000,0.0000,0.0000,SHARED
openshift-cluster-observability-operator,Deployment/logging,1,0.0000,0.0000,0.0000,0.0000,SHARED
openshift-logging,Deployment/cluster-logging-operator,1,0.0000,0.0000,0.0000,0.0000,SHARED
openshift-mta,Deployment/rhsso-operator,1,0.0000,0.0000,0.0000,0.0000,SHARED
openshift-operators-redhat,Deployment/loki-operator-controller-manager,1,0.0000,0.0000,0.0000,0.0000,SHARED
openshift-operators,Deployment/amq-broker-controller-manager,1,0.0000,0.0000,0.0000,0.0000,SHARED
openshift-operators,Deployment/istio-operator,1,0.0000,0.0000,0.0000,0.0000,SHARED
projectsha,Deployment/web-app,2,0.0000,0.0000,0.0000,0.0000,SHARED
q-test,Deployment/bab-startup-service,1,0.0000,0.0000,0.0000,0.0000,SHARED
bab-azure-devops-agents,StatefulSet/sonar-postgresql,0,0.1000,0.1953,0.0000,0.0000,SHARED
bab-azure-devops-agents,StatefulSet/sonar-sonarqube,0,0.4000,2.0480,0.0000,0.0000,SHARED
bab-dev-dgpdpl-bigid-01,StatefulSet/bigid-mongodb,1,0.0000,0.0000,0.0000,0.0000,SHARED
bab-dev-dgpdpl-bigid-privacy-01,StatefulSet/pp-postgresql-camunda-postgresql,1,0.0000,0.0000,0.0000,0.0000,SHARED
bab-dev-dgpdpl-bigid-privacy-01,StatefulSet/pp-postgresql-user-manager-postgresql,1,0.0000,0.0000,0.0000,0.0000,SHARED
bab-dev-dgpdpl-bigid-privacy-01,StatefulSet/pp-rabbitmq,3,0.0000,0.0000,0.0000,0.0000,SHARED
babamldev,StatefulSet/sas-workload-orchestrator,0,1.0000,4.0000,0.0000,0.0000,SHARED
