Namespace,Pod,CPU_Usage,Memory_Usage
bab-azure-devops-agents,ado-agent-cortex-dev-n5r29-7mzn5,0m,129Mi
bab-azure-devops-agents,azure-devops-agent-baas-5dfd688444-bg5lq,0m,1298Mi
bab-azure-devops-agents,azure-devops-agent-baas-5dfd688444-k4c4f,0m,2628Mi
bab-azure-devops-agents,azure-devops-agent-bib-77cc75bfc6-hskl8,0m,94Mi
bab-azure-devops-agents,azure-devops-agent-bib-liquibase-84db6f87f8-28n4x,0m,956Mi
bab-azure-devops-agents,azure-devops-agent-dev-sql-5b688d5d8d-szxvf,0m,132Mi
bab-azure-devops-agents,azure-devops-agent-ibm-55cd7bd5b7-66dfc,0m,1413Mi
bab-azure-devops-agents,azure-devops-agent-ibm-55cd7bd5b7-xwm6b,0m,795Mi
bab-azure-devops-agents,azure-devops-agent-java-microservices-78b69b7947-vlp8k,0m,615Mi
bab-azure-devops-agents,azure-devops-agent-tosca-788c948794-89c9q,0m,188Mi
bab-azure-devops-agents,azure-devops-agent-tosca-788c948794-kvcd8,0m,178Mi
bab-azure-devops-agents,azure-devops-agent-tosca-pwsh-57b6d79d4d-g4zb2,0m,237Mi
bab-azure-devops-agents,azure-devops-agents-nonprod-enjaz-website-77bbc5df7d-2p9vn,0m,2865Mi
bab-azure-devops-agents,azure-devops-agents-srvnow-78cd847bb8-4292h,0m,125Mi
bab-azure-devops-agents,azure-devops-agents-trivy-5d9d6877d4-d9rjl,0m,176Mi
bab-dev-baasplatform-apps-01,baas-sdk-manager-api-runtime-79dd6f55fd-2mjsh,0m,860Mi
bab-dev-baasplatform-apps-01,baas-turmeric-b2b-runtime-8646d9fdff-mhvjj,2m,921Mi
bab-dev-baasplatform-apps-01,baas-turmeric-ob-runtime-7dccd5ddf-q5jzh,2m,788Mi
bab-dev-baasplatform-apps-01,baas-turmeric-opb-runtime-5fb685d4f-p2rt6,1m,828Mi
bab-dev-baasplatform-apps-01,igcb-arx22-al-5746c8ddc-chj6w,0m,378Mi
bab-dev-baasplatform-apps-01,igcb-arx22-launcher-678c574c4-gjv9r,0m,233Mi
bab-dev-baasplatform-apps-01,igcb-arx22-sso-6f75958d9b-w6hj9,0m,318Mi
bab-dev-baasplatform-apps-01,igcb-arx22-web-6c6b6bd55c-2jrcj,2m,744Mi
bab-dev-baasplatform-apps-01,igcb-itur-api-analytics-7f8bb5d967-xbtx9,3m,762Mi
bab-dev-baasplatform-apps-01,igcb-itur-api-billing-7f678c7b7c-8nbjz,2m,796Mi
bab-dev-baasplatform-apps-01,igcb-itur-api-mpp-5bc9b96487-n5rzn,1m,919Mi
bab-dev-baasplatform-apps-01,igcb-itur-api-pulse-65f7b9c797-fd5fw,2m,1009Mi
bab-dev-baasplatform-apps-01,igcb-itur-api-sb-analytics-f9944bcdf-4pk29,8m,855Mi
bab-dev-baasplatform-apps-01,igcb-itur-api-sb-billing-648d467497-jfdm6,3m,1065Mi
bab-dev-baasplatform-apps-01,igcb-itur-api-studio-5b5dc69bf-mc7ff,0m,281Mi
bab-dev-baasplatform-apps-01,igcb-itur-runtime-54d658cc-hrv8d,1m,697Mi
bab-dev-baasplatform-apps-01,igcb-itur-ui-mpp-648cf775cc-nr47v,0m,81Mi
bab-dev-baasplatform-apps-01,igcb-itur-ui-pulse-95b9b7f98-bmgqt,0m,92Mi
bab-dev-baasplatform-apps-01,igcb-itur-ui-sdk-ui-69d7cc585b-d7jjr,0m,12Mi
bab-dev-baasplatform-apps-01,igcb-itur-ui-sdk-ui-manager-748975bbf6-kqjpl,0m,12Mi
bab-dev-baasplatform-apps-01,igcb-itur-ui-studio-5bb85c6479-4c9kv,0m,225Mi
bab-dev-baasplatform-apps-01,igcb-sdk-runtime-7fc6bf5464-72nmj,61m,1438Mi
bab-dev-baasplatform-apps-01,igcb-sdk-runtime-api-sb-778898bb87-drjxh,0m,857Mi
bab-dev-baasplatform-apps-01,igcb-sdk-runtime-onsite-prod-8544f6dfc-n4mz8,1m,812Mi
bab-dev-baasplatform-apps-01,igcb-sdk-runtime-sb-65c8987895-ghszq,2m,862Mi
bab-dev-cp4i,apic-dev-a7s-director-55fd4f8f78-j6x8r,7m,83Mi
bab-dev-cp4i,apic-dev-a7s-ingestion-0,12m,3508Mi
bab-dev-cp4i,apic-dev-a7s-mtls-gw-65f7b8ddf7-qbz6r,0m,8Mi
bab-dev-cp4i,apic-dev-a7s-storage-0,7m,6075Mi
bab-dev-cp4i,apic-dev-gw-0,99m,1822Mi
bab-dev-cp4i,apic-dev-mgmt-analytics-proxy-7c88954b6c-jmsz6,6m,80Mi
bab-dev-cp4i,apic-dev-mgmt-analytics-push-29769675-nbfsb,0m,107Mi
bab-dev-cp4i,apic-dev-mgmt-analytics-ui-54786d94d-h57mh,0m,3Mi
bab-dev-cp4i,apic-dev-mgmt-apim-ff9b7f957-fpmzs,10m,103Mi
bab-dev-cp4i,apic-dev-mgmt-client-downloads-server-574994c7fd-2x6vm,0m,11Mi
bab-dev-cp4i,apic-dev-mgmt-consumer-catalog-5446b76557-6pnqh,0m,57Mi
bab-dev-cp4i,apic-dev-mgmt-juhu-77c886756c-lp9fh,0m,117Mi
bab-dev-cp4i,apic-dev-mgmt-ldap-5c5d9d8c7d-4dds9,7m,76Mi
bab-dev-cp4i,apic-dev-mgmt-natscluster-0,0m,12Mi
bab-dev-cp4i,apic-dev-mgmt-portal-proxy-674bc94cf9-6fws8,8m,71Mi
bab-dev-cp4i,apic-dev-mgmt-s3proxy-0,0m,27Mi
bab-dev-cp4i,apic-dev-mgmt-taskmanager-6cfc6c56d8-lclrv,1m,102Mi
bab-dev-cp4i,apic-dev-mgmt-ui-79b4dddfcf-cjtr9,0m,48Mi
bab-dev-cp4i,apic-dev-mgmt-websocket-proxy-c6849554-5w2dz,0m,53Mi
bab-dev-cp4i,cert-manager-operator-controller-manager-64c45db57d-cwsr2,27m,74Mi
bab-dev-cp4i,cs-keycloak-0,1m,486Mi
bab-dev-cp4i,datapower-operator-7bffcc979d-v988z,0m,21Mi
bab-dev-cp4i,datapower-operator-conversion-webhook-7579c5f54f-kl99d,0m,33Mi
bab-dev-cp4i,db-01-dev-dash-567bccbb88-g4v9k,33m,208Mi
bab-dev-cp4i,download-sadad-billers-is-5995b95f4b-p2j4d,0m,232Mi
bab-dev-cp4i,dummy-is-86b69f5c45-qzzql,1m,13Mi
bab-dev-cp4i,get-billers-list-is-64cddb98-zprf6,0m,11Mi
bab-dev-cp4i,get-charge-card-list-is-7f8777775d-cvnff,0m,15Mi
bab-dev-cp4i,get-cust-accts-list-is-77cb47f456-mw8pp,0m,15Mi
bab-dev-cp4i,ibm-apiconnect-7f5b79fd65-4qkwc,23m,185Mi
bab-dev-cp4i,ibm-appconnect-operator-6fd97d6b77-nd2hp,21m,251Mi
bab-dev-cp4i,ibm-common-service-operator-8654c486dd-sdjfp,1m,47Mi
bab-dev-cp4i,ibm-integration-platform-navigator-operator-7955dfb7d-jnvtb,5m,300Mi
bab-dev-cp4i,ibm-mq-operator-6bc6fd547d-ptl4k,2m,84Mi
bab-dev-cp4i,integration-navigator-ibm-inte-3c22-deployment-57bcbc486f-rvh5q,6m,107Mi
bab-dev-cp4i,keycloak-edb-cluster-2,26m,282Mi
bab-dev-cp4i,mq-test-is-844786764d-68q4r,0m,13Mi
bab-dev-cp4i,operand-deployment-lifecycle-manager-87c79cc85-m89k8,105m,72Mi
bab-dev-cp4i,postgresql-operator-controller-manager-1-22-8-5d6765d5d4-vtfh4,13m,144Mi
bab-dev-cp4i,rhbk-operator-549dbdd689-szpks,0m,287Mi
bab-dev-dgpdpl-bigid-01,bigid-ml-worker-84f96f8799-77s8s,0m,275Mi
bab-dev-dgpdpl-bigid-01,data-retention-ui-service-b57b4dcd-x8xx2,0m,3Mi
bab-dev-dgpdpl-bigid-01,informatica-edc-5698cd765d-8d595,0m,221Mi
bab-dev-dgpdpl-bigid-01,ucapi-855b988bf9-f4s8f,0m,61Mi
bab-dev-dgpdpl-bigid-01,ucapi-nginx-reverse-proxy-5c95d4d489-4xkwk,0m,2Mi
bab-dev-dgpdpl-bigid-privacy-01,pp-bigidme-connectors-manager-67d97fdf99-c669z,2m,555Mi
bab-dev-dgpdpl-bigid-privacy-01,pp-postgresql-user-manager-pgpool-7f869dc7d-lpczf,23m,895Mi
bab-dev-dgpdpl-bigid-privacy-01,pp-postgresql-user-manager-postgresql-0,7m,259Mi
bab-dev-dgpdpl-bigid-privacy-01,pp-rabbitmq-2,201m,281Mi
bab-dev-dgpdpl-bigid-privacy-01,pp-redis-node-0,37m,24Mi
bab-dev-k8s-secrets-store-csi,azure-csi-provider-csi-secrets-store-provider-azure-5nxw6,0m,16Mi
bab-dev-k8s-secrets-store-csi,azure-csi-provider-csi-secrets-store-provider-azure-5qmmj,0m,19Mi
bab-dev-k8s-secrets-store-csi,azure-csi-provider-csi-secrets-store-provider-azure-6f76v,0m,15Mi
bab-dev-k8s-secrets-store-csi,azure-csi-provider-csi-secrets-store-provider-azure-79ctr,0m,16Mi
bab-dev-k8s-secrets-store-csi,azure-csi-provider-csi-secrets-store-provider-azure-8d6ps,0m,18Mi
bab-dev-k8s-secrets-store-csi,azure-csi-provider-csi-secrets-store-provider-azure-959t8,0m,15Mi
bab-dev-k8s-secrets-store-csi,azure-csi-provider-csi-secrets-store-provider-azure-9dgp7,0m,16Mi
bab-dev-k8s-secrets-store-csi,azure-csi-provider-csi-secrets-store-provider-azure-9tfhd,0m,16Mi
bab-dev-k8s-secrets-store-csi,azure-csi-provider-csi-secrets-store-provider-azure-cqmzx,0m,16Mi
bab-dev-k8s-secrets-store-csi,azure-csi-provider-csi-secrets-store-provider-azure-cvltv,0m,12Mi
bab-dev-k8s-secrets-store-csi,azure-csi-provider-csi-secrets-store-provider-azure-g2zr4,0m,20Mi
bab-dev-k8s-secrets-store-csi,azure-csi-provider-csi-secrets-store-provider-azure-ndzmb,0m,16Mi
bab-dev-k8s-secrets-store-csi,azure-csi-provider-csi-secrets-store-provider-azure-sgmst,0m,16Mi
bab-dev-k8s-secrets-store-csi,azure-csi-provider-csi-secrets-store-provider-azure-tqrr5,0m,16Mi
bab-dev-k8s-secrets-store-csi,azure-csi-provider-csi-secrets-store-provider-azure-xfjgx,0m,19Mi
bab-dev-k8s-secrets-store-csi,azure-csi-provider-csi-secrets-store-provider-azure-xwt9m,0m,17Mi
bab-dev-k8s-secrets-store-csi,csi-secrets-store-secrets-store-csi-driver-5lqnc,0m,46Mi
bab-dev-k8s-secrets-store-csi,csi-secrets-store-secrets-store-csi-driver-5vldj,0m,49Mi
bab-dev-k8s-secrets-store-csi,csi-secrets-store-secrets-store-csi-driver-cbxvl,0m,47Mi
bab-dev-k8s-secrets-store-csi,csi-secrets-store-secrets-store-csi-driver-fm6pf,0m,49Mi
bab-dev-k8s-secrets-store-csi,csi-secrets-store-secrets-store-csi-driver-w8hsw,0m,49Mi
bab-dev-k8s-secrets-store-csi,csi-secrets-store-secrets-store-csi-driver-zrtkh,0m,59Mi
bab-dev-newbib,accountservices-5f4fdfdbb7-tf46q,1m,1055Mi
bab-dev-newbib,arxidam-7bb9dd4df5-gx4s7,0m,853Mi
bab-dev-newbib,arxlauncher-d4f96bf67-q62tg,0m,241Mi
bab-dev-newbib,arxsso-6c4b969f6d-4hf69,0m,814Mi
bab-dev-newbib,arxwebapp-74967c8bc9-klwqk,1m,1365Mi
bab-dev-newbib,cbxflash-66ccff47b6-d7674,0m,564Mi
bab-dev-newbib,cpadminservicescbx-784b897fb9-7cf7f,1m,1077Mi
bab-dev-newbib,dtbwebappcbx-746bf59776-xcb2x,0m,2277Mi
bab-dev-newbib,entlwebcbx-689d9c496c-tmvm6,0m,976Mi
bab-dev-newbib,ex-aao-ss-0,9m,326Mi
bab-dev-newbib,ex-aao-ss-1,9m,1040Mi
bab-dev-newbib,paymentsalertservice-69ccf89f68-7w2br,2m,1192Mi
bab-dev-newbib,paymentschargesservice-7fdc6fd4fc-t9cq5,0m,727Mi
bab-dev-newbib,paymentservice-58577bb4b5-m2r2j,1m,0Mi
bab-dev-newbib,paymentservicescbx-865dbbbb44-pmjlj,2m,1175Mi
bab-dev-newbib,paymentsinquiryservice-7bdcb5958b-bk46b,2m,1025Mi
bab-dev-newbib,paymentsonboardingservice-684c86599c-tzz2j,21m,661Mi
bab-dev-newbib,pncweb-c6b55b5bc-vxbjw,0m,703Mi
bab-dev-newbib,producttourcbx-758d6c656b-m4w85,0m,1218Mi
bab-dev-newbib,statementservicescbx-69b5bc86bc-vxc8p,1m,1035Mi
bab-dev-newbib,xxarxidamxx-778d4f9f56-lq6nd,0m,1227Mi
bab-dev-observe,dev-baas-collector-5c6ddb9468-p9fkn,0m,28Mi
bab-dev-observe,tempo-dev-tempo-compactor-6fd5dd4f86-lwvqx,1m,52Mi
bab-dev-observe,tempo-dev-tempo-distributor-b85899fbc-c2f8s,2m,46Mi
bab-dev-observe,tempo-dev-tempo-gateway-79766cdf9d-kkblr,1m,51Mi
bab-dev-observe,tempo-dev-tempo-querier-74f9774db-hdwvp,1m,57Mi
bab-dev-observe,tempo-dev-tempo-query-frontend-5598cb8f7f-fct5j,5m,69Mi
bab-dev-rpa-apps-01,9aae22bb-4b8a-431f-8685-5b90eb13e509-22-977cf4ff9-pwnvn,41m,1819Mi
bab-dev-rpa-apps-01,ai-app-deployment-7f448d88cc-8c2m7,1m,115Mi
bab-dev-rpa-apps-01,ai-app-deployment-7f448d88cc-q9b9d,1m,115Mi
bab-dev-rpa-apps-01,ai-appmanager-deployment-cf8977d94-tqf6f,1m,75Mi
bab-dev-rpa-apps-01,ai-appmanager-deployment-cf8977d94-vw4zn,1m,69Mi
bab-dev-rpa-apps-01,ai-deployer-deployment-b69d5c9d7-42884,2m,76Mi
bab-dev-rpa-apps-01,ai-deployer-deployment-b69d5c9d7-jt4zz,1m,74Mi
bab-dev-rpa-apps-01,ai-helper-deployment-84d899c857-fpvnr,1m,72Mi
bab-dev-rpa-apps-01,ai-helper-deployment-84d899c857-zzskt,1m,67Mi
bab-dev-rpa-apps-01,ai-pkgmanager-deployment-6ff68b4f7b-8csxc,1m,71Mi
bab-dev-rpa-apps-01,ai-pkgmanager-deployment-6ff68b4f7b-b4sdx,1m,75Mi
bab-dev-rpa-apps-01,ai-trainer-deployment-68b76c8744-84cs5,1m,79Mi
bab-dev-rpa-apps-01,ai-trainer-deployment-68b76c8744-tslpm,1m,72Mi
bab-dev-rpa-apps-01,aievents-deploy-647b446899-fzlvj,7m,320Mi
bab-dev-rpa-apps-01,aievents-deploy-647b446899-hj9ql,9m,267Mi
bab-dev-rpa-apps-01,aievents-deploy-647b446899-mw5rn,8m,318Mi
bab-dev-rpa-apps-01,aievents-deploy-647b446899-ppwgw,5m,312Mi
bab-dev-rpa-apps-01,aievents-deploy-647b446899-ssjq8,8m,330Mi
bab-dev-rpa-apps-01,aievents-migrations-job-v24.10-4.15-rc04-sslhj,1m,43Mi
bab-dev-rpa-apps-01,aimetering-5fbbb6b4b4-6x9r6,4m,224Mi
bab-dev-rpa-apps-01,aimetering-5fbbb6b4b4-ltqbb,7m,216Mi
bab-dev-rpa-apps-01,aimetering-5fbbb6b4b4-m7dgf,3m,227Mi
bab-dev-rpa-apps-01,aimetering-5fbbb6b4b4-q6bd9,1m,197Mi
bab-dev-rpa-apps-01,aimetering-5fbbb6b4b4-xfxz2,5m,226Mi
bab-dev-rpa-apps-01,aistorage-c6ffd7495-j7vbc,0m,212Mi
bab-dev-rpa-apps-01,aistorage-c6ffd7495-wgtgz,0m,195Mi
bab-dev-rpa-apps-01,aistorage-migrations-job-v24.10-4.15-rc04-zd7db,2m,47Mi
bab-dev-rpa-apps-01,demo-app-79f774f96f-drgl9,0m,4Mi
bab-dev-rpa-apps-01,du-digitizer-54457f6f9-9s5pc,0m,155Mi
bab-dev-rpa-apps-01,du-digitizer-54457f6f9-rv69g,0m,162Mi
bab-dev-rpa-apps-01,du-digitizer-cleanup-66bfd5bcfc-nhqgg,0m,173Mi
bab-dev-rpa-apps-01,du-digitizer-migrations-job-v24.10-4.15-rc04-fvxj8,3m,43Mi
bab-dev-rpa-apps-01,du-digitizer-worker-deployment-7c7c477955-kvlq7,2m,236Mi
bab-dev-rpa-apps-01,du-digitizer-worker-deployment-7c7c477955-lnn7n,1m,215Mi
bab-dev-rpa-apps-01,du-digitizer-worker-deployment-7c7c477955-lv8rp,1m,212Mi
bab-dev-rpa-apps-01,du-documentmanager-dm-5bbc767787-ffb7r,0m,954Mi
bab-dev-rpa-apps-01,du-documentmanager-dm-5bbc767787-jnwgm,0m,976Mi
bab-dev-rpa-apps-01,du-documentmanager-dm-5bbc767787-qdr7g,1m,957Mi
bab-dev-rpa-apps-01,du-extended-ocr-844f8f5c9d-4nxt7,0m,1613Mi
bab-dev-rpa-apps-01,du-extended-ocr-844f8f5c9d-z9c77,28m,1490Mi
bab-dev-rpa-apps-01,du-extended-ocr-proxy-5794f7d6bd-gk9qc,0m,1654Mi
bab-dev-rpa-apps-01,du-extended-ocr-proxy-5794f7d6bd-lfw9z,0m,639Mi
bab-dev-rpa-apps-01,du-frontend-6496865f75-g82qb,1m,88Mi
bab-dev-rpa-apps-01,du-frontend-6496865f75-zs2wd,0m,87Mi
bab-dev-rpa-apps-01,du-provisioning-8569b48b59-jq7pf,1m,155Mi
bab-dev-rpa-apps-01,du-provisioning-8569b48b59-rwg4q,1m,150Mi
bab-dev-rpa-apps-01,du-services-fe-b8f84d79d-k6bsq,0m,92Mi
bab-dev-rpa-apps-01,du-services-fe-b8f84d79d-pzns5,1m,92Mi
bab-dev-rpa-apps-01,du-services-ikc-7b8d97b688-dqmwp,1m,92Mi
bab-dev-rpa-apps-01,du-services-ikc-7b8d97b688-dr279,0m,94Mi
bab-dev-rpa-apps-01,identity-service-api-669c7678bd-xk57n,1m,86Mi
bab-dev-rpa-apps-01,identity-service-api-669c7678bd-zm25b,1m,86Mi
bab-dev-rpa-apps-01,identity-service-web-848d457d47-8chqh,1m,84Mi
bab-dev-rpa-apps-01,identity-service-web-848d457d47-dmvcz,1m,81Mi
bab-dev-rpa-apps-01,orchestrator-7cc89fc9d4-8k2qz,1m,74Mi
bab-dev-rpa-apps-01,orchestrator-7cc89fc9d4-m6p6v,1m,71Mi
bab-dev-rpa-apps-01,platform-authorization-service-588889fb64-kjgxq,3m,636Mi
bab-dev-rpa-apps-01,platform-authorization-service-588889fb64-ptjxb,4m,651Mi
bab-dev-rpa-apps-01,platform-license-accountant-76f498d745-9nvps,10m,257Mi
bab-dev-rpa-apps-01,platform-license-accountant-76f498d745-xnxcm,6m,255Mi
bab-dev-rpa-apps-01,platform-license-accountant-worker-f964fd5b8-bh6w9,6m,246Mi
bab-dev-rpa-apps-01,platform-license-accountant-worker-f964fd5b8-hl4h8,16m,240Mi
bab-dev-rpa-apps-01,platform-license-resource-manager-7795f6d96d-pl25c,3m,222Mi
bab-dev-rpa-apps-01,platform-license-resource-manager-7795f6d96d-st2kg,4m,232Mi
bab-dev-rpa-apps-01,platform-license-resource-manager-worker-74846f8fb9-2ngsb,16m,225Mi
bab-dev-rpa-apps-01,platform-license-resource-manager-worker-74846f8fb9-5tbkg,22m,198Mi
bab-dev-rpa-apps-01,platform-location-service-7d9fd7744d-8mgdp,6m,174Mi
bab-dev-rpa-apps-01,platform-location-service-7d9fd7744d-r99d5,11m,87Mi
bab-dev-rpa-apps-01,platform-messagebus-service-5d45cdf5bc-2h5j6,1m,71Mi
bab-dev-rpa-apps-01,platform-messagebus-service-5d45cdf5bc-722hn,2m,72Mi
bab-dev-rpa-apps-01,platform-messagebus-service-5d45cdf5bc-9cht7,2m,68Mi
bab-dev-rpa-apps-01,platform-messagebus-service-5d45cdf5bc-9g2np,1m,74Mi
bab-dev-rpa-apps-01,platform-messagebus-service-5d45cdf5bc-cff9z,1m,67Mi
bab-dev-rpa-apps-01,platform-messagebus-service-5d45cdf5bc-grsrt,1m,71Mi
bab-dev-rpa-apps-01,platform-messagebus-service-5d45cdf5bc-hkxwj,785m,633Mi
bab-dev-rpa-apps-01,platform-messagebus-service-5d45cdf5bc-r5v5r,1m,69Mi
bab-dev-rpa-apps-01,platform-messagebus-service-5d45cdf5bc-txgr2,1m,71Mi
bab-dev-rpa-apps-01,platform-messagebus-service-5d45cdf5bc-zcqw4,875m,644Mi
bab-dev-rpa-apps-01,platform-organization-management-service-698d8bb864-g6rfb,1m,82Mi
bab-dev-rpa-apps-01,platform-organization-management-service-698d8bb864-xvt6v,0m,168Mi
bab-dev-rpa-apps-01,platform-portal-7d46cf498-9d9jf,1m,201Mi
bab-dev-rpa-apps-01,platform-portal-7d46cf498-9zkpb,1m,198Mi
bab-dev-rpa-apps-01,platform-resource-catalog-service-559d7d5cb9-t4qmn,2m,532Mi
bab-dev-rpa-apps-01,platform-resource-catalog-service-559d7d5cb9-wv6sh,2m,543Mi
bab-dev-rpa-apps-01,pushgateway-prometheus-pushgateway-78cff4c854-w4nl2,0m,32Mi
bab-dev-rpa-apps-01,reloader-reloader-759f74966c-2t2xz,0m,32Mi
bab-dev-rpa-apps-01,robotube-6cc8cd7db8-7hpxj,1m,177Mi
bab-dev-rpa-apps-01,robotube-6cc8cd7db8-ns6wb,1m,199Mi
bab-dev-rpa-apps-01,webhook-service-56f89965bc-hpsd6,1m,698Mi
bab-dev-rpa-apps-01,webhook-service-56f89965bc-rd85w,1m,712Mi
bab-dev-web-baas,abb-account-statement-service-5ffb5766fb-5mcsj,6m,711Mi
bab-dev-web-baas,abb-account-statement-service-amr-tarek-7fd95b5c44-ldzg6,5m,624Mi
bab-dev-web-baas,abb-card-statement-service-777d5bdd76-m8bv9,2m,333Mi
bab-dev-web-baas,active-directory-service-57586ff94c-wh8jl,0m,862Mi
bab-dev-web-baas,auth-service-54b4bcb84b-qtknk,0m,209Mi
bab-dev-web-baas,branch-app-ui-845b765b4f-q6976,0m,69Mi
bab-dev-web-baas,branch-statement-service-86b4d9dfc9-wgr7v,0m,302Mi
bab-dev-web-baas,efatourah-xml-5f6bfd4c-2577w,0m,183Mi
bab-dev-web-baas,enjaz-contacts-service-864649b46-gwgcn,0m,778Mi
bab-dev-web-baas,error-message-service-6959c87dcc-2sqtt,4m,158Mi
bab-dev-web-baas,error-message-service-8545846c6c-j9848,0m,450Mi
bab-dev-web-baas,ldap-service-859b87466f-6rhwq,1m,163Mi
bab-dev-web-baas,mock-api-app-5cd6d77b96-vk2nw,0m,174Mi
bab-dev-web-baas,moi-cache-578dcbd44d-7qxwq,1m,483Mi
bab-dev-web-baas,moi-cache-67d79b69cb-m99t7,29m,0Mi
bab-dev-web-baas,mongo-db-handler-87489c4c8-zrfz2,0m,238Mi
bab-dev-web-baas,net-utils1-f99966b64-cbdtc,0m,24Mi
bab-dev-web-baas,otel-collector-5fc799f7f8-gm2zm,67m,1312Mi
bab-dev-web-baas,rmb-docs-service-8484ddfd44-rdvvs,0m,227Mi
bab-dev-web-baas,shorten-url-ms-74b585cd97-nb8lk,0m,344Mi
bab-dev-web-baas,sme-loan-app-6ddb659b9b-gfxj4,0m,238Mi
bab-dev-web-baas,statement-integrator-service-65fd9cb648-w6qdz,2m,798Mi
bab-dev-web-baas,statement-manager-service-577df64484-8c959,1m,370Mi
bab-dev-web-baas,statement-poller-59f8c94f4d-pst7w,3m,618Mi
bab-dev-web-baas,tanfeeth-report-poller-6f88db9f75-xgmqf,4m,679Mi
bab-dev-web-baas,utility-service-689f58d9f-dxlbp,0m,268Mi
babamldev,sas-aml-core-79d8bc4-nphkx,0m,1017Mi
babamldev,sas-analytics-events-84849cbfcd-zftb2,0m,41Mi
babamldev,sas-analytics-execution-84d7d47858-v7tnk,4m,45Mi
babamldev,sas-analytics-gateway-ccfcbbfd5-2ljhw,0m,1105Mi
babamldev,sas-analytics-resources-f54d84c9d-mdxmb,0m,147Mi
babamldev,sas-annotations-7fb76948bd-vh7bc,1m,46Mi
babamldev,sas-app-registry-5cd88fcccb-rtmt4,1m,79Mi
babamldev,sas-arke-7c6b6c56c8-zptg2,12m,127Mi
babamldev,sas-audit-bf6b9b44c-mdbhm,1m,128Mi
babamldev,sas-authorization-54f48588b7-tf88h,7m,2234Mi
babamldev,sas-batch-594d5f668c-64kx8,0m,40Mi
babamldev,sas-cas-control-57bf95d7-r6l42,1m,126Mi
babamldev,sas-cas-operator-576fb96b5d-pq22b,0m,120Mi
babamldev,sas-cas-server-default-controller,60m,2800Mi
babamldev,sas-catalog-services-7496d5cdbb-r7rzz,1m,110Mi
babamldev,sas-chromium-server-7c677d66d6-rn6pw,0m,241Mi
babamldev,sas-code-debugger-9dc6886b4-7j769,0m,37Mi
babamldev,sas-code-debugger-app-7dfd4c67d5-9bsrk,0m,37Mi
babamldev,sas-collaboration-99bf88b7d-dcvkc,0m,52Mi
babamldev,sas-compute-84f6bbc7f9-nrvq2,0m,132Mi
babamldev,sas-compute-server-8e1dc6c1-ad43-49da-9739-befc0c80e29c-fpd96,0m,860Mi
babamldev,sas-configuration-5cd9675b6d-wcxmx,6m,101Mi
babamldev,sas-connect-7b9d7676f-59cmc,1m,41Mi
babamldev,sas-connect-spawner-656c669db6-hjbpc,0m,10Mi
babamldev,sas-consul-server-0,16m,210Mi
babamldev,sas-consul-server-1,16m,144Mi
babamldev,sas-consul-server-2,12m,161Mi
babamldev,sas-content-6d754d954f-dgt8t,1m,67Mi
babamldev,sas-credentials-998489b5f-hfnqv,0m,542Mi
babamldev,sas-data-agent-server-colocated-0,0m,13Mi
babamldev,sas-data-agent-services-745745f597-ck8jc,1m,45Mi
babamldev,sas-data-explorer-app-7859594c4b-gvw69,0m,605Mi
babamldev,sas-data-flows-6549b66bb7-j95t4,1m,99Mi
babamldev,sas-data-mining-models-7668b87d76-67st9,1m,40Mi
babamldev,sas-data-mining-project-resources-689df8bcf9-wqtcf,1m,63Mi
babamldev,sas-data-mining-results-cbb58fbfc-kt2g8,1m,45Mi
babamldev,sas-data-mining-risk-models-6f4cf6f7cd-jvd6z,1m,53Mi
babamldev,sas-data-plans-6879f7d7c4-bnsbw,1m,577Mi
babamldev,sas-data-quality-services-6d7b7f54b6-pkvfx,1m,44Mi
babamldev,sas-data-server-operator-f7f48bdc9-h4xg2,0m,75Mi
babamldev,sas-data-sources-6cb6ff5ff8-qqcd4,1m,53Mi
babamldev,sas-data-studio-app-6849f5db7f-8jzm8,1m,51Mi
babamldev,sas-decision-manager-app-86d4554fdb-28h8b,0m,49Mi
babamldev,sas-decisions-55b68fcfc4-cdqkf,1m,616Mi
babamldev,sas-decisions-framework-9d4ffb54c-cmlbg,1m,694Mi
babamldev,sas-decisions-runtime-builder-86c9cc77db-mw658,0m,46Mi
babamldev,sas-deployment-data-66b4dc848c-b24jc,0m,45Mi
babamldev,sas-device-management-55894d74d5-mwc87,1m,42Mi
babamldev,sas-discovery-services-68bd79844d-gkf2c,1m,45Mi
babamldev,sas-document-generator-adapter-6bf5fb69d4-8gk5w,0m,1162Mi
babamldev,sas-drive-app-5fb9cd54c-mg6t7,1m,36Mi
babamldev,sas-environment-manager-app-85c85d5d45-8lz7m,0m,69Mi
babamldev,sas-feature-flags-574744965f-mjst5,4m,102Mi
babamldev,sas-file-store-867df6cdf-jsx5c,1m,167Mi
babamldev,sas-files-656d4bd8bf-x5g5q,0m,659Mi
babamldev,sas-formats-6598c846df-578cv,0m,43Mi
babamldev,sas-geography-6959584c7c-dtrh5,1m,62Mi
babamldev,sas-graph-builder-app-57d4f958f9-fdjsx,1m,41Mi
babamldev,sas-graph-templates-d88df4559-dxstp,1m,41Mi
babamldev,sas-identities-7c7fcc4954-dlcv6,0m,1480Mi
babamldev,sas-import-9-55b8f4cc85-br6q9,1m,454Mi
babamldev,sas-information-catalog-app-559c94bd8-sk876,1m,41Mi
babamldev,sas-insights-867d897769-wsmpg,0m,45Mi
babamldev,sas-job-execution-54988fdddb-bh22s,0m,758Mi
babamldev,sas-job-execution-app-6f9ccdd567-6c9k7,0m,39Mi
babamldev,sas-job-flow-scheduling-84677c4c4-mmvh7,0m,43Mi
babamldev,sas-landing-app-9f6ccbfcf-kpvf8,0m,43Mi
babamldev,sas-launcher-7bdd7b6597-ghwvt,0m,613Mi
babamldev,sas-lineage-app-7cd94fbd77-9jrdn,0m,46Mi
babamldev,sas-list-data-84848cff8f-kph22,1m,45Mi
babamldev,sas-localization-6c777fdd5-7h7vk,0m,109Mi
babamldev,sas-logon-app-cbb88895b-r7s4n,0m,1392Mi
babamldev,sas-microanalytic-score-59547bd465-hk9mm,1m,976Mi
babamldev,sas-ml-pipeline-automation-86bc8c89c5-8qbsf,1m,47Mi
babamldev,sas-mobile-investigator-app-98bbd65f6-k2hqx,0m,490Mi
babamldev,sas-model-management-66dd488679-6tb89,0m,51Mi
babamldev,sas-model-manager-app-5fcbc7546d-dwkzm,0m,40Mi
babamldev,sas-model-publish-74c688595f-bzs4w,0m,50Mi
babamldev,sas-model-repository-7d78bbf44c-68g6x,0m,44Mi
babamldev,sas-model-studio-app-8f46f5d45-jscrs,0m,36Mi
babamldev,sas-natural-language-generation-9895f8d79-68rft,0m,480Mi
babamldev,sas-office-addin-app-64c5879b54-ztwwt,0m,37Mi
babamldev,sas-opendistro-operator-8c887bb85-tqxmt,2m,77Mi
babamldev,sas-preferences-7458b74669-psbzm,1m,60Mi
babamldev,sas-prepull-865b94ffdc-sgdhs,0m,26Mi
babamldev,sas-rabbitmq-server-0,347m,1520Mi
babamldev,sas-rabbitmq-server-1,244m,920Mi
babamldev,sas-rabbitmq-server-2,353m,1074Mi
babamldev,sas-readiness-69d8544fb8-d4h5v,2m,47Mi
babamldev,sas-redis-operator-787c8f657f-nv8th,3m,20Mi
babamldev,sas-redis-server-0,10m,14Mi
babamldev,sas-redis-server-1,9m,14Mi
babamldev,sas-report-alerts-58dd6df58-mxrjq,0m,41Mi
babamldev,sas-report-distribution-77fc8b746d-gs7fb,1m,41Mi
babamldev,sas-report-execution-6977db85f9-jlnq5,2m,1379Mi
babamldev,sas-report-renderers-78479fc86f-9sj98,1m,79Mi
babamldev,sas-report-services-group-699698479d-qnwzg,1m,701Mi
babamldev,sas-scheduler-5954cf8dd4-v4pcp,0m,536Mi
babamldev,sas-score-definitions-549bff899f-pwksx,1m,42Mi
babamldev,sas-score-execution-5d7c479d4-5mrq6,1m,51Mi
babamldev,sas-search-6b996c7b5d-vgm2q,1m,48Mi
babamldev,sas-studio-58486ddb86-tbt4f,1m,70Mi
babamldev,sas-studio-app-8556b4c685-pptdk,1m,522Mi
babamldev,sas-studio-development-7df76bc6bb-h7nmg,1m,41Mi
babamldev,sas-subject-contacts-556ff8586-mx2bk,0m,477Mi
babamldev,sas-svi-alert-55cf85bf89-nqfzv,0m,2350Mi
babamldev,sas-svi-data-export-57bbfd69b8-vk96k,0m,478Mi
babamldev,sas-svi-datahub-646c4bd57-sxkdx,1m,1314Mi
babamldev,sas-svi-feature-66c9db89b-5p2lv,0m,527Mi
babamldev,sas-svi-indexer-588b8b754f-9ndnb,1m,710Mi
babamldev,sas-svi-sand-547bbdb9c9-cl2cg,1m,793Mi
babamldev,sas-svi-scorecard-98b56768-tzr2s,0m,528Mi
babamldev,sas-svi-transport-75d96d7d9c-p5kld,0m,778Mi
babamldev,sas-svi-vsd-service-5bb9f5b4c9-wq2rb,1m,1390Mi
babamldev,sas-text-analytics-data-659f4c7c74-4cnkz,0m,43Mi
babamldev,sas-text-analytics-taxonomies-58f57c4bc7-rskjm,1m,43Mi
babamldev,sas-theme-designer-app-c6ffb69c5-spd2x,1m,40Mi
babamldev,sas-transfer-5f4c887f84-nvsxh,0m,1174Mi
babamldev,sas-transformations-5cb966db9-556jk,0m,430Mi
babamldev,sas-treatment-definitions-7b6dcfd4f8-dtq66,1m,527Mi
babamldev,sas-visual-analytics-app-658498fcd5-89wbd,0m,69Mi
babamldev,sas-visual-analytics-c8b4b457f-c5bd6,5m,355Mi
babamldev,sas-visual-investigator-app-795877c899-8g8dg,1m,1237Mi
babamldev,sas-web-assets-f89f98c69-qdpp7,0m,63Mi
babamldev,sas-web-renderer-7c85dc67c-7sh57,2m,67Mi
babamldev,sas-webhooks-5b749cb45d-vsfpj,0m,38Mi
babamldev,sas-workflow-engine-756778cbb4-dx46n,1m,550Mi
babamldev,sas-workflow-history-7486f485bb-b6hg7,1m,479Mi
babamldev,sas-workflow-manager-app-848d76b5d8-7wbzh,0m,37Mi
cert-manager,cert-manager-webhook-596db5fb9c-j7srs,0m,20Mi
cert-manager-operator,cert-manager-operator-controller-manager-6445ff8959-5jq62,25m,69Mi
cs-control,secretshare-77587874d6-jnrgk,0m,21Mi
default,prometheus-operator-6dcc6644f-6r7sk,0m,23Mi
default,reloader-reloader-5755dff954-wjcs8,0m,9Mi
devops-gitops,openshift-gitops-application-controller-0,663m,3164Mi
devops-gitops,openshift-gitops-applicationset-controller-77856b774b-snk9f,2m,60Mi
devops-gitops,openshift-gitops-dex-server-dcb546f49-87xsj,0m,128Mi
devops-gitops,openshift-gitops-redis-5d8649784b-mr6x9,0m,10Mi
devops-gitops,openshift-gitops-repo-server-5846446c9-lzngx,12m,403Mi
devops-gitops,openshift-gitops-server-5df76f9796-xpk4w,2m,80Mi
ibm-common-services,secretshare-77587874d6-9rmvt,0m,18Mi
istio-dev,grafana-5db97f79d-shbfl,1m,109Mi
istio-dev,istio-egressgateway-647c85ffbb-2qn84,1m,66Mi
istio-dev,istio-ingressgateway-7cb678748c-p687t,2m,159Mi
istio-dev,istiod-basic-f598c767f-zg59c,3m,216Mi
istio-dev,prometheus-6cbb969755-9w278,46m,1318Mi
kube-system,sealed-secrets-controller-ffbdcc645-hkwkc,0m,127Mi
mhm-dev,cont-mhm-hello-6d9b9b5f64-2sfbl,0m,739Mi
mhm-dev,cont-mhm-hello-6d9b9b5f64-g9s8b,0m,540Mi
mhm-dev,cont-mhm-hello-6d9b9b5f64-mhmwx,0m,750Mi
open-cluster-management-agent,klusterlet-74588f4589-kr5mm,0m,61Mi
open-cluster-management-agent,klusterlet-agent-c6d8bb444-hkgr7,1m,36Mi
open-cluster-management-agent,klusterlet-agent-c6d8bb444-hkngd,1m,33Mi
open-cluster-management-agent,klusterlet-agent-c6d8bb444-v8z68,8m,84Mi
open-cluster-management-agent-addon,application-manager-577fc8b84b-d9ffl,4m,163Mi
open-cluster-management-agent-addon,cert-policy-controller-96fb7858c-prl7j,0m,27Mi
open-cluster-management-agent-addon,cluster-proxy-proxy-agent-85b6875c5-vwmwx,0m,49Mi
open-cluster-management-agent-addon,config-policy-controller-7f947c9757-jcwp8,0m,29Mi
open-cluster-management-agent-addon,governance-policy-framework-646b45f88b-7dwj4,1m,34Mi
open-cluster-management-agent-addon,klusterlet-addon-search-5b58448dc9-b47sp,5820m,786Mi
open-cluster-management-agent-addon,klusterlet-addon-workmgr-76f4cd9c88-rfm54,4m,45Mi
open-cluster-management-agent-addon,managed-serviceaccount-addon-agent-74799ff54c-4745m,0m,31Mi
openshift-apiserver,apiserver-844f546c66-6fdjl,655m,1108Mi
openshift-apiserver,apiserver-844f546c66-8lw42,563m,1098Mi
openshift-apiserver,apiserver-844f546c66-l4c6d,567m,1110Mi
openshift-apiserver-operator,openshift-apiserver-operator-74b9b7c7b9-wb94p,11m,388Mi
openshift-authentication,oauth-openshift-5c65bbd9cb-ljb9s,0m,52Mi
openshift-authentication,oauth-openshift-5c65bbd9cb-n2n5v,2m,49Mi
openshift-authentication,oauth-openshift-5c65bbd9cb-r9dnl,2m,55Mi
openshift-authentication-operator,authentication-operator-678c4f9b6f-4zb87,81m,168Mi
openshift-azure-guardrails,gatekeeper-audit-67b799dbdf-vdl4j,2m,177Mi
openshift-azure-guardrails,gatekeeper-controller-manager-f8b67987f-2dxtm,96m,294Mi
openshift-azure-guardrails,gatekeeper-controller-manager-f8b67987f-7lddh,177m,297Mi
openshift-azure-guardrails,gatekeeper-controller-manager-f8b67987f-wl6rn,141m,292Mi
openshift-azure-logging,otel-exporter-master-2nbjf,275m,68Mi
openshift-azure-logging,otel-exporter-master-c7l5v,412m,69Mi
openshift-azure-logging,otel-exporter-master-zn482,392m,86Mi
openshift-azure-logging,otel-exporter-worker-4wtwj,88m,31Mi
openshift-azure-logging,otel-exporter-worker-6nv7w,85m,28Mi
openshift-azure-logging,otel-exporter-worker-dvjpx,100m,26Mi
openshift-azure-logging,otel-exporter-worker-ffsk8,91m,30Mi
openshift-azure-logging,otel-exporter-worker-h7kmm,47m,28Mi
openshift-azure-logging,otel-exporter-worker-j728q,94m,29Mi
openshift-azure-logging,otel-exporter-worker-jp9b4,117m,27Mi
openshift-azure-logging,otel-exporter-worker-p5zxw,67m,35Mi
openshift-azure-logging,otel-exporter-worker-p6bmj,110m,35Mi
openshift-azure-logging,otel-exporter-worker-qjps4,28m,30Mi
openshift-azure-logging,otel-exporter-worker-r8nqd,44m,28Mi
openshift-azure-logging,otel-exporter-worker-tjcrl,59m,32Mi
openshift-azure-logging,otel-exporter-worker-xthtc,83m,28Mi
openshift-azure-operator,aro-operator-master-56685688bb-nmfn4,54m,539Mi
openshift-azure-operator,aro-operator-worker-6b95885cc4-bzx95,0m,40Mi
openshift-cloud-controller-manager,azure-cloud-controller-manager-6648576cc7-pw6rr,0m,57Mi
openshift-cloud-controller-manager,azure-cloud-controller-manager-6648576cc7-whflr,0m,29Mi
openshift-cloud-controller-manager,azure-cloud-node-manager-2fknb,0m,27Mi
openshift-cloud-controller-manager,azure-cloud-node-manager-6f6b5,0m,34Mi
openshift-cloud-controller-manager,azure-cloud-node-manager-6hrvw,0m,34Mi
openshift-cloud-controller-manager,azure-cloud-node-manager-8dd87,0m,28Mi
openshift-cloud-controller-manager,azure-cloud-node-manager-8p47r,0m,28Mi
openshift-cloud-controller-manager,azure-cloud-node-manager-9qvgt,0m,30Mi
openshift-cloud-controller-manager,azure-cloud-node-manager-ddr4r,0m,29Mi
openshift-cloud-controller-manager,azure-cloud-node-manager-dzj7q,0m,38Mi
openshift-cloud-controller-manager,azure-cloud-node-manager-kvzj8,0m,30Mi
openshift-cloud-controller-manager,azure-cloud-node-manager-r7qnr,0m,26Mi
openshift-cloud-controller-manager,azure-cloud-node-manager-tnbs7,0m,33Mi
openshift-cloud-controller-manager,azure-cloud-node-manager-vfbt8,0m,30Mi
openshift-cloud-controller-manager,azure-cloud-node-manager-vvkks,0m,36Mi
openshift-cloud-controller-manager,azure-cloud-node-manager-xpj5k,0m,30Mi
openshift-cloud-controller-manager,azure-cloud-node-manager-zrw9b,0m,33Mi
openshift-cloud-controller-manager,azure-cloud-node-manager-zzdrc,0m,29Mi
openshift-cloud-controller-manager-operator,cluster-cloud-controller-manager-operator-9f9bb55bf-xbvx5,5m,116Mi
openshift-cloud-credential-operator,cloud-credential-operator-6756b577bf-72kl4,2m,96Mi
openshift-cloud-network-config-controller,cloud-network-config-controller-78589cd4c4-wh6xw,0m,43Mi
openshift-cluster-csi-drivers,azure-disk-csi-driver-controller-559b6b7dcd-6q44j,19m,779Mi
openshift-cluster-csi-drivers,azure-disk-csi-driver-controller-559b6b7dcd-qvwxj,0m,343Mi
openshift-cluster-csi-drivers,azure-disk-csi-driver-node-28pmr,6m,223Mi
openshift-cluster-csi-drivers,azure-disk-csi-driver-node-4tlj7,0m,81Mi
openshift-cluster-csi-drivers,azure-disk-csi-driver-node-5tbwm,0m,73Mi
openshift-cluster-csi-drivers,azure-disk-csi-driver-node-9h5zz,0m,78Mi
openshift-cluster-csi-drivers,azure-disk-csi-driver-node-b456c,0m,80Mi
openshift-cluster-csi-drivers,azure-disk-csi-driver-node-b7z9q,0m,80Mi
openshift-cluster-csi-drivers,azure-disk-csi-driver-node-d59x5,0m,85Mi
openshift-cluster-csi-drivers,azure-disk-csi-driver-node-gp9zb,0m,72Mi
openshift-cluster-csi-drivers,azure-disk-csi-driver-node-kj78k,0m,74Mi
openshift-cluster-csi-drivers,azure-disk-csi-driver-node-m5tk9,0m,68Mi
openshift-cluster-csi-drivers,azure-disk-csi-driver-node-qsfgt,0m,77Mi
openshift-cluster-csi-drivers,azure-disk-csi-driver-node-swjjl,0m,81Mi
openshift-cluster-csi-drivers,azure-disk-csi-driver-node-t8f5z,0m,83Mi
openshift-cluster-csi-drivers,azure-disk-csi-driver-node-ts7bt,0m,83Mi
openshift-cluster-csi-drivers,azure-disk-csi-driver-node-vq4sr,0m,79Mi
openshift-cluster-csi-drivers,azure-disk-csi-driver-node-z5rs8,0m,71Mi
openshift-cluster-csi-drivers,azure-disk-csi-driver-operator-76d99d8ffc-4mfkc,8m,93Mi
openshift-cluster-csi-drivers,azure-file-csi-driver-controller-778645b784-jb46b,0m,260Mi
openshift-cluster-csi-drivers,azure-file-csi-driver-controller-778645b784-vhzf9,0m,280Mi
openshift-cluster-csi-drivers,azure-file-csi-driver-node-22jzl,0m,94Mi
openshift-cluster-csi-drivers,azure-file-csi-driver-node-2xphf,0m,85Mi
openshift-cluster-csi-drivers,azure-file-csi-driver-node-7c5gq,0m,82Mi
openshift-cluster-csi-drivers,azure-file-csi-driver-node-9dqmc,0m,82Mi
openshift-cluster-csi-drivers,azure-file-csi-driver-node-kwsnn,0m,75Mi
openshift-cluster-csi-drivers,azure-file-csi-driver-node-mc7kd,0m,80Mi
openshift-cluster-csi-drivers,azure-file-csi-driver-node-mdkh7,0m,85Mi
openshift-cluster-csi-drivers,azure-file-csi-driver-node-mtq2g,0m,82Mi
openshift-cluster-csi-drivers,azure-file-csi-driver-node-mzt4g,0m,88Mi
openshift-cluster-csi-drivers,azure-file-csi-driver-node-ngw7v,3m,204Mi
openshift-cluster-csi-drivers,azure-file-csi-driver-node-nvt9p,0m,70Mi
openshift-cluster-csi-drivers,azure-file-csi-driver-node-pvsbv,0m,85Mi
openshift-cluster-csi-drivers,azure-file-csi-driver-node-rv2df,0m,94Mi
openshift-cluster-csi-drivers,azure-file-csi-driver-node-vqk2c,0m,71Mi
openshift-cluster-csi-drivers,azure-file-csi-driver-node-vtj7x,0m,69Mi
openshift-cluster-csi-drivers,azure-file-csi-driver-node-x2hgs,0m,83Mi
openshift-cluster-csi-drivers,azure-file-csi-driver-operator-968b99dfd-5m5k5,6m,89Mi
openshift-cluster-csi-drivers,csi-nfs-controller-9b7c67967-db974,4m,95Mi
openshift-cluster-csi-drivers,csi-nfs-node-2gz44,0m,44Mi
openshift-cluster-csi-drivers,csi-nfs-node-8kx8l,0m,48Mi
openshift-cluster-csi-drivers,csi-nfs-node-9t26j,0m,80Mi
openshift-cluster-csi-drivers,csi-nfs-node-b4n6z,0m,42Mi
openshift-cluster-csi-drivers,csi-nfs-node-dvcbd,0m,47Mi
openshift-cluster-csi-drivers,csi-nfs-node-fj9fs,0m,42Mi
openshift-cluster-csi-drivers,csi-nfs-node-gd9lk,0m,38Mi
openshift-cluster-csi-drivers,csi-nfs-node-jbwn5,0m,57Mi
openshift-cluster-csi-drivers,csi-nfs-node-mxvrr,0m,45Mi
openshift-cluster-csi-drivers,csi-nfs-node-snwj8,0m,52Mi
openshift-cluster-csi-drivers,csi-nfs-node-vj6ld,0m,41Mi
openshift-cluster-csi-drivers,csi-nfs-node-whc6v,0m,53Mi
openshift-cluster-csi-drivers,csi-nfs-node-zprch,0m,44Mi
openshift-cluster-machine-approver,machine-approver-75fbcd7957-bwnhb,0m,166Mi
openshift-cluster-node-tuning-operator,cluster-node-tuning-operator-55b84c985-n29ps,2m,264Mi
openshift-cluster-node-tuning-operator,tuned-4bm7l,0m,52Mi
openshift-cluster-node-tuning-operator,tuned-6dbkg,0m,45Mi
openshift-cluster-node-tuning-operator,tuned-6fm28,0m,43Mi
openshift-cluster-node-tuning-operator,tuned-75ckd,0m,51Mi
openshift-cluster-node-tuning-operator,tuned-bnthq,0m,49Mi
openshift-cluster-node-tuning-operator,tuned-fcz5z,0m,41Mi
openshift-cluster-node-tuning-operator,tuned-fw7fw,0m,52Mi
openshift-cluster-node-tuning-operator,tuned-fzmq8,0m,43Mi
openshift-cluster-node-tuning-operator,tuned-hppkq,0m,51Mi
openshift-cluster-node-tuning-operator,tuned-k84jk,0m,47Mi
openshift-cluster-node-tuning-operator,tuned-n25l5,0m,46Mi
openshift-cluster-node-tuning-operator,tuned-ngzmh,0m,46Mi
openshift-cluster-node-tuning-operator,tuned-sszww,0m,45Mi
openshift-cluster-node-tuning-operator,tuned-ws5mc,0m,45Mi
openshift-cluster-node-tuning-operator,tuned-z5wmz,0m,46Mi
openshift-cluster-node-tuning-operator,tuned-zlwqb,0m,45Mi
openshift-cluster-observability-operator,distributed-tracing-698b7fbdd7-7g6zh,0m,21Mi
openshift-cluster-observability-operator,logging-7f8f7cd59d-d72ct,0m,12Mi
openshift-cluster-observability-operator,obo-prometheus-operator-5488cd68d5-hgns4,0m,84Mi
openshift-cluster-observability-operator,obo-prometheus-operator-admission-webhook-855fdf4479-c5ddz,0m,15Mi
openshift-cluster-observability-operator,obo-prometheus-operator-admission-webhook-855fdf4479-fpb79,0m,15Mi
openshift-cluster-observability-operator,observability-operator-cb5554d4-2bcwr,4m,91Mi
openshift-cluster-samples-operator,cluster-samples-operator-6df7695dd6-xj4jg,8m,79Mi
openshift-cluster-storage-operator,cluster-storage-operator-d8646c65f-vn4r8,14m,102Mi
openshift-cluster-storage-operator,csi-snapshot-controller-8644c86689-bqnlz,4m,36Mi
openshift-cluster-storage-operator,csi-snapshot-controller-8644c86689-rzm89,0m,20Mi
openshift-cluster-storage-operator,csi-snapshot-controller-operator-6f4b849748-nxb6x,4m,61Mi
openshift-cluster-storage-operator,csi-snapshot-webhook-7679fb4557-sgxdz,0m,27Mi
openshift-cluster-storage-operator,csi-snapshot-webhook-7679fb4557-sztbn,3m,27Mi
openshift-cluster-version,cluster-version-operator-dc58b9f79-w9sp5,11m,147Mi
openshift-config-operator,openshift-config-operator-6579b9775b-gms29,7m,68Mi
openshift-console,console-74fb4f847d-cqrjf,2m,54Mi
openshift-console,console-74fb4f847d-qfxq2,2m,64Mi
openshift-console,downloads-57fdb7d4dd-gmn42,0m,63Mi
openshift-console,downloads-57fdb7d4dd-mdkgc,0m,68Mi
openshift-console-operator,console-operator-779fd4f6bd-5x4vt,24m,139Mi
openshift-controller-manager,controller-manager-77b8b67c6b-f8jdn,0m,49Mi
openshift-controller-manager,controller-manager-77b8b67c6b-jthgb,0m,52Mi
openshift-controller-manager,controller-manager-77b8b67c6b-mk2hr,11m,700Mi
openshift-controller-manager-operator,openshift-controller-manager-operator-5fcf4bb64c-zvx5j,42m,87Mi
openshift-dns,dns-default-5srqs,4m,101Mi
openshift-dns,dns-default-6mtdj,2m,96Mi
openshift-dns,dns-default-8z98z,6m,86Mi
openshift-dns,dns-default-g24fd,3m,90Mi
openshift-dns,dns-default-mqzm6,2m,104Mi
openshift-dns,dns-default-mxcjl,3m,111Mi
openshift-dns,dns-default-n7wrp,3m,93Mi
openshift-dns,dns-default-pdnkb,3m,99Mi
openshift-dns,dns-default-q59qm,9m,84Mi
openshift-dns,dns-default-qxhcr,4m,96Mi
openshift-dns,dns-default-w2jtp,6m,88Mi
openshift-dns,node-resolver-26djs,0m,6Mi
openshift-dns,node-resolver-b9p82,0m,6Mi
openshift-dns,node-resolver-c9mjs,0m,12Mi
openshift-dns,node-resolver-dwcjv,0m,8Mi
openshift-dns,node-resolver-fjx9t,0m,7Mi
openshift-dns,node-resolver-fvpcr,0m,9Mi
openshift-dns,node-resolver-h7qmp,0m,10Mi
openshift-dns,node-resolver-lnkf4,0m,6Mi
openshift-dns,node-resolver-mcxk6,0m,12Mi
openshift-dns,node-resolver-nm5kk,0m,9Mi
openshift-dns,node-resolver-qm29b,0m,9Mi
openshift-dns,node-resolver-r45sc,0m,7Mi
openshift-dns,node-resolver-sdp9w,0m,6Mi
openshift-dns,node-resolver-wk7tj,0m,6Mi
openshift-dns,node-resolver-x5xlj,0m,9Mi
openshift-dns,node-resolver-xvc2s,0m,6Mi
openshift-dns-operator,dns-operator-85766944-mg5l9,3m,77Mi
openshift-etcd,etcd-bab-dev-aro-01-zm4qv-master-0,536m,1745Mi
openshift-etcd,etcd-bab-dev-aro-01-zm4qv-master-1,351m,1827Mi
openshift-etcd,etcd-bab-dev-aro-01-zm4qv-master-2,480m,1782Mi
openshift-etcd,etcd-guard-bab-dev-aro-01-zm4qv-master-0,0m,0Mi
openshift-etcd,etcd-guard-bab-dev-aro-01-zm4qv-master-1,0m,0Mi
openshift-etcd,etcd-guard-bab-dev-aro-01-zm4qv-master-2,0m,0Mi
openshift-etcd-operator,etcd-operator-6f8fdcc44-w7fl6,64m,121Mi
openshift-gitops,cluster-f9c76c5b5-thdg6,0m,22Mi
openshift-gitops,kam-6fd58b8d87-zcx5n,0m,63Mi
openshift-gitops,openshift-gitops-application-controller-0,0m,58Mi
openshift-gitops,openshift-gitops-applicationset-controller-b8f9f84f5-jqtzv,0m,41Mi
openshift-gitops,openshift-gitops-dex-server-7f7fc9b55c-s6fln,0m,96Mi
openshift-gitops,openshift-gitops-redis-5d8649784b-bwp94,1m,8Mi
openshift-gitops,openshift-gitops-repo-server-7c8b5bdd44-tdck4,0m,43Mi
openshift-gitops,openshift-gitops-server-6dbd949c79-22sjk,2m,66Mi
openshift-gitops-operator,openshift-gitops-operator-controller-manager-c49f48888-h4cgj,5m,347Mi
openshift-image-registry,cluster-image-registry-operator-6c5b9b89cc-xwnzb,39m,88Mi
openshift-image-registry,image-registry-6b5cdbd979-n765d,0m,81Mi
openshift-image-registry,image-registry-6b5cdbd979-w9cq2,1m,61Mi
openshift-image-registry,node-ca-4sn89,0m,1Mi
openshift-image-registry,node-ca-5hlvf,0m,2Mi
openshift-image-registry,node-ca-78j2b,0m,3Mi
openshift-image-registry,node-ca-7z55r,0m,1Mi
openshift-image-registry,node-ca-d5zgm,0m,1Mi
openshift-image-registry,node-ca-dc5rs,0m,2Mi
openshift-image-registry,node-ca-gjm95,0m,1Mi
openshift-image-registry,node-ca-hb8hn,0m,1Mi
openshift-image-registry,node-ca-j92sq,0m,1Mi
openshift-image-registry,node-ca-m7jc7,0m,2Mi
openshift-image-registry,node-ca-mr4ld,0m,1Mi
openshift-image-registry,node-ca-r9d4p,0m,1Mi
openshift-image-registry,node-ca-rkjzc,0m,1Mi
openshift-image-registry,node-ca-rs28q,0m,1Mi
openshift-image-registry,node-ca-sjnfn,0m,4Mi
openshift-image-registry,node-ca-tl29h,0m,3Mi
openshift-ingress,router-default-55697c6dfb-bcqzr,26m,201Mi
openshift-ingress,router-default-55697c6dfb-zpnk8,33m,209Mi
openshift-ingress-canary,ingress-canary-2lmdw,0m,34Mi
openshift-ingress-canary,ingress-canary-5cqlx,0m,39Mi
openshift-ingress-canary,ingress-canary-756jf,0m,30Mi
openshift-ingress-canary,ingress-canary-f6dcr,0m,38Mi
openshift-ingress-canary,ingress-canary-k82k9,0m,36Mi
openshift-ingress-canary,ingress-canary-m8sjp,0m,34Mi
openshift-ingress-canary,ingress-canary-qgstf,0m,35Mi
openshift-ingress-canary,ingress-canary-r7m75,0m,39Mi
openshift-ingress-operator,ingress-operator-56df5f9f64-gsvmd,3m,165Mi
openshift-insights,insights-operator-c5cbfffcb-ftjcm,1m,53Mi
openshift-keda,custom-metrics-autoscaler-operator-69795f68c4-rjt9w,1m,122Mi
openshift-keda,keda-admission-6d47b6c4d5-q5ffg,0m,19Mi
openshift-keda,keda-metrics-apiserver-74f5dc44dd-lkkmm,0m,50Mi
openshift-keda,keda-operator-57fc5dbfdd-8r7d7,19m,753Mi
openshift-kube-apiserver,apiserver-watcher-bab-dev-aro-01-zm4qv-master-0,1m,31Mi
openshift-kube-apiserver,apiserver-watcher-bab-dev-aro-01-zm4qv-master-1,0m,31Mi
openshift-kube-apiserver,apiserver-watcher-bab-dev-aro-01-zm4qv-master-2,0m,31Mi
openshift-kube-apiserver,kube-apiserver-bab-dev-aro-01-zm4qv-master-0,3024m,11481Mi
openshift-kube-apiserver,kube-apiserver-bab-dev-aro-01-zm4qv-master-1,888m,11019Mi
openshift-kube-apiserver,kube-apiserver-bab-dev-aro-01-zm4qv-master-2,479m,8489Mi
openshift-kube-apiserver,kube-apiserver-guard-bab-dev-aro-01-zm4qv-master-0,0m,0Mi
openshift-kube-apiserver,kube-apiserver-guard-bab-dev-aro-01-zm4qv-master-1,0m,0Mi
openshift-kube-apiserver,kube-apiserver-guard-bab-dev-aro-01-zm4qv-master-2,0m,0Mi
openshift-kube-apiserver-operator,kube-apiserver-operator-779647dd5c-c5fgx,50m,397Mi
openshift-kube-controller-manager,kube-controller-manager-bab-dev-aro-01-zm4qv-master-0,1953m,1599Mi
openshift-kube-controller-manager,kube-controller-manager-bab-dev-aro-01-zm4qv-master-1,2m,188Mi
openshift-kube-controller-manager,kube-controller-manager-bab-dev-aro-01-zm4qv-master-2,50m,1197Mi
openshift-kube-controller-manager,kube-controller-manager-guard-bab-dev-aro-01-zm4qv-master-0,0m,0Mi
openshift-kube-controller-manager,kube-controller-manager-guard-bab-dev-aro-01-zm4qv-master-1,0m,0Mi
openshift-kube-controller-manager,kube-controller-manager-guard-bab-dev-aro-01-zm4qv-master-2,0m,0Mi
openshift-kube-controller-manager-operator,kube-controller-manager-operator-74cd7b86bd-bhmb5,16m,109Mi
openshift-kube-scheduler,openshift-kube-scheduler-bab-dev-aro-01-zm4qv-master-0,9m,304Mi
openshift-kube-scheduler,openshift-kube-scheduler-bab-dev-aro-01-zm4qv-master-1,9m,338Mi
openshift-kube-scheduler,openshift-kube-scheduler-bab-dev-aro-01-zm4qv-master-2,8m,322Mi
openshift-kube-scheduler,openshift-kube-scheduler-guard-bab-dev-aro-01-zm4qv-master-0,0m,0Mi
openshift-kube-scheduler,openshift-kube-scheduler-guard-bab-dev-aro-01-zm4qv-master-1,0m,0Mi
openshift-kube-scheduler,openshift-kube-scheduler-guard-bab-dev-aro-01-zm4qv-master-2,0m,0Mi
openshift-kube-scheduler-operator,openshift-kube-scheduler-operator-748d4bbd6c-fvxtd,8m,85Mi
openshift-kube-storage-version-migrator,migrator-56cff8468d-qclkz,0m,37Mi
openshift-kube-storage-version-migrator-operator,kube-storage-version-migrator-operator-54644d5786-5qhnd,3m,46Mi
openshift-logging,cluster-logging-operator-66f5bb88f-g68cb,6m,330Mi
openshift-logging,collector-2c7z2,28m,1691Mi
openshift-logging,collector-2hxr2,153m,802Mi
openshift-logging,collector-2tgmj,15m,386Mi
openshift-logging,collector-5xcv2,88m,1535Mi
openshift-logging,collector-6r46q,67m,1571Mi
openshift-logging,collector-brg2p,9m,348Mi
openshift-logging,collector-d2vfw,47m,1486Mi
openshift-logging,collector-fgss6,54m,1500Mi
openshift-logging,collector-h64np,14m,1531Mi
openshift-logging,collector-hh5ds,56m,1688Mi
openshift-logging,collector-k4f4d,71m,1008Mi
openshift-logging,collector-kxdxt,11m,1750Mi
openshift-logging,collector-ppq9w,99m,1898Mi
openshift-logging,collector-tjbqw,173m,1423Mi
openshift-logging,collector-wjmb8,292m,967Mi
openshift-logging,collector-xxmt7,10m,354Mi
openshift-logging,lokistack-compactor-0,6m,220Mi
openshift-logging,lokistack-distributor-779b868f5d-h6mlg,233m,346Mi
openshift-logging,lokistack-distributor-779b868f5d-nbxtp,98m,385Mi
openshift-logging,lokistack-gateway-7798cb7d7b-cbkkv,64m,80Mi
openshift-logging,lokistack-gateway-7798cb7d7b-hd589,102m,91Mi
openshift-logging,lokistack-ingester-0,87m,3864Mi
openshift-logging,lokistack-ingester-1,105m,3917Mi
openshift-logging,lokistack-querier-6f67f687bb-nrqfm,4m,61Mi
openshift-logging,lokistack-querier-6f67f687bb-slfwx,6m,79Mi
openshift-logging,lokistack-query-frontend-6f888bd767-sp254,1m,51Mi
openshift-logging,lokistack-query-frontend-6f888bd767-tq4lb,1m,51Mi
openshift-machine-api,cluster-autoscaler-operator-569dbdb7b-vgl5z,4m,79Mi
openshift-machine-api,control-plane-machine-set-operator-67cc85cbdc-vdgkv,94m,50Mi
openshift-machine-api,machine-api-controllers-7b798b68f9-nf9hn,206m,273Mi
openshift-machine-api,machine-api-operator-5bf74c95b8-znfgf,17m,80Mi
openshift-machine-config-operator,kube-rbac-proxy-crio-bab-dev-aro-01-zm4qv-master-0,0m,52Mi
openshift-machine-config-operator,kube-rbac-proxy-crio-bab-dev-aro-01-zm4qv-master-1,0m,20Mi
openshift-machine-config-operator,kube-rbac-proxy-crio-bab-dev-aro-01-zm4qv-master-2,0m,48Mi
openshift-machine-config-operator,kube-rbac-proxy-crio-bab-dev-aro-01-zm4qv-worker-rpa-swec-01-979xq,0m,28Mi
openshift-machine-config-operator,kube-rbac-proxy-crio-bab-dev-aro-01-zm4qv-worker-rpa-swec-02-s9mnt,0m,27Mi
openshift-machine-config-operator,kube-rbac-proxy-crio-bab-dev-aro-01-zm4qv-worker-swec-01-h4skf,0m,23Mi
openshift-machine-config-operator,kube-rbac-proxy-crio-bab-dev-aro-01-zm4qv-worker-swec-02-65kw7,0m,26Mi
openshift-machine-config-operator,kube-rbac-proxy-crio-bab-dev-aro-01-zm4qv-worker-swec-03-pdt28,0m,22Mi
openshift-machine-config-operator,kube-rbac-proxy-crio-bab-dev-aro-01-zm4qv-worker-swec-04-25fmv,0m,26Mi
openshift-machine-config-operator,kube-rbac-proxy-crio-bab-dev-aro-01-zm4qv-worker-swec-05-rwr4r,0m,24Mi
openshift-machine-config-operator,kube-rbac-proxy-crio-bab-dev-aro-01-zm4qv-worker-swec-06-qvjx6,0m,24Mi
openshift-machine-config-operator,kube-rbac-proxy-crio-bab-dev-aro-01-zm4qv-worker-swec-07-48zfr,0m,20Mi
openshift-machine-config-operator,kube-rbac-proxy-crio-bab-dev-aro-01-zm4qv-worker-swec-08-9xmrp,0m,23Mi
openshift-machine-config-operator,kube-rbac-proxy-crio-bab-dev-aro-01-zm4qv-worker-swec-09-7d9zr,0m,29Mi
openshift-machine-config-operator,kube-rbac-proxy-crio-bab-dev-aro-01-zm4qv-worker-swec-10-62m4m,0m,24Mi
openshift-machine-config-operator,kube-rbac-proxy-crio-bab-dev-aro-01-zm4qv-worker-swec-11-tqb4f,0m,24Mi
openshift-machine-config-operator,machine-config-controller-56fc59fdcf-m9kbk,25m,786Mi
openshift-machine-config-operator,machine-config-daemon-2mh9d,0m,186Mi
openshift-machine-config-operator,machine-config-daemon-6zc8z,0m,181Mi
openshift-machine-config-operator,machine-config-daemon-b2pzm,0m,161Mi
openshift-machine-config-operator,machine-config-daemon-bhs46,0m,176Mi
openshift-machine-config-operator,machine-config-daemon-c7vfl,0m,174Mi
openshift-machine-config-operator,machine-config-daemon-f96rh,0m,170Mi
openshift-machine-config-operator,machine-config-daemon-h862h,0m,174Mi
openshift-machine-config-operator,machine-config-daemon-ls495,0m,173Mi
openshift-machine-config-operator,machine-config-daemon-mhxtp,0m,174Mi
openshift-machine-config-operator,machine-config-daemon-n9s4d,0m,168Mi
openshift-machine-config-operator,machine-config-daemon-nhjxf,0m,166Mi
openshift-machine-config-operator,machine-config-daemon-rch9k,0m,181Mi
openshift-machine-config-operator,machine-config-daemon-tbsrp,0m,153Mi
openshift-machine-config-operator,machine-config-daemon-vrnjd,0m,168Mi
openshift-machine-config-operator,machine-config-daemon-xmlf9,0m,171Mi
openshift-machine-config-operator,machine-config-daemon-zx2s4,0m,169Mi
openshift-machine-config-operator,machine-config-operator-575bdfffc6-xhh5x,12m,248Mi
openshift-machine-config-operator,machine-config-server-662x8,0m,47Mi
openshift-machine-config-operator,machine-config-server-qz2wk,0m,47Mi
openshift-machine-config-operator,machine-config-server-wnhzt,0m,44Mi
openshift-managed-upgrade-operator,managed-upgrade-operator-89b864594-rlztb,1m,63Mi
openshift-marketplace,certified-operators-new-nvbj8,2m,69Mi
openshift-marketplace,community-operators-new-sfv6k,2m,62Mi
openshift-marketplace,marketplace-operator-5c87d74f6c-vvgpb,59m,80Mi
openshift-marketplace,redhat-marketplace-7f6hc,1m,217Mi
openshift-marketplace,redhat-operators-r964q,2m,167Mi
openshift-monitoring,alertmanager-main-0,2m,194Mi
openshift-monitoring,alertmanager-main-1,3m,218Mi
openshift-monitoring,cluster-monitoring-operator-6f68bbf775-2bsqm,20m,142Mi
openshift-monitoring,kube-state-metrics-5d5f7556bc-np8lp,21m,408Mi
openshift-monitoring,monitoring-plugin-6865b86574-rvjxw,0m,3Mi
openshift-monitoring,monitoring-plugin-6865b86574-v2zhk,0m,3Mi
openshift-monitoring,node-exporter-2l5wj,4m,60Mi
openshift-monitoring,node-exporter-4lmgn,3m,60Mi
openshift-monitoring,node-exporter-6h279,2m,56Mi
openshift-monitoring,node-exporter-6zrck,3m,59Mi
openshift-monitoring,node-exporter-9jg48,3m,62Mi
openshift-monitoring,node-exporter-b4rl9,4m,58Mi
openshift-monitoring,node-exporter-b6jr4,2m,52Mi
openshift-monitoring,node-exporter-bc8qj,4m,62Mi
openshift-monitoring,node-exporter-hhchx,4m,55Mi
openshift-monitoring,node-exporter-l29vj,4m,58Mi
openshift-monitoring,node-exporter-m27lq,6m,63Mi
openshift-monitoring,node-exporter-n8gdw,3m,57Mi
openshift-monitoring,node-exporter-p975g,4m,63Mi
openshift-monitoring,node-exporter-sf4r8,5m,60Mi
openshift-monitoring,node-exporter-sgjhz,5m,56Mi
openshift-monitoring,node-exporter-t6kxn,4m,57Mi
openshift-monitoring,openshift-state-metrics-7b754dcf96-dwmk4,0m,100Mi
openshift-monitoring,prometheus-adapter-84c755f474-d9d8g,18m,95Mi
openshift-monitoring,prometheus-adapter-84c755f474-s99hq,13m,99Mi
openshift-monitoring,prometheus-k8s-0,986m,11547Mi
openshift-monitoring,prometheus-k8s-1,837m,11585Mi
openshift-monitoring,prometheus-operator-64c4867485-7k5wn,0m,123Mi
openshift-monitoring,prometheus-operator-admission-webhook-77bc54847b-62hpl,0m,36Mi
openshift-monitoring,prometheus-operator-admission-webhook-77bc54847b-gqdrt,3m,40Mi
openshift-monitoring,thanos-querier-7bb95f775-k2hdb,5m,235Mi
openshift-monitoring,thanos-querier-7bb95f775-m8fw7,0m,992Mi
openshift-mta,mta-keycloak-postgresql-15-7847fdf785-jqjfk,5m,27Mi
openshift-mta,mta-operator-6f568845f4-cqk45,0m,65Mi
openshift-mta,mta-ui-6d87b9c459-2qx4p,7m,51Mi
openshift-mta,rhsso-operator-6bd84bc57b-k7qht,0m,27Mi
openshift-multus,multus-2rj95,0m,191Mi
openshift-multus,multus-55nzm,0m,58Mi
openshift-multus,multus-8sk78,0m,566Mi
openshift-multus,multus-9kctw,0m,60Mi
openshift-multus,multus-additional-cni-plugins-2z84r,0m,1Mi
openshift-multus,multus-additional-cni-plugins-5rl4w,0m,1Mi
openshift-multus,multus-additional-cni-plugins-7lnjw,0m,1Mi
openshift-multus,multus-additional-cni-plugins-978w4,0m,1Mi
openshift-multus,multus-additional-cni-plugins-98sxt,0m,1Mi
openshift-multus,multus-additional-cni-plugins-bbjp4,0m,0Mi
openshift-multus,multus-additional-cni-plugins-dqbql,0m,1Mi
openshift-multus,multus-additional-cni-plugins-jzzlz,0m,1Mi
openshift-multus,multus-additional-cni-plugins-kccpl,0m,1Mi
openshift-multus,multus-additional-cni-plugins-ld7bs,0m,1Mi
openshift-multus,multus-additional-cni-plugins-lmzn4,0m,1Mi
openshift-multus,multus-additional-cni-plugins-mhc9v,0m,1Mi
openshift-multus,multus-additional-cni-plugins-pprzj,0m,1Mi
openshift-multus,multus-additional-cni-plugins-qg87r,0m,1Mi
openshift-multus,multus-additional-cni-plugins-rsrh4,0m,1Mi
openshift-multus,multus-additional-cni-plugins-x69lq,0m,1Mi
openshift-multus,multus-admission-controller-5cb5ff674-qz8ts,1m,103Mi
openshift-multus,multus-admission-controller-5cb5ff674-vrqqt,2m,106Mi
openshift-multus,multus-c274d,0m,68Mi
openshift-multus,multus-c2kf6,32m,663Mi
openshift-multus,multus-fl4gl,31m,791Mi
openshift-multus,multus-htb9r,0m,91Mi
openshift-multus,multus-q9nmh,0m,946Mi
openshift-multus,multus-s77wx,0m,57Mi
openshift-multus,multus-s99vg,1m,115Mi
openshift-multus,multus-tptvf,0m,505Mi
openshift-multus,multus-v6rgr,0m,65Mi
openshift-multus,multus-x8nkc,0m,631Mi
openshift-multus,multus-z7lzx,0m,612Mi
openshift-multus,multus-zr6mk,0m,741Mi
openshift-multus,network-metrics-daemon-448jb,0m,71Mi
openshift-multus,network-metrics-daemon-4g649,0m,60Mi
openshift-multus,network-metrics-daemon-88zlx,7m,78Mi
openshift-multus,network-metrics-daemon-8n5qt,0m,89Mi
openshift-multus,network-metrics-daemon-csr2v,0m,74Mi
openshift-multus,network-metrics-daemon-f6gvc,0m,77Mi
openshift-multus,network-metrics-daemon-fbkn2,0m,82Mi
openshift-multus,network-metrics-daemon-hfnt4,0m,63Mi
openshift-multus,network-metrics-daemon-l4hqk,0m,85Mi
openshift-multus,network-metrics-daemon-l8rd4,0m,80Mi
openshift-multus,network-metrics-daemon-mzt42,0m,80Mi
openshift-multus,network-metrics-daemon-nv84q,0m,73Mi
openshift-multus,network-metrics-daemon-rp787,6m,196Mi
openshift-multus,network-metrics-daemon-v27rk,3m,303Mi
openshift-multus,network-metrics-daemon-wj5q7,0m,63Mi
openshift-multus,network-metrics-daemon-z8c5g,2m,258Mi
openshift-network-diagnostics,network-check-source-7d888447b4-np7kr,1m,348Mi
openshift-network-diagnostics,network-check-target-8dqlv,0m,18Mi
openshift-network-diagnostics,network-check-target-9zzf2,0m,15Mi
openshift-network-diagnostics,network-check-target-ftx7j,0m,17Mi
openshift-network-diagnostics,network-check-target-gkd29,0m,19Mi
openshift-network-diagnostics,network-check-target-gzfz7,0m,13Mi
openshift-network-diagnostics,network-check-target-jwmhg,0m,19Mi
openshift-network-diagnostics,network-check-target-lltxj,0m,17Mi
openshift-network-diagnostics,network-check-target-n4s2d,0m,17Mi
openshift-network-diagnostics,network-check-target-n87b9,0m,17Mi
openshift-network-diagnostics,network-check-target-q6nm4,0m,20Mi
openshift-network-diagnostics,network-check-target-q7fvk,0m,17Mi
openshift-network-diagnostics,network-check-target-qnhmj,0m,17Mi
openshift-network-diagnostics,network-check-target-rl8gx,0m,13Mi
openshift-network-diagnostics,network-check-target-rtdxt,0m,17Mi
openshift-network-diagnostics,network-check-target-tzg7m,0m,17Mi
openshift-network-diagnostics,network-check-target-z24gj,0m,16Mi
openshift-network-node-identity,network-node-identity-26f8t,4m,80Mi
openshift-network-node-identity,network-node-identity-tpk4b,4m,61Mi
openshift-network-node-identity,network-node-identity-wz4z7,4m,58Mi
openshift-network-operator,network-operator-55cdbbdf9-prlg2,8m,395Mi
openshift-oauth-apiserver,apiserver-7c864cfb46-h8xs8,6m,105Mi
openshift-oauth-apiserver,apiserver-7c864cfb46-k75xz,8m,98Mi
openshift-oauth-apiserver,apiserver-7c864cfb46-r24w8,6m,104Mi
openshift-opentelemetry-operator,opentelemetry-operator-controller-manager-67f54d98f4-9rb7x,4m,247Mi
openshift-operator-lifecycle-manager,catalog-operator-5bc76757b-kltlk,2m,470Mi
openshift-operator-lifecycle-manager,olm-operator-5d6488c5f6-xwv58,118m,824Mi
openshift-operator-lifecycle-manager,package-server-manager-58d76848f9-6mcc7,0m,25Mi
openshift-operator-lifecycle-manager,packageserver-68545d9998-7ktm9,5m,265Mi
openshift-operator-lifecycle-manager,packageserver-68545d9998-ppfvm,3m,277Mi
openshift-operators,amq-broker-controller-manager-765bdf9986-xhw9d,5m,604Mi
openshift-operators,istio-cni-node-v2-6-5lxhk,0m,25Mi
openshift-operators,istio-cni-node-v2-6-7l8jz,0m,83Mi
openshift-operators,istio-cni-node-v2-6-7t7c8,0m,44Mi
openshift-operators,istio-cni-node-v2-6-8bsvq,0m,31Mi
openshift-operators,istio-cni-node-v2-6-94sqk,0m,117Mi
openshift-operators,istio-cni-node-v2-6-97jrw,0m,29Mi
openshift-operators,istio-cni-node-v2-6-ddv8z,0m,23Mi
openshift-operators,istio-cni-node-v2-6-jp4jr,0m,31Mi
openshift-operators,istio-cni-node-v2-6-k2hwc,0m,28Mi
openshift-operators,istio-cni-node-v2-6-r2flp,0m,29Mi
openshift-operators,istio-cni-node-v2-6-r9ddv,0m,30Mi
openshift-operators,istio-cni-node-v2-6-sbwps,0m,29Mi
openshift-operators,istio-cni-node-v2-6-v4cpq,0m,76Mi
openshift-operators,istio-cni-node-v2-6-wrqg7,0m,56Mi
openshift-operators,istio-cni-node-v2-6-xj4js,0m,23Mi
openshift-operators,istio-cni-node-v2-6-zxvqm,0m,29Mi
openshift-operators,istio-operator-6c4457bd4d-rvzlw,27m,1079Mi
openshift-operators-redhat,loki-operator-controller-manager-b46689fd5-wxhrk,12m,927Mi
openshift-ovn-kubernetes,ovnkube-control-plane-dc7868d7f-grqh9,11m,568Mi
openshift-ovn-kubernetes,ovnkube-control-plane-dc7868d7f-klbf5,0m,65Mi
openshift-ovn-kubernetes,ovnkube-node-2fqvj,47m,806Mi
openshift-ovn-kubernetes,ovnkube-node-2zbws,76m,761Mi
openshift-ovn-kubernetes,ovnkube-node-6n4df,74m,844Mi
openshift-ovn-kubernetes,ovnkube-node-8z88m,64m,1042Mi
openshift-ovn-kubernetes,ovnkube-node-c476n,57m,1028Mi
openshift-ovn-kubernetes,ovnkube-node-clp5w,70m,801Mi
openshift-ovn-kubernetes,ovnkube-node-gfxnn,69m,1031Mi
openshift-ovn-kubernetes,ovnkube-node-qf5lv,88m,823Mi
openshift-ovn-kubernetes,ovnkube-node-qhvrn,86m,834Mi
openshift-ovn-kubernetes,ovnkube-node-qvrc9,56m,758Mi
openshift-ovn-kubernetes,ovnkube-node-rqztg,187m,871Mi
openshift-ovn-kubernetes,ovnkube-node-sv5tm,76m,964Mi
openshift-ovn-kubernetes,ovnkube-node-vvc4l,119m,986Mi
openshift-ovn-kubernetes,ovnkube-node-w4ss6,72m,880Mi
openshift-ovn-kubernetes,ovnkube-node-wxdhl,261m,1030Mi
openshift-ovn-kubernetes,ovnkube-node-xrhkt,73m,846Mi
openshift-route-controller-manager,route-controller-manager-55548c87df-9dd2z,1m,55Mi
openshift-route-controller-manager,route-controller-manager-55548c87df-9scdz,2m,182Mi
openshift-route-controller-manager,route-controller-manager-55548c87df-n6dkm,0m,56Mi
openshift-service-ca,service-ca-789cc68dff-cdpmn,1m,434Mi
openshift-service-ca-operator,service-ca-operator-cfb65db99-k6d5m,4m,67Mi
openshift-tempo-operator,tempo-operator-controller-999b66b69-pkg88,7m,723Mi
openshift-user-workload-monitoring,prometheus-operator-6688449845-qpmj5,0m,137Mi
openshift-user-workload-monitoring,prometheus-user-workload-0,14m,325Mi
openshift-user-workload-monitoring,prometheus-user-workload-1,19m,324Mi
openshift-user-workload-monitoring,thanos-ruler-user-workload-0,2m,142Mi
openshift-user-workload-monitoring,thanos-ruler-user-workload-1,1m,138Mi
projectsha,web-app-86b5ccb5cd-cvll6,0m,49Mi
projectsha,web-app-86b5ccb5cd-sbkhm,0m,59Mi
q-test,bab-startup-service-dd7947fd7-h52rw,0m,425Mi
rhacs-operator,rhacs-operator-controller-manager-6f7cb6dd5d-jc7fl,1m,67Mi
rmbdev,kony-fabric-apiportal-5d7b7f8577-hhbpq,0m,539Mi
rmbdev,kony-fabric-identity-6b685f579f-29hgf,1m,590Mi
uipath-argocd,argocd-application-controller-0,339m,2713Mi
uipath-argocd,argocd-dex-server-7bb84465d4-67rzw,0m,80Mi
uipath-argocd,argocd-redis-5c6bd8786d-77kqj,1m,9Mi
uipath-argocd,argocd-repo-server-779b4fd67-fzfx6,0m,64Mi
uipath-argocd,argocd-server-544d5ffcb-76ljx,5m,93Mi
