"SubscriptionId","VMName","ResourceGroup","OS","ExtensionPresent","ExtensionType","ProvisioningState","ExtensionVersion"
"43cc4f11-ffb1-4a0d-8420-0ba3746b4248","bab-dev-aro-01-zm4qv-master-0","ARO-INFRA-LX29KZ5C-BAB-DEV-ARO-01","Linux","No","Not Installed","N/A","N/A"
"43cc4f11-ffb1-4a0d-8420-0ba3746b4248","bab-dev-aro-01-zm4qv-master-1","ARO-INFRA-LX29KZ5C-BAB-DEV-ARO-01","Linux","No","Not Installed","N/A","N/A"
"43cc4f11-ffb1-4a0d-8420-0ba3746b4248","bab-dev-aro-01-zm4qv-master-2","ARO-INFRA-LX29KZ5C-BAB-DEV-ARO-01","Linux","No","Not Installed","N/A","N/A"
"43cc4f11-ffb1-4a0d-8420-0ba3746b4248","bab-dev-aro-01-zm4qv-worker-swec-01-h4skf","ARO-INFRA-LX29KZ5C-BAB-DEV-ARO-01","Linux","No","Not Installed","N/A","N/A"
"43cc4f11-ffb1-4a0d-8420-0ba3746b4248","bab-dev-aro-01-zm4qv-worker-swec-02-65kw7","ARO-INFRA-LX29KZ5C-BAB-DEV-ARO-01","Linux","No","Not Installed","N/A","N/A"
"43cc4f11-ffb1-4a0d-8420-0ba3746b4248","bab-dev-aro-01-zm4qv-worker-swec-03-pdt28","ARO-INFRA-LX29KZ5C-BAB-DEV-ARO-01","Linux","No","Not Installed","N/A","N/A"
"43cc4f11-ffb1-4a0d-8420-0ba3746b4248","bab-dev-aro-01-zm4qv-worker-swec-04-25fmv","ARO-INFRA-LX29KZ5C-BAB-DEV-ARO-01","Linux","No","Not Installed","N/A","N/A"
"43cc4f11-ffb1-4a0d-8420-0ba3746b4248","bab-dev-aro-01-zm4qv-worker-swec-05-rwr4r","ARO-INFRA-LX29KZ5C-BAB-DEV-ARO-01","Linux","No","Not Installed","N/A","N/A"
"43cc4f11-ffb1-4a0d-8420-0ba3746b4248","bab-dev-aro-01-zm4qv-worker-swec-06-qvjx6","ARO-INFRA-LX29KZ5C-BAB-DEV-ARO-01","Linux","No","Not Installed","N/A","N/A"
"43cc4f11-ffb1-4a0d-8420-0ba3746b4248","bab-dev-aro-01-zm4qv-worker-swec-07-48zfr","ARO-INFRA-LX29KZ5C-BAB-DEV-ARO-01","Linux","No","Not Installed","N/A","N/A"
"43cc4f11-ffb1-4a0d-8420-0ba3746b4248","bab-dev-aro-01-zm4qv-worker-swec-08-9xmrp","ARO-INFRA-LX29KZ5C-BAB-DEV-ARO-01","Linux","No","Not Installed","N/A","N/A"
"43cc4f11-ffb1-4a0d-8420-0ba3746b4248","DADAIGPULV01","BAB-CORE-AI-SWEC-01","Linux","Yes","MDE.Linux","Succeeded","1.0"
"43cc4f11-ffb1-4a0d-8420-0ba3746b4248","DADAIGPULV2","BAB-CORE-AI-SWEC-01","Linux","Yes","MDE.Linux","Succeeded","1.0"
"43cc4f11-ffb1-4a0d-8420-0ba3746b4248","DAADOT24DBDWV01","BAB-DEV-ADO-T24-SWEC-RG-01","Windows","Yes","MDE.Windows","Succeeded","1.0"
"43cc4f11-ffb1-4a0d-8420-0ba3746b4248","DAAMLAIODBDLV01","BAB-DEV-AML-AI-RG-01","Linux","Yes","MDE.Linux","Succeeded","1.0"
"43cc4f11-ffb1-4a0d-8420-0ba3746b4248","DAAMLAIPGDBDLV01","BAB-DEV-AML-AI-RG-01","Linux","Yes","MDE.Linux","Succeeded","1.0"
"43cc4f11-ffb1-4a0d-8420-0ba3746b4248","DARRRAPAUDLV1","BAB-DEV-APEX-SWEC-RG-01","Linux","Yes","MDE.Linux","Failed","1.0"
"43cc4f11-ffb1-4a0d-8420-0ba3746b4248","DARRRDBORDLV1","BAB-DEV-APEX-SWEC-RG-01","Linux","Yes","MDE.Linux","Failed","1.0"
"43cc4f11-ffb1-4a0d-8420-0ba3746b4248","DARRRWBWBDLV1","BAB-DEV-APEX-SWEC-RG-01","Linux","Yes","MDE.Linux","Failed","1.0"
"43cc4f11-ffb1-4a0d-8420-0ba3746b4248","DANCRAPXXDWV1","BAB-DEV-APTRA-SWEC-RG-01","Windows","Yes","MDE.Windows","Succeeded","1.0"
"43cc4f11-ffb1-4a0d-8420-0ba3746b4248","DAAVEAPFLDWV01","BAB-DEV-AVE-SWEC-RG-01","Windows","Yes","MDE.Windows","Succeeded","1.0"
"43cc4f11-ffb1-4a0d-8420-0ba3746b4248","DAAVEAPPDWV01","BAB-DEV-AVE-SWEC-RG-01","Windows","Yes","MDE.Windows","Succeeded","1.0"
"43cc4f11-ffb1-4a0d-8420-0ba3746b4248","DAAVEWBPRDWV01","BAB-DEV-AVE-SWEC-RG-01","Windows","Yes","MDE.Windows","Succeeded","1.0"
"43cc4f11-ffb1-4a0d-8420-0ba3746b4248","DABASADCPDWV1","BAB-DEV-BAAS-AD-RG-01","Windows","Yes","MDE.Windows","Succeeded","1.0"
"43cc4f11-ffb1-4a0d-8420-0ba3746b4248","DABASADRTDWV1","BAB-DEV-BAAS-AD-RG-01","Windows","Yes","MDE.Windows","Succeeded","1.0"
"43cc4f11-ffb1-4a0d-8420-0ba3746b4248","DABASAPKADLV01","BAB-DEV-BAAS-SWEC-RG-01","Linux","Yes","MDE.Linux","Succeeded","1.0"
"43cc4f11-ffb1-4a0d-8420-0ba3746b4248","DABASAPKADLV02","BAB-DEV-BAAS-SWEC-RG-01","Linux","Yes","MDE.Linux","Succeeded","1.0"
"43cc4f11-ffb1-4a0d-8420-0ba3746b4248","DABASAPKADLV03","BAB-DEV-BAAS-SWEC-RG-01","Linux","Yes","MDE.Linux","Succeeded","1.0"
"43cc4f11-ffb1-4a0d-8420-0ba3746b4248","DABASDBRDDLV01","BAB-DEV-BAAS-SWEC-RG-01","Linux","Yes","MDE.Linux","Succeeded","1.0"
"43cc4f11-ffb1-4a0d-8420-0ba3746b4248","DACAIAPASDWV01","BAB-DEV-BCAI-SWEC-RG-01","Windows","Yes","MDE.Windows","Succeeded","1.0"
"43cc4f11-ffb1-4a0d-8420-0ba3746b4248","DACAIAPLEDWV01","BAB-DEV-BCAI-SWEC-RG-01","Windows","Yes","MDE.Windows","Succeeded","1.0"
"43cc4f11-ffb1-4a0d-8420-0ba3746b4248","DACAIDBSQDWV01","BAB-DEV-BCAI-SWEC-RG-01","Windows","Yes","MDE.Windows","Succeeded","1.0"
"43cc4f11-ffb1-4a0d-8420-0ba3746b4248","DACAIWBLPDWV01","BAB-DEV-BCAI-SWEC-RG-01","Windows","Yes","MDE.Windows","Succeeded","1.0"
"43cc4f11-ffb1-4a0d-8420-0ba3746b4248","DABDMAPWBDWV1","BAB-DEV-BDS-SWEC-RG-01","Windows","Yes","MDE.Windows","Succeeded","1.0"
"43cc4f11-ffb1-4a0d-8420-0ba3746b4248","DABDMDBSQDWV1","BAB-DEV-BDS-SWEC-RG-01","Windows","Yes","MDE.Windows","Succeeded","1.0"
"43cc4f11-ffb1-4a0d-8420-0ba3746b4248","DABIBADLDDWV1","BAB-DEV-BIB-SWEC-RG-01","Windows","Yes","MDE.Windows","Succeeded","1.0"
"43cc4f11-ffb1-4a0d-8420-0ba3746b4248","DAIBGADLDDWV1","BAB-DEV-BIB-SWEC-RG-01","Windows","Yes","MDE.Windows","Succeeded","1.0"
"43cc4f11-ffb1-4a0d-8420-0ba3746b4248","DABORAPXXDWV1","BAB-DEV-BO-SWEC-RG-01","Windows","Yes","MDE.Windows","Succeeded","1.0"
"43cc4f11-ffb1-4a0d-8420-0ba3746b4248","DASAPAPBODWV1","BAB-DEV-BO-SWEC-RG-01","Windows","Yes","MDE.Windows","Succeeded","1.0"
"43cc4f11-ffb1-4a0d-8420-0ba3746b4248","DASAPAPDMDWV1","BAB-DEV-BO-SWEC-RG-01","Windows","Yes","MDE.Windows","Succeeded","1.0"
"43cc4f11-ffb1-4a0d-8420-0ba3746b4248","DASAPWBBODWV1","BAB-DEV-BO-SWEC-RG-01","Windows","Yes","MDE.Windows","Succeeded","1.0"
"43cc4f11-ffb1-4a0d-8420-0ba3746b4248","DABPMAPWSDLV1","BAB-DEV-BPM-SWEC-RG-01","Linux","Yes","MDE.Linux","Succeeded","1.0"
"43cc4f11-ffb1-4a0d-8420-0ba3746b4248","DABPMDBORDLV1","BAB-DEV-BPM-SWEC-RG-01","Linux","Yes","MDE.Linux","Succeeded","1.0"
"43cc4f11-ffb1-4a0d-8420-0ba3746b4248","DATCRAPMODLV1","BAB-DEV-CASHINST-SWEC-RG-01","Linux","Yes","MDE.Linux","Succeeded","1.0"
"43cc4f11-ffb1-4a0d-8420-0ba3746b4248","DTAZCBDAWWV01","BAB-DEV-CBDC-SWEC-RG-01","Windows","Yes","MDE.Windows","Succeeded","1.0"
"43cc4f11-ffb1-4a0d-8420-0ba3746b4248","DAFISAPWSDLV1","BAB-DEV-CORTEX-SWEC-RG-01","Linux","Yes","MDE.Linux","Succeeded","1.0"
"43cc4f11-ffb1-4a0d-8420-0ba3746b4248","DACRMAPFEWV01","BAB-DEV-CRM-SWEC-RG-01","Windows","Yes","MDE.Windows","Succeeded","1.0"
"43cc4f11-ffb1-4a0d-8420-0ba3746b4248","DACRMAPFEWV02","BAB-DEV-CRM-SWEC-RG-01","Windows","Yes","MDE.Windows","Succeeded","1.0"
"43cc4f11-ffb1-4a0d-8420-0ba3746b4248","DACRMAPIRDWV1","BAB-DEV-CRM-SWEC-RG-01","Windows","Yes","MDE.Windows","Failed","1.0"
"43cc4f11-ffb1-4a0d-8420-0ba3746b4248","DACRMCTIDVWV1","BAB-DEV-CRM-SWEC-RG-01","Windows","Yes","MDE.Windows","Succeeded","1.0"
"43cc4f11-ffb1-4a0d-8420-0ba3746b4248","DACRMCTISTWV1","BAB-DEV-CRM-SWEC-RG-01","Windows","Yes","MDE.Windows","Succeeded","1.0"
"43cc4f11-ffb1-4a0d-8420-0ba3746b4248","DTAZRCRMDBWV01","BAB-DEV-CRM-SWEC-RG-01","Windows","Yes","MDE.Windows","Succeeded","1.0"
"43cc4f11-ffb1-4a0d-8420-0ba3746b4248","DTAZRCRMDBWV02","BAB-DEV-CRM-SWEC-RG-01","Windows","Yes","MDE.Windows","Succeeded","1.0"
"43cc4f11-ffb1-4a0d-8420-0ba3746b4248","DTAZRCRMRSWV01","BAB-DEV-CRM-SWEC-RG-01","Windows","Yes","MDE.Windows","Succeeded","1.0"
"43cc4f11-ffb1-4a0d-8420-0ba3746b4248","DTAZRCRMRSWV02","BAB-DEV-CRM-SWEC-RG-01","Windows","Yes","MDE.Windows","Succeeded","1.0"
"43cc4f11-ffb1-4a0d-8420-0ba3746b4248","DTAZRCRMSPWV01","BAB-DEV-CRM-SWEC-RG-01","Windows","Yes","MDE.Windows","Succeeded","1.0"
"43cc4f11-ffb1-4a0d-8420-0ba3746b4248","DTAZRCRMSPWV02","BAB-DEV-CRM-SWEC-RG-01","Windows","Yes","MDE.Windows","Succeeded","1.0"
"43cc4f11-ffb1-4a0d-8420-0ba3746b4248","DTAZRCRMWBWV01","BAB-DEV-CRM-SWEC-RG-01","Windows","Yes","MDE.Windows","Succeeded","1.0"
"43cc4f11-ffb1-4a0d-8420-0ba3746b4248","DTAZRCRMWBWV02","BAB-DEV-CRM-SWEC-RG-01","Windows","Yes","MDE.Windows","Succeeded","1.0"
"43cc4f11-ffb1-4a0d-8420-0ba3746b4248","DACTXAPGUDLV01","BAB-DEV-CRTXUP-SWEC-RG-01","Linux","Yes","MDE.Linux","Succeeded","1.0"
"43cc4f11-ffb1-4a0d-8420-0ba3746b4248","DACTXAPSWDLV01","BAB-DEV-CRTXUP-SWEC-RG-01","Linux","Yes","MDE.Linux","Succeeded","1.0"
"43cc4f11-ffb1-4a0d-8420-0ba3746b4248","DACTXDBORDLV01","BAB-DEV-CRTXUP-SWEC-RG-01","Linux","Yes","MDE.Linux","Succeeded","1.0"
"43cc4f11-ffb1-4a0d-8420-0ba3746b4248","DAISTAPGUDLV01","BAB-DEV-CRTXUP-SWEC-RG-01","Linux","Yes","MDE.Linux","Succeeded","1.0"
"43cc4f11-ffb1-4a0d-8420-0ba3746b4248","DAISTAPSWDLV01","BAB-DEV-CRTXUP-SWEC-RG-01","Linux","Yes","MDE.Linux","Succeeded","1.0"
"43cc4f11-ffb1-4a0d-8420-0ba3746b4248","DACRMADOAGDWV01","BAB-DEV-DEVOPS-SWEC-RG-01","Windows","Yes","MDE.Windows","Succeeded","1.0"
"43cc4f11-ffb1-4a0d-8420-0ba3746b4248","DADEXAPIIDWV01","BAB-DEV-DEX-UPG-SWEC-RG-01","Windows","Yes","MDE.Windows","Succeeded","1.0"
"43cc4f11-ffb1-4a0d-8420-0ba3746b4248","DADEXIXOAPDWV01","BAB-DEV-DEX-UPG-SWEC-RG-01","Windows","Yes","MDE.Windows","Succeeded","1.0"
"43cc4f11-ffb1-4a0d-8420-0ba3746b4248","DADEXORDBDLV01","BAB-DEV-DEX-UPG-SWEC-RG-01","Linux","Yes","MDE.Linux","Succeeded","1.0"
"43cc4f11-ffb1-4a0d-8420-0ba3746b4248","DAEMVAPCIDWV1","BAB-DEV-DEXXIS-SWEC-RG-01","Windows","Yes","MDE.Windows","Succeeded","1.0"
"43cc4f11-ffb1-4a0d-8420-0ba3746b4248","daemvapdpdwv1","BAB-DEV-DEXXIS-SWEC-RG-01","Windows","Yes","MDE.Windows","Succeeded","1.0"
"43cc4f11-ffb1-4a0d-8420-0ba3746b4248","daemvdbordwv1","BAB-DEV-DEXXIS-SWEC-RG-01","Windows","Yes","MDE.Windows","Succeeded","1.0"
"43cc4f11-ffb1-4a0d-8420-0ba3746b4248","DAEMVDBORDWV2","BAB-DEV-DEXXIS-SWEC-RG-01","Windows","Yes","MDE.Windows","Succeeded","1.0"
"43cc4f11-ffb1-4a0d-8420-0ba3746b4248","DADGBMNDBLV01","BAB-DEV-DGPDPL-SWEC-RG-01","Linux","Yes","MDE.Linux","Succeeded","1.0"
"43cc4f11-ffb1-4a0d-8420-0ba3746b4248","DADGERMAPWV01","BAB-DEV-DGPDPL-SWEC-RG-01","Windows","Yes","MDE.Windows","Succeeded","1.0"
"43cc4f11-ffb1-4a0d-8420-0ba3746b4248","DADGERMDBLV01","BAB-DEV-DGPDPL-SWEC-RG-01","Linux","Yes","MDE.Linux","Succeeded","1.0"
"43cc4f11-ffb1-4a0d-8420-0ba3746b4248","DADGINFAGWV01","BAB-DEV-DGPDPL-SWEC-RG-01","Windows","Yes","MDE.Windows","Succeeded","1.0"
"43cc4f11-ffb1-4a0d-8420-0ba3746b4248","DADGINFAPLV01","BAB-DEV-DGPDPL-SWEC-RG-01","Linux","Yes","MDE.Linux","Succeeded","1.0"
"43cc4f11-ffb1-4a0d-8420-0ba3746b4248","DADGINFAXLV01","BAB-DEV-DGPDPL-SWEC-RG-01","Linux","Yes","MDE.Linux","Succeeded","1.0"
"43cc4f11-ffb1-4a0d-8420-0ba3746b4248","DADGINFDBWV01","BAB-DEV-DGPDPL-SWEC-RG-01","Windows","Yes","MDE.Windows","Succeeded","1.0"
"43cc4f11-ffb1-4a0d-8420-0ba3746b4248","DADGINFDQLV01","BAB-DEV-DGPDPL-SWEC-RG-01","Linux","Yes","MDE.Linux","Succeeded","1.0"
"43cc4f11-ffb1-4a0d-8420-0ba3746b4248","DADGINFIELV01","BAB-DEV-DGPDPL-SWEC-RG-01","Linux","Yes","MDE.Linux","Succeeded","1.0"
"43cc4f11-ffb1-4a0d-8420-0ba3746b4248","DAOBPDBSQDWV1","BAB-DEV-DIGIAPI-SWEC-RG-01","Windows","Yes","MDE.Windows","Succeeded","1.0"
"43cc4f11-ffb1-4a0d-8420-0ba3746b4248","DAOPSAPPJDWV1","BAB-DEV-DOPSTOSCA-SWEC-RG-01","Windows","Yes","MDE.Windows","Succeeded","1.0"
"43cc4f11-ffb1-4a0d-8420-0ba3746b4248","DAOPSAPPJDWV3","BAB-DEV-DOPSTOSCA-SWEC-RG-01","Windows","Yes","MDE.Windows","Succeeded","1.0"
"43cc4f11-ffb1-4a0d-8420-0ba3746b4248","DAOPSDBSQDWV4","BAB-DEV-DOPSTOSCA-SWEC-RG-01","Windows","Yes","MDE.Windows","Succeeded","1.0"
"43cc4f11-ffb1-4a0d-8420-0ba3746b4248","DAEBSAPINDLV01","BAB-DEV-EBS-SWEC-RG-01","Linux","Yes","MDE.Linux","Succeeded","1.0"
"43cc4f11-ffb1-4a0d-8420-0ba3746b4248","DAEBSDBORDLV01","BAB-DEV-EBS-SWEC-RG-01","Linux","Yes","MDE.Linux","Succeeded","1.0"
"43cc4f11-ffb1-4a0d-8420-0ba3746b4248","DAEMBAPJBDLV1","BAB-DEV-ENJMBNK-SWEC-RG-01","Linux","Yes","MDE.Linux","Failed","1.0"
"43cc4f11-ffb1-4a0d-8420-0ba3746b4248","DAEMBDBSQDWV1","BAB-DEV-ENJMBNK-SWEC-RG-01","Windows","Yes","MDE.Windows","Succeeded","1.0"
"43cc4f11-ffb1-4a0d-8420-0ba3746b4248","DADHBDBSQDWV1","BAB-DEV-ETL-SWEC-RG-01","Windows","Yes","MDE.Windows","Succeeded","1.0"
"43cc4f11-ffb1-4a0d-8420-0ba3746b4248","DAETLAPDMDWV1","BAB-DEV-ETL-SWEC-RG-01","Windows","Yes","MDE.Windows","Succeeded","1.0"
"43cc4f11-ffb1-4a0d-8420-0ba3746b4248","DACASDBLV01","BAB-DEV-GIB-SWEC-RG-01","Linux","Yes","MDE.Linux","Failed","1.0"
"43cc4f11-ffb1-4a0d-8420-0ba3746b4248","DACASDBLV02","BAB-DEV-GIB-SWEC-RG-01","Linux","Yes","MDE.Linux","Failed","1.0"
"43cc4f11-ffb1-4a0d-8420-0ba3746b4248","DAMLAPLV01","BAB-DEV-GIB-SWEC-RG-01","Linux","Yes","MDE.Linux","Failed","1.0"
"43cc4f11-ffb1-4a0d-8420-0ba3746b4248","DAMORADLV01","BAB-DEV-GIB-SWEC-RG-01","Linux","Yes","MDE.Linux","Failed","1.0"
"43cc4f11-ffb1-4a0d-8420-0ba3746b4248","DAMFAWBWBDWV1","BAB-DEV-HID-SWEC-RG-01","Windows","Yes","MDE.Windows","Succeeded","1.0"
"43cc4f11-ffb1-4a0d-8420-0ba3746b4248","DAHRMAPDWV1","BAB-DEV-HRM-SWEC-RG-01","Windows","Yes","MDE.Windows","Succeeded","1.0"
"43cc4f11-ffb1-4a0d-8420-0ba3746b4248","DAHRMWBDWV1","BAB-DEV-HRM-SWEC-RG-01","Windows","Yes","MDE.Windows","Succeeded","1.0"
"43cc4f11-ffb1-4a0d-8420-0ba3746b4248","DAIAMAPDMDWV2","BAB-DEV-IAMS-SWEC-RG-01","Windows","No","Not Installed","N/A","N/A"
"43cc4f11-ffb1-4a0d-8420-0ba3746b4248","DAIAMDBDMDWV1","BAB-DEV-IAMS-SWEC-RG-01","Windows","Yes","MDE.Windows","Succeeded","1.0"
"43cc4f11-ffb1-4a0d-8420-0ba3746b4248","DAIBGAPWSDLV1","BAB-DEV-IBG-SWEC-RG-01","Linux","Yes","MDE.Linux","Succeeded","1.0"
"43cc4f11-ffb1-4a0d-8420-0ba3746b4248","DAIBGAPWSDLV1-new","BAB-DEV-IBG-SWEC-RG-01","Linux","Yes","MDE.Linux","Succeeded","1.0"
"43cc4f11-ffb1-4a0d-8420-0ba3746b4248","DAIBGAPWSDLV2","BAB-DEV-IBG-SWEC-RG-01","Linux","Yes","MDE.Linux","Succeeded","1.0"
"43cc4f11-ffb1-4a0d-8420-0ba3746b4248","DAIBGAPWSDLV2-new","BAB-DEV-IBG-SWEC-RG-01","Linux","Yes","MDE.Linux","Succeeded","1.0"
"43cc4f11-ffb1-4a0d-8420-0ba3746b4248","DAIPYAPXXDWV1","BAB-DEV-IPAY-SWEC-RG-01","Windows","Yes","MDE.Windows","Succeeded","1.0"
"43cc4f11-ffb1-4a0d-8420-0ba3746b4248","DAIPYDBSQDWV1","BAB-DEV-IPAY-SWEC-RG-01","Windows","Yes","MDE.Windows","Succeeded","1.0"
"43cc4f11-ffb1-4a0d-8420-0ba3746b4248","DAJMGDBSQDWV1","BAB-DEV-JMS-SWEC-RG-01","Windows","Yes","MDE.Windows","Succeeded","1.0"
"43cc4f11-ffb1-4a0d-8420-0ba3746b4248","DAJMSAPDLV1","BAB-DEV-JMS-SWEC-RG-01","Linux","Yes","MDE.Linux","Succeeded","1.0"
"43cc4f11-ffb1-4a0d-8420-0ba3746b4248","DAJMSAPDLV2","BAB-DEV-JMS-SWEC-RG-01","Linux","Yes","MDE.Linux","Succeeded","1.0"
"43cc4f11-ffb1-4a0d-8420-0ba3746b4248","DAMVSAPREDWV1","BAB-DEV-JMS-SWEC-RG-01","Windows","Yes","MDE.Windows","Succeeded","1.0"
"43cc4f11-ffb1-4a0d-8420-0ba3746b4248","DARMBKFKLV01","BAB-DEV-KFK-SWEC-RG-01","Linux","Yes","MDE.Linux","Succeeded","1.0"
"43cc4f11-ffb1-4a0d-8420-0ba3746b4248","DARMBKFKLV02","BAB-DEV-KFK-SWEC-RG-01","Linux","Yes","MDE.Linux","Succeeded","1.0"
"43cc4f11-ffb1-4a0d-8420-0ba3746b4248","DARMBKFKLV03","BAB-DEV-KFK-SWEC-RG-01","Linux","Yes","MDE.Linux","Succeeded","1.0"
"43cc4f11-ffb1-4a0d-8420-0ba3746b4248","DAACEAPMBDLV1","BAB-DEV-MDW-SWEC-RG-01","Linux","Yes","MDE.Linux","Failed","1.0"
"43cc4f11-ffb1-4a0d-8420-0ba3746b4248","DAACEDBORDLV1","BAB-DEV-MDW-SWEC-RG-01","Linux","Yes","MDE.Linux","Failed","1.0"
"43cc4f11-ffb1-4a0d-8420-0ba3746b4248","DAMQBMWMBDLV1","BAB-DEV-MDW-SWEC-RG-01","Linux","Yes","MDE.Linux","Succeeded","1.0"
"43cc4f11-ffb1-4a0d-8420-0ba3746b4248","DAMQHAPQMDLV2","BAB-DEV-MDW-SWEC-RG-01","Linux","Yes","MDE.Linux","Failed","1.0"
"43cc4f11-ffb1-4a0d-8420-0ba3746b4248","DAMISDBDWV1","BAB-DEV-MIS-SWEC-RG-01","Windows","Yes","MDE.Windows","Succeeded","1.0"
"43cc4f11-ffb1-4a0d-8420-0ba3746b4248","DARMBAPWSDLV1","BAB-DEV-MOBILE-BANKING-SWEC-RG-01","Linux","Yes","MDE.Linux","Succeeded","1.0"
"43cc4f11-ffb1-4a0d-8420-0ba3746b4248","DAMODAPWBDWV1","BAB-DEV-MODCRED-SWEC-RG-01","Windows","Yes","MDE.Windows","Succeeded","1.0"
"43cc4f11-ffb1-4a0d-8420-0ba3746b4248","DAMODDBORDLV1","BAB-DEV-MODCRED-SWEC-RG-01","Linux","Yes","MDE.Linux","Succeeded","1.0"
"43cc4f11-ffb1-4a0d-8420-0ba3746b4248","DAMODAPERDWV1","BAB-DEV-MODERM-SWEC-RG-01","Windows","Yes","MDE.Windows","Succeeded","1.0"
"43cc4f11-ffb1-4a0d-8420-0ba3746b4248","DAMODAPERDWV2","BAB-DEV-MODERM-SWEC-RG-01","Windows","Yes","MDE.Windows","Succeeded","1.0"
"43cc4f11-ffb1-4a0d-8420-0ba3746b4248","DAMODDBORDLV2","BAB-DEV-MODERM-SWEC-RG-01","Linux","Yes","MDE.Linux","Failed","1.0"
"43cc4f11-ffb1-4a0d-8420-0ba3746b4248","DAMOGDBORDLV1","BAB-DEV-MOGDB-SWEC-RG-01","Linux","Yes","MDE.Linux","Succeeded","1.0"
"43cc4f11-ffb1-4a0d-8420-0ba3746b4248","DAMOGDBORDLV2","BAB-DEV-MOGDB-SWEC-RG-01","Linux","Yes","MDE.Linux","Succeeded","1.0"
"43cc4f11-ffb1-4a0d-8420-0ba3746b4248","DAMOGDBORDLV3","BAB-DEV-MOGDB-SWEC-RG-01","Linux","Yes","MDE.Linux","Succeeded","1.0"
"43cc4f11-ffb1-4a0d-8420-0ba3746b4248","D2MUBAPJBDWV1","BAB-DEV-MUB-SWEC-RG-01","Windows","Yes","MDE.Windows","Succeeded","1.0"
"43cc4f11-ffb1-4a0d-8420-0ba3746b4248","D2MUBAPJBDWV2","BAB-DEV-MUB-SWEC-RG-01","Windows","Yes","MDE.Windows","Succeeded","1.0"
"43cc4f11-ffb1-4a0d-8420-0ba3746b4248","D2MUBAPJBDWV3","BAB-DEV-MUB-SWEC-RG-01","Windows","Yes","MDE.Windows","Succeeded","1.0"
"43cc4f11-ffb1-4a0d-8420-0ba3746b4248","DAMUBAPCODWV1","BAB-DEV-MUB-SWEC-RG-01","Windows","Yes","MDE.Windows","Succeeded","1.0"
"43cc4f11-ffb1-4a0d-8420-0ba3746b4248","DAMUBAPCODWV2","BAB-DEV-MUB-SWEC-RG-01","Windows","Yes","MDE.Windows","Succeeded","1.0"
"43cc4f11-ffb1-4a0d-8420-0ba3746b4248","DAMUBAPJBDWV1","BAB-DEV-MUB-SWEC-RG-01","Windows","Yes","MDE.Windows","Succeeded","1.0"
"43cc4f11-ffb1-4a0d-8420-0ba3746b4248","DAMUBAPMGDWV01","BAB-DEV-MUB-SWEC-RG-01","Windows","Yes","MDE.Windows","Succeeded","1.0"
"43cc4f11-ffb1-4a0d-8420-0ba3746b4248","DAMUBCSMAPWV01","BAB-DEV-MUB-SWEC-RG-01","Windows","Yes","MDE.Windows","Succeeded","1.0"
"43cc4f11-ffb1-4a0d-8420-0ba3746b4248","DAMUBDBORDLV01","BAB-DEV-MUB-SWEC-RG-01","Linux","Yes","MDE.Linux","Failed","1.0"
"43cc4f11-ffb1-4a0d-8420-0ba3746b4248","DAMUBDBORDWV2","BAB-DEV-MUB-SWEC-RG-01","Windows","Yes","MDE.Windows","Updating","1.0"
"43cc4f11-ffb1-4a0d-8420-0ba3746b4248","DAMUBOMSAPWV01","BAB-DEV-MUB-SWEC-RG-01","Windows","Yes","MDE.Windows","Succeeded","1.0"
"43cc4f11-ffb1-4a0d-8420-0ba3746b4248","DAMUBOMSAPWV02","BAB-DEV-MUB-SWEC-RG-01","Windows","Yes","MDE.Windows","Succeeded","1.0"
"43cc4f11-ffb1-4a0d-8420-0ba3746b4248","DAMUBOMSAPWV03","BAB-DEV-MUB-SWEC-RG-01","Windows","Yes","MDE.Windows","Succeeded","1.0"
"43cc4f11-ffb1-4a0d-8420-0ba3746b4248","DAMUBSCMAPWV01","BAB-DEV-MUB-SWEC-RG-01","Windows","Yes","MDE.Windows","Succeeded","1.0"
"43cc4f11-ffb1-4a0d-8420-0ba3746b4248","DAMUBSMSAPWV01","BAB-DEV-MUB-SWEC-RG-01","Windows","Yes","MDE.Windows","Succeeded","1.0"
"43cc4f11-ffb1-4a0d-8420-0ba3746b4248","DAMUBTRSAPWV01","BAB-DEV-MUB-SWEC-RG-01","Windows","Yes","MDE.Windows","Succeeded","1.0"
"43cc4f11-ffb1-4a0d-8420-0ba3746b4248","DAMUBWBAPDWV1","BAB-DEV-MUB-SWEC-RG-01","Windows","Yes","MDE.Windows","Succeeded","1.0"
"43cc4f11-ffb1-4a0d-8420-0ba3746b4248","DAMUBWBAPDWV2","BAB-DEV-MUB-SWEC-RG-01","Windows","Yes","MDE.Windows","Succeeded","1.0"
"43cc4f11-ffb1-4a0d-8420-0ba3746b4248","DAMUBWBMGDWV01","BAB-DEV-MUB-SWEC-RG-01","Windows","Yes","MDE.Windows","Succeeded","1.0"
"43cc4f11-ffb1-4a0d-8420-0ba3746b4248","DAMUBWBWV01","BAB-DEV-MUB-SWEC-RG-01","Windows","Yes","MDE.Windows","Succeeded","1.0"
"43cc4f11-ffb1-4a0d-8420-0ba3746b4248","DATMSAPMODLV1","BAB-DEV-MUX-SWEC-RG-01","Linux","Yes","MDE.Linux","Succeeded","1.0"
"43cc4f11-ffb1-4a0d-8420-0ba3746b4248","DATMSDBORDLV1","BAB-DEV-MUX-SWEC-RG-01","Linux","Yes","MDE.Linux","Failed","1.0"
"43cc4f11-ffb1-4a0d-8420-0ba3746b4248","DANBIBDBORDLV01","BAB-DEV-NEW-BIB-SWEC-RG-01","Linux","Yes","MDE.Linux","Succeeded","1.0"
"43cc4f11-ffb1-4a0d-8420-0ba3746b4248","rescue-vm","BAB-DEV-NW-SWEC-RG-01","Windows","No","Not Installed","N/A","N/A"
"43cc4f11-ffb1-4a0d-8420-0ba3746b4248","DABPMAPWSDWV4","BAB-DEV-ODM-SWEC-RG-01","Windows","Yes","MDE.Windows","Succeeded","1.0"
"43cc4f11-ffb1-4a0d-8420-0ba3746b4248","DABPMAPWSDWV5","BAB-DEV-ODM-SWEC-RG-01","Windows","Yes","MDE.Windows","Succeeded","1.0"
"43cc4f11-ffb1-4a0d-8420-0ba3746b4248","DAENTDBSQDWV2","BAB-DEV-ODM-SWEC-RG-01","Windows","Yes","MDE.Windows","Succeeded","1.0"
"43cc4f11-ffb1-4a0d-8420-0ba3746b4248","DAFATDBSQDWV1","BAB-DEV-ODS-SWEC-RG-01","Windows","Yes","MDE.Windows","Succeeded","1.0"
"43cc4f11-ffb1-4a0d-8420-0ba3746b4248","DAODSDBORDLV2","BAB-DEV-ODS-SWEC-RG-01","Linux","Yes","MDE.Linux","Succeeded","1.0"
"43cc4f11-ffb1-4a0d-8420-0ba3746b4248","DAODSDBORDWV2","BAB-DEV-ODS-SWEC-RG-01","Windows","Yes","MDE.Windows","Succeeded","1.0"
"43cc4f11-ffb1-4a0d-8420-0ba3746b4248","DASDBDBORDLV1","BAB-DEV-ODS-SWEC-RG-01","Linux","Yes","MDE.Linux","Succeeded","1.0"
"43cc4f11-ffb1-4a0d-8420-0ba3746b4248","DAPBIDBSQDWV1","BAB-DEV-PBI-SWEC-RG-01","Windows","Yes","MDE.Windows","Succeeded","1.0"
"43cc4f11-ffb1-4a0d-8420-0ba3746b4248","DAPCCAPDLV1","BAB-DEV-PCC-SWEC-RG-01","Linux","Yes","MDE.Linux","Succeeded","1.0"
"43cc4f11-ffb1-4a0d-8420-0ba3746b4248","DAPCCWBDLV1","BAB-DEV-PCC-SWEC-RG-01","Linux","Yes","MDE.Linux","Succeeded","1.0"
"43cc4f11-ffb1-4a0d-8420-0ba3746b4248","DAPPLAPSCDWV01","BAB-DEV-PPL-BR-RG-01","Windows","Yes","MDE.Windows","Succeeded","1.0"
"43cc4f11-ffb1-4a0d-8420-0ba3746b4248","DAPPLSQDBDWV01","BAB-DEV-PPL-BR-RG-01","Windows","Yes","MDE.Windows","Succeeded","1.0"
"43cc4f11-ffb1-4a0d-8420-0ba3746b4248","DAPPLWBSCDWV01","BAB-DEV-PPL-BR-RG-01","Windows","Yes","MDE.Windows","Succeeded","1.0"
"43cc4f11-ffb1-4a0d-8420-0ba3746b4248","DARDSDBORDLV1","BAB-DEV-RMB-RDS-SWEC-RG-01","Linux","Yes","MDE.Linux","Failed","1.0"
"43cc4f11-ffb1-4a0d-8420-0ba3746b4248","DARDSDBORDLV2","BAB-DEV-RMB-RDS-SWEC-RG-01","Linux","Yes","MDE.Linux","Failed","1.0"
"43cc4f11-ffb1-4a0d-8420-0ba3746b4248","DARDSDBORDLV3","BAB-DEV-RMB-RDS-SWEC-RG-01","Linux","Yes","MDE.Linux","Failed","1.0"
"43cc4f11-ffb1-4a0d-8420-0ba3746b4248","Dev-Mobl-BNK-APP-01","BAB-DEV-RMB-SWEC-RG-01","Linux","Yes","MDE.Linux","Succeeded","1.0"
"43cc4f11-ffb1-4a0d-8420-0ba3746b4248","Dev-Mobl-BNK-DB-01","BAB-DEV-RMB-SWEC-RG-01","Windows","Yes","MDE.Windows","Succeeded","1.0"
"43cc4f11-ffb1-4a0d-8420-0ba3746b4248","Dev-Mobl-BNK-Web-01","BAB-DEV-RMB-SWEC-RG-01","Windows","Yes","MDE.Windows","Succeeded","1.0"
"43cc4f11-ffb1-4a0d-8420-0ba3746b4248","DAFISAPRSDWV01","BAB-DEV-RPA-SWEC-RG-01","Windows","Yes","MDE.Windows","Succeeded","1.0"
"43cc4f11-ffb1-4a0d-8420-0ba3746b4248","DARECAPGWDWV01","BAB-DEV-RPA-SWEC-RG-01","Windows","Yes","MDE.Windows","Succeeded","1.0"
"43cc4f11-ffb1-4a0d-8420-0ba3746b4248","DARECAPGWDWV02","BAB-DEV-RPA-SWEC-RG-01","Windows","Yes","MDE.Windows","Succeeded","1.0"
"43cc4f11-ffb1-4a0d-8420-0ba3746b4248","DARPADBSQWV01","BAB-DEV-RPA-SWEC-RG-01","Windows","Yes","MDE.Windows","Succeeded","1.0"
"43cc4f11-ffb1-4a0d-8420-0ba3746b4248","DARPAUPDBDWV1","BAB-DEV-RPA-SWEC-RG-01","Windows","Yes","MDE.Windows","Succeeded","1.0"
"43cc4f11-ffb1-4a0d-8420-0ba3746b4248","DARPAUPORDWV1","BAB-DEV-RPA-SWEC-RG-01","Windows","Yes","MDE.Windows","Succeeded","1.0"
"43cc4f11-ffb1-4a0d-8420-0ba3746b4248","DARPAUPRBDWV1","BAB-DEV-RPA-SWEC-RG-01","Windows","Yes","MDE.Windows","Succeeded","1.0"
"43cc4f11-ffb1-4a0d-8420-0ba3746b4248","DARPAUPRBDWV2","BAB-DEV-RPA-SWEC-RG-01","Windows","Yes","MDE.Windows","Succeeded","1.0"
"43cc4f11-ffb1-4a0d-8420-0ba3746b4248","DTAZRSAMAPLV01","BAB-DEV-SAMACBDC-SWEC-RG-01","Windows","Yes","MDE.Windows","Succeeded","1.0"
"43cc4f11-ffb1-4a0d-8420-0ba3746b4248","DTAZRSAMDBLV01","BAB-DEV-SAMACBDC-SWEC-RG-01","Windows","No","Not Installed","N/A","N/A"
"43cc4f11-ffb1-4a0d-8420-0ba3746b4248","DTAZRSAMDPLV01","BAB-DEV-SAMACBDC-SWEC-RG-01","Linux","No","Not Installed","N/A","N/A"
"43cc4f11-ffb1-4a0d-8420-0ba3746b4248","DASAQAPWSDWV2","BAB-DEV-SAQR-SWEC-RG-01","Windows","Yes","MDE.Windows","Succeeded","1.0"
"43cc4f11-ffb1-4a0d-8420-0ba3746b4248","DASAQDBORDLV03","BAB-DEV-SAQR-SWEC-RG-01","Linux","Yes","MDE.Linux","Succeeded","1.0"
"43cc4f11-ffb1-4a0d-8420-0ba3746b4248","DASAQWBWSDWV1","BAB-DEV-SAQR-SWEC-RG-01","Windows","Yes","MDE.Windows","Succeeded","1.0"
"43cc4f11-ffb1-4a0d-8420-0ba3746b4248","DASASAPAISLV1","BAB-DEV-SAS-SWEC-RG-01","Linux","Yes","MDE.Linux","Failed","1.0"
"43cc4f11-ffb1-4a0d-8420-0ba3746b4248","DASASAPODELV1","BAB-DEV-SAS-SWEC-RG-01","Linux","Yes","MDE.Linux","Failed","1.0"
"43cc4f11-ffb1-4a0d-8420-0ba3746b4248","DASASAPPWBSLV1","BAB-DEV-SAS-SWEC-RG-01","Linux","Yes","MDE.Linux","Failed","1.0"
"43cc4f11-ffb1-4a0d-8420-0ba3746b4248","DASASDBMEHLV1","BAB-DEV-SAS-SWEC-RG-01","Linux","Yes","MDE.Linux","Succeeded","1.0"
"43cc4f11-ffb1-4a0d-8420-0ba3746b4248","DASASWBRESLV1","BAB-DEV-SAS-SWEC-RG-01","Linux","Yes","MDE.Linux","Failed","1.0"
"43cc4f11-ffb1-4a0d-8420-0ba3746b4248","DASCFDBSQDWV01","BAB-DEV-SCF-SWEC-RG-01","Windows","Yes","MDE.Windows","Succeeded","1.0"
"43cc4f11-ffb1-4a0d-8420-0ba3746b4248","DASCFWBISDWV01","BAB-DEV-SCF-SWEC-RG-01","Windows","Yes","MDE.Windows","Succeeded","1.0"
"43cc4f11-ffb1-4a0d-8420-0ba3746b4248","DADOCAPIIDWV2","BAB-DEV-SHP-SWEC-RG-01","Windows","Yes","MDE.Windows","Succeeded","1.0"
"43cc4f11-ffb1-4a0d-8420-0ba3746b4248","DASHPAPFEOWV1","BAB-DEV-SHP-SWEC-RG-01","Windows","Yes","MDE.Windows","Succeeded","1.0"
"43cc4f11-ffb1-4a0d-8420-0ba3746b4248","DASHPAPFEWV1","BAB-DEV-SHP-SWEC-RG-01","Windows","Yes","MDE.Windows","Succeeded","1.0"
"43cc4f11-ffb1-4a0d-8420-0ba3746b4248","DASHPDBSQDWV1","BAB-DEV-SHP-SWEC-RG-01","Windows","Yes","MDE.Windows","Succeeded","1.0"
"43cc4f11-ffb1-4a0d-8420-0ba3746b4248","DASHPDBSQOWV1","BAB-DEV-SHP-SWEC-RG-01","Windows","Yes","MDE.Windows","Succeeded","1.0"
"43cc4f11-ffb1-4a0d-8420-0ba3746b4248","DASHPDBSQWV1","BAB-DEV-SHP-SWEC-RG-01","Windows","Yes","MDE.Windows","Succeeded","1.0"
"43cc4f11-ffb1-4a0d-8420-0ba3746b4248","DASHPFEDBDWV1","BAB-DEV-SHP-SWEC-RG-01","Windows","Yes","MDE.Windows","Succeeded","1.0"
"43cc4f11-ffb1-4a0d-8420-0ba3746b4248","DASHPWBDWV1","BAB-DEV-SHP-SWEC-RG-01","Windows","Yes","MDE.Windows","Succeeded","1.0"
"43cc4f11-ffb1-4a0d-8420-0ba3746b4248","DASHRDBSQDWV4","BAB-DEV-SHP-SWEC-RG-01","Windows","Yes","MDE.Windows","Succeeded","1.0"
"43cc4f11-ffb1-4a0d-8420-0ba3746b4248","DASHRWBSPDWV4","BAB-DEV-SHP-SWEC-RG-01","Windows","Yes","MDE.Windows","Succeeded","1.0"
"43cc4f11-ffb1-4a0d-8420-0ba3746b4248","DASLMAPINDLV01","BAB-DEV-SLM-SWEC-RG-01","Linux","Yes","MDE.Linux","Succeeded","1.0"
"43cc4f11-ffb1-4a0d-8420-0ba3746b4248","DASLMDBSQLLV01","BAB-DEV-SLM-SWEC-RG-01","Linux","Yes","MDE.Linux","Succeeded","1.0"
"43cc4f11-ffb1-4a0d-8420-0ba3746b4248","DASMEWBMSDLV1","BAB-DEV-SME-LOAN-RG-01","Linux","Yes","MDE.Linux","Succeeded","1.0"
"43cc4f11-ffb1-4a0d-8420-0ba3746b4248","DASMEWBDLV1","BAB-DEV-SME-SWEC-RG-01","Linux","Yes","MDE.Linux","Succeeded","1.0"
"43cc4f11-ffb1-4a0d-8420-0ba3746b4248","DASMSGWCODWV1","BAB-DEV-SMSGW-SWEC-RG-01","Windows","Yes","MDE.Windows","Succeeded","1.0"
"43cc4f11-ffb1-4a0d-8420-0ba3746b4248","DASAIADAPDWV01","BAB-DEV-SNAI-SWEC-RG-01","Windows","Yes","MDE.Windows","Succeeded","1.0"
"43cc4f11-ffb1-4a0d-8420-0ba3746b4248","DASAIPRAIDLV01","BAB-DEV-SNAI-SWEC-RG-01","Linux","Yes","MDE.Linux","Succeeded","1.0"
"43cc4f11-ffb1-4a0d-8420-0ba3746b4248","DASAITRAIDLV01","BAB-DEV-SNAI-SWEC-RG-01","Linux","Yes","MDE.Linux","Succeeded","1.0"
"43cc4f11-ffb1-4a0d-8420-0ba3746b4248","DASNWAPTMDLV1","BAB-DEV-SVCNOW-SWEC-RG-01","Linux","Yes","MDE.Linux","Failed","1.0"
"43cc4f11-ffb1-4a0d-8420-0ba3746b4248","DASNWAPTMDWV1","BAB-DEV-SVCNOW-SWEC-RG-01","Windows","Yes","MDE.Windows","Succeeded","1.0"
"43cc4f11-ffb1-4a0d-8420-0ba3746b4248","DASNWDBORDLV1","BAB-DEV-SVCNOW-SWEC-RG-01","Linux","Yes","MDE.Linux","Failed","1.0"
"43cc4f11-ffb1-4a0d-8420-0ba3746b4248","DASNWWBTMDWV1","BAB-DEV-SVCNOW-SWEC-RG-01","Windows","Yes","MDE.Windows","Succeeded","1.0"
"43cc4f11-ffb1-4a0d-8420-0ba3746b4248","DAT24APNTDWV2","BAB-DEV-T24-SWEC-RG-01","Windows","Yes","MDE.Windows","Succeeded","1.0"
"43cc4f11-ffb1-4a0d-8420-0ba3746b4248","DAT24DBSQDWV2","BAB-DEV-T24-SWEC-RG-01","Windows","Yes","MDE.Windows","Succeeded","1.0"
"43cc4f11-ffb1-4a0d-8420-0ba3746b4248","DAUPGT24APWV1","BAB-DEV-T24-SWEC-RG-01","Windows","Yes","MDE.Windows","Succeeded","1.0"
"43cc4f11-ffb1-4a0d-8420-0ba3746b4248","DAUPGT24APWV2","BAB-DEV-T24-SWEC-RG-01","Windows","Yes","MDE.Windows","Succeeded","1.0"
"43cc4f11-ffb1-4a0d-8420-0ba3746b4248","DAUPGT24DBWV1","BAB-DEV-T24-SWEC-RG-01","Windows","Yes","MDE.Windows","Succeeded","1.0"
"43cc4f11-ffb1-4a0d-8420-0ba3746b4248","DAUPGT24DBWV2","BAB-DEV-T24-SWEC-RG-01","Windows","Yes","MDE.Windows","Succeeded","1.0"
"43cc4f11-ffb1-4a0d-8420-0ba3746b4248","DAR21APNTDWV1","BAB-DEV-TEST-DEVOPS-SWEC-RG-01","Windows","Yes","MDE.Windows","Deleting","1.0"
"43cc4f11-ffb1-4a0d-8420-0ba3746b4248","DAR21DBSQDWV1","BAB-DEV-TEST-DEVOPS-SWEC-RG-01","Windows","Yes","MDE.Windows","Succeeded","1.0"
"43cc4f11-ffb1-4a0d-8420-0ba3746b4248","DATFSAPAIDWV1","BAB-DEV-TFS-SWEC-RG-01","Windows","Yes","MDE.Windows","Succeeded","1.0"
"43cc4f11-ffb1-4a0d-8420-0ba3746b4248","DATFSAPOCDWV1","BAB-DEV-TFS-SWEC-RG-01","Windows","Yes","MDE.Windows","Succeeded","1.0"
"43cc4f11-ffb1-4a0d-8420-0ba3746b4248","DTAZRTFSApWV01","BAB-DEV-TFS-SWEC-RG-01","Windows","Yes","MDE.Windows","Succeeded","1.0"
"43cc4f11-ffb1-4a0d-8420-0ba3746b4248","DTAZRTFSAPWV02","BAB-DEV-TFS-SWEC-RG-01","Windows","Yes","MDE.Windows","Succeeded","1.0"
"43cc4f11-ffb1-4a0d-8420-0ba3746b4248","DTAZRTFSAPWV03","BAB-DEV-TFS-SWEC-RG-01","Windows","Yes","MDE.Windows","Succeeded","1.0"
"43cc4f11-ffb1-4a0d-8420-0ba3746b4248","DTAZRTFSDBWV1","BAB-DEV-TFS-SWEC-RG-01","Windows","Yes","MDE.Windows","Succeeded","1.0"
"43cc4f11-ffb1-4a0d-8420-0ba3746b4248","DTAZRTFSMWWV01","BAB-DEV-TFS-SWEC-RG-01","Windows","Yes","MDE.Windows","Succeeded","1.0"
"43cc4f11-ffb1-4a0d-8420-0ba3746b4248","DTAZRTFSMWWV02","BAB-DEV-TFS-SWEC-RG-01","Windows","Yes","MDE.Windows","Succeeded","1.0"
"43cc4f11-ffb1-4a0d-8420-0ba3746b4248","DTAZRTFSMWWV03","BAB-DEV-TFS-SWEC-RG-01","Linux","Yes","MDE.Linux","Succeeded","1.0"
"43cc4f11-ffb1-4a0d-8420-0ba3746b4248","DABSIAPPDLV1","DEV-BSI-SWEC-RG-01","Linux","Yes","MDE.Linux","Succeeded","1.0"
"43cc4f11-ffb1-4a0d-8420-0ba3746b4248","DABSIDBDLV1","DEV-BSI-SWEC-RG-01","Linux","Yes","MDE.Linux","Succeeded","1.0"
"43cc4f11-ffb1-4a0d-8420-0ba3746b4248","DASDEAPPDWV1","DEV-SDE-SWEC-RG-01","Windows","Yes","MDE.Windows","Succeeded","1.0"
"43cc4f11-ffb1-4a0d-8420-0ba3746b4248","DASDEDBSQDWV1","DEV-SDE-SWEC-RG-01","Windows","Yes","MDE.Windows","Succeeded","1.0"
"e48414cd-f96d-4414-ae9e-da7fec844f77","bab-sit-aro-01-2qbnm-master-0","ARO-INFRA-LYBJA3B0-BAB-SIT-ARO-01","Linux","No","Not Installed","N/A","N/A"
"e48414cd-f96d-4414-ae9e-da7fec844f77","bab-sit-aro-01-2qbnm-master-1","ARO-INFRA-LYBJA3B0-BAB-SIT-ARO-01","Linux","No","Not Installed","N/A","N/A"
"e48414cd-f96d-4414-ae9e-da7fec844f77","bab-sit-aro-01-2qbnm-master-2","ARO-INFRA-LYBJA3B0-BAB-SIT-ARO-01","Linux","No","Not Installed","N/A","N/A"
"e48414cd-f96d-4414-ae9e-da7fec844f77","bab-sit-aro-01-2qbnm-worker-swec-01-pxhvg","ARO-INFRA-LYBJA3B0-BAB-SIT-ARO-01","Linux","No","Not Installed","N/A","N/A"
"e48414cd-f96d-4414-ae9e-da7fec844f77","bab-sit-aro-01-2qbnm-worker-swec-02-htz5t","ARO-INFRA-LYBJA3B0-BAB-SIT-ARO-01","Linux","No","Not Installed","N/A","N/A"
"e48414cd-f96d-4414-ae9e-da7fec844f77","bab-sit-aro-01-2qbnm-worker-swec-03-bp9z2","ARO-INFRA-LYBJA3B0-BAB-SIT-ARO-01","Linux","No","Not Installed","N/A","N/A"
"e48414cd-f96d-4414-ae9e-da7fec844f77","bab-sit-aro-01-2qbnm-worker-swec-04-ddw55","ARO-INFRA-LYBJA3B0-BAB-SIT-ARO-01","Linux","No","Not Installed","N/A","N/A"
"e48414cd-f96d-4414-ae9e-da7fec844f77","bab-sit-aro-01-2qbnm-worker-swec-05-xqgl2","ARO-INFRA-LYBJA3B0-BAB-SIT-ARO-01","Linux","No","Not Installed","N/A","N/A"
"e48414cd-f96d-4414-ae9e-da7fec844f77","bab-sit-aro-01-2qbnm-worker-swec-06-f2djj","ARO-INFRA-LYBJA3B0-BAB-SIT-ARO-01","Linux","No","Not Installed","N/A","N/A"
"e48414cd-f96d-4414-ae9e-da7fec844f77","bab-sit-aro-01-2qbnm-worker-swec-07-5j9fs","ARO-INFRA-LYBJA3B0-BAB-SIT-ARO-01","Linux","No","Not Installed","N/A","N/A"
"e48414cd-f96d-4414-ae9e-da7fec844f77","bab-sit-aro-01-2qbnm-worker-swec-08-hhrnn","ARO-INFRA-LYBJA3B0-BAB-SIT-ARO-01","Linux","No","Not Installed","N/A","N/A"
"e48414cd-f96d-4414-ae9e-da7fec844f77","DAMFAAPWSILV1","BAB-SIT-4TRESS-SWEC-RG-01","Linux","No","Not Installed","N/A","N/A"
"e48414cd-f96d-4414-ae9e-da7fec844f77","DA4LEAPWBSWV1","BAB-SIT-A4L-SWEC-RG-01","Windows","Yes","MDE.Windows","Succeeded","1.0"
"e48414cd-f96d-4414-ae9e-da7fec844f77","DA4LEDBSQSWV1","BAB-SIT-A4L-SWEC-RG-01","Windows","Yes","MDE.Windows","Succeeded","1.0"
"e48414cd-f96d-4414-ae9e-da7fec844f77","DADHUBDBORSLV01","BAB-SIT-ABIC-DHUB-SWEC-RG-01","Linux","Yes","MDE.Linux","Succeeded","1.0"
"e48414cd-f96d-4414-ae9e-da7fec844f77","DAABDGAPSLV1","BAB-SIT-ABIC-DIGITAL-SWEC-RG-01","Linux","Yes","MDE.Linux","Succeeded","1.0"
"e48414cd-f96d-4414-ae9e-da7fec844f77","DAABDGORDBSLV1","BAB-SIT-ABIC-DIGITAL-SWEC-RG-01","Linux","Yes","MDE.Linux","Succeeded","1.0"
"e48414cd-f96d-4414-ae9e-da7fec844f77","DAIBMAPSLV1","BAB-SIT-ABIC-IBM-RG-01","Linux","Yes","MDE.Linux","Succeeded","1.0"
"e48414cd-f96d-4414-ae9e-da7fec844f77","DAIBMDBSLV1","BAB-SIT-ABIC-IBM-RG-01","Linux","Yes","MDE.Linux","Succeeded","1.0"
"e48414cd-f96d-4414-ae9e-da7fec844f77","DAT24MQAPSLV01","BAB-SIT-ADO-T24-SWEC-RG-01","Linux","Yes","MDE.Linux","Succeeded","1.0"
"e48414cd-f96d-4414-ae9e-da7fec844f77","DAAXIAPSWV1","BAB-SIT-AIX-SWEC-RG-01","Windows","Yes","MDE.Windows","Succeeded","1.0"
"e48414cd-f96d-4414-ae9e-da7fec844f77","DAAXIDBSQSWV1","BAB-SIT-AIX-SWEC-RG-01","Windows","Yes","MDE.Windows","Succeeded","1.0"
"e48414cd-f96d-4414-ae9e-da7fec844f77","DAAXIWBSWV1","BAB-SIT-AIX-SWEC-RG-01","Linux","Yes","MDE.Linux","Succeeded","1.0"
"e48414cd-f96d-4414-ae9e-da7fec844f77","DAAMLAIODBSLV01","BAB-SIT-AML-AI-RG-01","Linux","No","Not Installed","N/A","N/A"
"e48414cd-f96d-4414-ae9e-da7fec844f77","DAAMLAIPGDBSLV01","BAB-SIT-AML-AI-RG-01","Linux","No","Not Installed","N/A","N/A"
"e48414cd-f96d-4414-ae9e-da7fec844f77","DAAMLAPSNIWV1","BAB-SIT-AML-SWEC-RG-01","Windows","No","Not Installed","N/A","N/A"
"e48414cd-f96d-4414-ae9e-da7fec844f77","DAAMLAPWBIWV1","BAB-SIT-AML-SWEC-RG-01","Windows","No","Not Installed","N/A","N/A"
"e48414cd-f96d-4414-ae9e-da7fec844f77","DAAMLDBORILV1","BAB-SIT-AML-SWEC-RG-01","Linux","No","Not Installed","N/A","N/A"
"e48414cd-f96d-4414-ae9e-da7fec844f77","DAFISAPSEIWV1","BAB-SIT-APEX-SWEC-RG-01","Windows","Yes","MDE.Windows","Succeeded","1.0"
"e48414cd-f96d-4414-ae9e-da7fec844f77","DAMMPAPXXIWV1","BAB-SIT-APEX-SWEC-RG-01","Windows","Yes","MDE.Windows","Succeeded","1.0"
"e48414cd-f96d-4414-ae9e-da7fec844f77","DAMMPDBXXIWV1","BAB-SIT-APEX-SWEC-RG-01","Windows","Yes","MDE.Windows","Succeeded","1.0"
"e48414cd-f96d-4414-ae9e-da7fec844f77","DARRRAPAUILV1","BAB-SIT-APEX-SWEC-RG-01","Linux","Yes","MDE.Linux","Failed","1.0"
"e48414cd-f96d-4414-ae9e-da7fec844f77","DARRRDBORILV1","BAB-SIT-APEX-SWEC-RG-01","Linux","Yes","MDE.Linux","Failed","1.0"
"e48414cd-f96d-4414-ae9e-da7fec844f77","DARRRWBWBILV1","BAB-SIT-APEX-SWEC-RG-01","Linux","Yes","MDE.Linux","Failed","1.0"
"e48414cd-f96d-4414-ae9e-da7fec844f77","DAFCODBSQIWV1","BAB-SIT-APTRA-SWEC-RG-01","Windows","Yes","MDE.Windows","Succeeded","1.0"
"e48414cd-f96d-4414-ae9e-da7fec844f77","DANCRAPXXIWV1","BAB-SIT-APTRA-SWEC-RG-01","Windows","Yes","MDE.Windows","Succeeded","1.0"
"e48414cd-f96d-4414-ae9e-da7fec844f77","DAAVEAPAPSWV1","BAB-SIT-AVEPOINT-SWEC-RG-01","Windows","Yes","MDE.Windows","Succeeded","1.0"
"e48414cd-f96d-4414-ae9e-da7fec844f77","DAAVEAPPMSWV1","BAB-SIT-AVEPOINT-SWEC-RG-01","Windows","Yes","MDE.Windows","Succeeded","1.0"
"e48414cd-f96d-4414-ae9e-da7fec844f77","DAAVEWBPESWV1","BAB-SIT-AVEPOINT-SWEC-RG-01","Windows","Yes","MDE.Windows","Succeeded","1.0"
"e48414cd-f96d-4414-ae9e-da7fec844f77","DABASAPKASLV01","BAB-SIT-BAAS-SWEC-RG-01","Linux","Yes","MDE.Linux","Succeeded","1.0"
"e48414cd-f96d-4414-ae9e-da7fec844f77","DABASAPKASLV02","BAB-SIT-BAAS-SWEC-RG-01","Linux","Yes","MDE.Linux","Succeeded","1.0"
"e48414cd-f96d-4414-ae9e-da7fec844f77","DABASAPKASLV03","BAB-SIT-BAAS-SWEC-RG-01","Linux","Yes","MDE.Linux","Succeeded","1.0"
"e48414cd-f96d-4414-ae9e-da7fec844f77","DABASDBRDSLV01","BAB-SIT-BAAS-SWEC-RG-01","Linux","Yes","MDE.Linux","Succeeded","1.0"
"e48414cd-f96d-4414-ae9e-da7fec844f77","DACAIAPASSWV01","BAB-SIT-BCAI-SWEC-RG-01","Windows","Yes","MDE.Windows","Succeeded","1.0"
"e48414cd-f96d-4414-ae9e-da7fec844f77","DACAIAPLESWV01","BAB-SIT-BCAI-SWEC-RG-01","Windows","Yes","MDE.Windows","Succeeded","1.0"
"e48414cd-f96d-4414-ae9e-da7fec844f77","DACAIDBSQSWV01","BAB-SIT-BCAI-SWEC-RG-01","Windows","Yes","MDE.Windows","Succeeded","1.0"
"e48414cd-f96d-4414-ae9e-da7fec844f77","DACAIWBLPSWV01","BAB-SIT-BCAI-SWEC-RG-01","Windows","Yes","MDE.Windows","Succeeded","1.0"
"e48414cd-f96d-4414-ae9e-da7fec844f77","DABDMAPWBSWV1","BAB-SIT-BDS-SWEC-RG-01","Windows","Yes","MDE.Windows","Succeeded","1.0"
"e48414cd-f96d-4414-ae9e-da7fec844f77","DABDMDBSQSWV1","BAB-SIT-BDS-SWEC-RG-01","Windows","No","Not Installed","N/A","N/A"
"e48414cd-f96d-4414-ae9e-da7fec844f77","D2SAPWBBOIWV1","BAB-SIT-BO-SWEC-RG-01","Windows","Yes","MDE.Windows","Succeeded","1.0"
"e48414cd-f96d-4414-ae9e-da7fec844f77","DABORAPXXTWV1","BAB-SIT-BO-SWEC-RG-01","Windows","Yes","MDE.Windows","Succeeded","1.0"
"e48414cd-f96d-4414-ae9e-da7fec844f77","DAMISAPXXTWV1","BAB-SIT-BO-SWEC-RG-01","Windows","Yes","MDE.Windows","Succeeded","1.0"
"e48414cd-f96d-4414-ae9e-da7fec844f77","DASAPAPBOIWV1","BAB-SIT-BO-SWEC-RG-01","Windows","Yes","MDE.Windows","Succeeded","1.0"
"e48414cd-f96d-4414-ae9e-da7fec844f77","DABPMAPWSDWV6","BAB-SIT-BPM-SWEC-RG-01","Windows","Yes","MDE.Windows","Succeeded","1.0"
"e48414cd-f96d-4414-ae9e-da7fec844f77","DABPMAPWSILV1","BAB-SIT-BPM-SWEC-RG-01","Linux","Yes","MDE.Linux","Succeeded","1.0"
"e48414cd-f96d-4414-ae9e-da7fec844f77","DABPMDBORSLV1","BAB-SIT-BPM-SWEC-RG-01","Linux","Yes","MDE.Linux","Succeeded","1.0"
"e48414cd-f96d-4414-ae9e-da7fec844f77","DABSIAPPSLV1","BAB-SIT-BSI-SWEC-RG-01","Linux","Yes","MDE.Linux","Succeeded","1.0"
"e48414cd-f96d-4414-ae9e-da7fec844f77","DABSIDBSLV1","BAB-SIT-BSI-SWEC-RG-01","Linux","Yes","MDE.Linux","Succeeded","1.0"
"e48414cd-f96d-4414-ae9e-da7fec844f77","DATCRAPMOILV2","BAB-SIT-CASHINST-SWEC-RG-01","Linux","Yes","MDE.Linux","Succeeded","1.0"
"e48414cd-f96d-4414-ae9e-da7fec844f77","DATCRDBSQIWV1","BAB-SIT-CASHINST-SWEC-RG-01","Windows","No","Not Installed","N/A","N/A"
"e48414cd-f96d-4414-ae9e-da7fec844f77","DACCAAPNGIWV1","BAB-SIT-CCAS-SWEC-RG-01","Windows","Yes","MDE.Windows","Succeeded","1.0"
"e48414cd-f96d-4414-ae9e-da7fec844f77","DACTXCPSSSWV01","BAB-SIT-CITRIXINFRA-SWEC-RG-01","Windows","No","Not Installed","N/A","N/A"
"e48414cd-f96d-4414-ae9e-da7fec844f77","DACTXCTRDSWV01","BAB-SIT-CITRIXINFRA-SWEC-RG-01","Windows","No","Not Installed","N/A","N/A"
"e48414cd-f96d-4414-ae9e-da7fec844f77","DACTXSFRDSWV01","BAB-SIT-CITRIXINFRA-SWEC-RG-01","Windows","No","Not Installed","N/A","N/A"
"e48414cd-f96d-4414-ae9e-da7fec844f77","DACTXSQDBSWV01","BAB-SIT-CITRIXINFRA-SWEC-RG-01","Windows","No","Not Installed","N/A","N/A"
"e48414cd-f96d-4414-ae9e-da7fec844f77","DAFISAPCRILV1","BAB-SIT-CORTEX-SWEC-RG-01","Linux","Yes","MDE.Linux","Failed","1.0"
"e48414cd-f96d-4414-ae9e-da7fec844f77","DAFISAPSWILV1","BAB-SIT-CORTEX-SWEC-RG-01","Linux","Yes","MDE.Linux","Succeeded","1.0"
"e48414cd-f96d-4414-ae9e-da7fec844f77","DAFISDBORILV3","BAB-SIT-CORTEX-SWEC-RG-01","Linux","Yes","MDE.Linux","Failed","1.0"
"e48414cd-f96d-4414-ae9e-da7fec844f77","DARECAPJBIWV2","BAB-SIT-CORTEX-SWEC-RG-01","Windows","Yes","MDE.Windows","Succeeded","1.0"
"e48414cd-f96d-4414-ae9e-da7fec844f77","DARECDBORILV1","BAB-SIT-CORTEX-SWEC-RG-01","Linux","Yes","MDE.Linux","Succeeded","1.0"
"e48414cd-f96d-4414-ae9e-da7fec844f77","rescue-vm-sit","BAB-SIT-CORTEX-SWEC-RG-01","Windows","No","Not Installed","N/A","N/A"
"e48414cd-f96d-4414-ae9e-da7fec844f77","DACRMAPIRIWV1","BAB-SIT-CRM-SWEC-RG-01","Windows","Yes","MDE.Windows","Failed","1.0"
"e48414cd-f96d-4414-ae9e-da7fec844f77","DACTXAPGUILV01","BAB-SIT-CRTXUP-SWEC-RG-01","Linux","Yes","MDE.Linux","Succeeded","1.0"
"e48414cd-f96d-4414-ae9e-da7fec844f77","DACTXAPSWILV01","BAB-SIT-CRTXUP-SWEC-RG-01","Linux","Yes","MDE.Linux","Failed","1.0"
"e48414cd-f96d-4414-ae9e-da7fec844f77","DACTXDBORILV01","BAB-SIT-CRTXUP-SWEC-RG-01","Linux","Yes","MDE.Linux","Succeeded","1.0"
"e48414cd-f96d-4414-ae9e-da7fec844f77","DAISTAPGUILV01","BAB-SIT-CRTXUP-SWEC-RG-01","Linux","Yes","MDE.Linux","Succeeded","1.0"
"e48414cd-f96d-4414-ae9e-da7fec844f77","DAISTAPSWILV01","BAB-SIT-CRTXUP-SWEC-RG-01","Linux","Yes","MDE.Linux","Succeeded","1.0"
"e48414cd-f96d-4414-ae9e-da7fec844f77","DACRMADOAGSWV01","BAB-SIT-DEVOPS-SWEC-RG-01","Windows","No","Not Installed","N/A","N/A"
"e48414cd-f96d-4414-ae9e-da7fec844f77","DAEMVAPCIIWV2","BAB-SIT-DEX-SWEC-RG-01","Windows","Yes","MDE.Windows","Failed","1.0"
"e48414cd-f96d-4414-ae9e-da7fec844f77","DAEMVDBORIWV1","BAB-SIT-DEX-SWEC-RG-01","Windows","No","Not Installed","N/A","N/A"
"e48414cd-f96d-4414-ae9e-da7fec844f77","DADEXAPIISWV01","BAB-SIT-DEX-UPG-SWEC-RG-01","Windows","Yes","MDE.Windows","Succeeded","1.0"
"e48414cd-f96d-4414-ae9e-da7fec844f77","DADEXIXOAPSWV01","BAB-SIT-DEX-UPG-SWEC-RG-01","Windows","Yes","MDE.Windows","Succeeded","1.0"
"e48414cd-f96d-4414-ae9e-da7fec844f77","DADEXORDBSLV01","BAB-SIT-DEX-UPG-SWEC-RG-01","Linux","Yes","MDE.Linux","Succeeded","1.0"
"e48414cd-f96d-4414-ae9e-da7fec844f77","DAOBPDBSQIWV1","BAB-SIT-DIGIAPI-SWEC-RG-01","Windows","No","Not Installed","N/A","N/A"
"e48414cd-f96d-4414-ae9e-da7fec844f77","DAFATDBSQIWV3","BAB-SIT-EFAT-SWEC-RG-01","Windows","Yes","MDE.Windows","Succeeded","1.0"
"e48414cd-f96d-4414-ae9e-da7fec844f77","DAIPSAPGWILV1","BAB-SIT-EIPS-SWEC-RG-01","Linux","Yes","MDE.Linux","Failed","1.0"
"e48414cd-f96d-4414-ae9e-da7fec844f77","DAIPSAPWBILV1","BAB-SIT-EIPS-SWEC-RG-01","Linux","Yes","MDE.Linux","Failed","1.0"
"e48414cd-f96d-4414-ae9e-da7fec844f77","DADHBDBSQIWV1","BAB-SIT-ETL-SWEC-RG-01","Windows","Yes","MDE.Windows","Succeeded","1.0"
"e48414cd-f96d-4414-ae9e-da7fec844f77","DAETLAPDMIWV1","BAB-SIT-ETL-SWEC-RG-01","Windows","Yes","MDE.Windows","Succeeded","1.0"
"e48414cd-f96d-4414-ae9e-da7fec844f77","DAIMSDBSWV1","BAB-SIT-INCENTIVEMANAGEMENTSYSTEM-SWEC-RG-01","Windows","Yes","MDE.Windows","Succeeded","1.0"
"e48414cd-f96d-4414-ae9e-da7fec844f77","DAIMSWBSWV1","BAB-SIT-INCENTIVEMANAGEMENTSYSTEM-SWEC-RG-01","Windows","Yes","MDE.Windows","Succeeded","1.0"
"e48414cd-f96d-4414-ae9e-da7fec844f77","DAIPYAPXXIWV1","BAB-SIT-IPAY-SWEC-RG-01","Windows","Yes","MDE.Windows","Succeeded","1.0"
"e48414cd-f96d-4414-ae9e-da7fec844f77","DAIPYDBSQIWV1","BAB-SIT-IPAY-SWEC-RG-01","Windows","Yes","MDE.Windows","Succeeded","1.0"
"e48414cd-f96d-4414-ae9e-da7fec844f77","DAMFAAPAUILV1","BAB-SIT-JMS-SWEC-RG-01","Linux","Yes","MDE.Linux","Succeeded","1.0"
"e48414cd-f96d-4414-ae9e-da7fec844f77","DAKMSDBORILV01","BAB-SIT-KMSUP-SWEC-RG-01","Linux","Yes","MDE.Linux","Succeeded","1.0"
"e48414cd-f96d-4414-ae9e-da7fec844f77","DAMODAPSWV1","BAB-SIT-MDE-SWEC-RG-01","Windows","No","Not Installed","N/A","N/A"
"e48414cd-f96d-4414-ae9e-da7fec844f77","DAMODAPTSSWV1","BAB-SIT-MDE-SWEC-RG-01","Windows","Yes","MDE.Windows","Succeeded","1.0"
"e48414cd-f96d-4414-ae9e-da7fec844f77","DAMODDBOCSWV1","BAB-SIT-MDE-SWEC-RG-01","Linux","No","Not Installed","N/A","N/A"
"e48414cd-f96d-4414-ae9e-da7fec844f77","DAACEAPMBILV1","BAB-SIT-MDW-SWEC-RG-01","Linux","Yes","MDE.Linux","Failed","1.0"
"e48414cd-f96d-4414-ae9e-da7fec844f77","DAACEDBORILV1","BAB-SIT-MDW-SWEC-RG-01","Linux","Yes","MDE.Linux","Failed","1.0"
"e48414cd-f96d-4414-ae9e-da7fec844f77","daapiapmwilv2","BAB-SIT-MDW-SWEC-RG-01","Linux","Yes","MDE.Linux","Failed","1.0"
"e48414cd-f96d-4414-ae9e-da7fec844f77","DAAPIDBSQIWV2","BAB-SIT-MDW-SWEC-RG-01","Windows","Yes","MDE.Windows","Succeeded","1.0"
"e48414cd-f96d-4414-ae9e-da7fec844f77","DAMDWAPMQIWV1","BAB-SIT-MDW-SWEC-RG-01","Windows","Yes","MDE.Windows","Succeeded","1.0"
"e48414cd-f96d-4414-ae9e-da7fec844f77","DAMQHAPQMILV2","BAB-SIT-MDW-SWEC-RG-01","Linux","Yes","MDE.Linux","Failed","1.0"
"e48414cd-f96d-4414-ae9e-da7fec844f77","DAODSDBORIWV1","BAB-SIT-MDW-SWEC-RG-01","Windows","Yes","MDE.Windows","Succeeded","1.0"
"e48414cd-f96d-4414-ae9e-da7fec844f77","DMQBMWMBSLV1","BAB-SIT-MDW-SWEC-RG-01","Linux","Yes","MDE.Linux","Succeeded","1.0"
"e48414cd-f96d-4414-ae9e-da7fec844f77","DAMODDBSQWV1","BAB-SIT-MOC-SWEC-RG-01","Linux","No","Not Installed","N/A","N/A"
"e48414cd-f96d-4414-ae9e-da7fec844f77","DAMODWBSWV1","BAB-SIT-MOC-SWEC-RG-01","Windows","No","Not Installed","N/A","N/A"
"e48414cd-f96d-4414-ae9e-da7fec844f77","DAMOGDBORSLV1","BAB-SIT-MOGDB-SWEC-RG-01","Linux","Yes","MDE.Linux","Succeeded","1.0"
"e48414cd-f96d-4414-ae9e-da7fec844f77","DAMOGDBORSLV2","BAB-SIT-MOGDB-SWEC-RG-01","Linux","Yes","MDE.Linux","Succeeded","1.0"
"e48414cd-f96d-4414-ae9e-da7fec844f77","DAMOGDBORSLV3","BAB-SIT-MOGDB-SWEC-RG-01","Linux","Yes","MDE.Linux","Succeeded","1.0"
"e48414cd-f96d-4414-ae9e-da7fec844f77","DAMUBAPCOIWV1","BAB-SIT-MUB-SWEC-RG-01","Windows","Yes","MDE.Windows","Succeeded","1.0"
"e48414cd-f96d-4414-ae9e-da7fec844f77","DAMUBAPCOIWV2","BAB-SIT-MUB-SWEC-RG-01","Windows","Yes","MDE.Windows","Succeeded","1.0"
"e48414cd-f96d-4414-ae9e-da7fec844f77","DAMUBAPJBIWV1","BAB-SIT-MUB-SWEC-RG-01","Windows","Yes","MDE.Windows","Succeeded","1.0"
"e48414cd-f96d-4414-ae9e-da7fec844f77","DAMUBAPJBIWV2","BAB-SIT-MUB-SWEC-RG-01","Windows","Yes","MDE.Windows","Succeeded","1.0"
"e48414cd-f96d-4414-ae9e-da7fec844f77","DAMUBAPMGIWV1","BAB-SIT-MUB-SWEC-RG-01","Windows","Yes","MDE.Windows","Succeeded","1.0"
"e48414cd-f96d-4414-ae9e-da7fec844f77","DAMUBDBORILV1","BAB-SIT-MUB-SWEC-RG-01","Linux","Yes","MDE.Linux","Failed","1.0"
"e48414cd-f96d-4414-ae9e-da7fec844f77","DAMUBDBORIWV2","BAB-SIT-MUB-SWEC-RG-01","Windows","Yes","MDE.Windows","Succeeded","1.0"
"e48414cd-f96d-4414-ae9e-da7fec844f77","DAMUBWBAPIWV1","BAB-SIT-MUB-SWEC-RG-01","Windows","Yes","MDE.Windows","Succeeded","1.0"
"e48414cd-f96d-4414-ae9e-da7fec844f77","DAMUBWBAPIWV2","BAB-SIT-MUB-SWEC-RG-01","Windows","Yes","MDE.Windows","Succeeded","1.0"
"e48414cd-f96d-4414-ae9e-da7fec844f77","DAMUBWBMGIWV1","BAB-SIT-MUB-SWEC-RG-01","Windows","Yes","MDE.Windows","Succeeded","1.0"
"e48414cd-f96d-4414-ae9e-da7fec844f77","DATMSAPMOILV1","BAB-SIT-MUX-SWEC-RG-01","Linux","Yes","MDE.Linux","Succeeded","1.0"
"e48414cd-f96d-4414-ae9e-da7fec844f77","DATMSDBORILV1","BAB-SIT-MUX-SWEC-RG-01","Linux","Yes","MDE.Linux","Failed","1.0"
"e48414cd-f96d-4414-ae9e-da7fec844f77","DANBIBDBORSLV01","BAB-SIT-NW-SWEC-RG-01","Linux","Yes","MDE.Linux","Succeeded","1.0"
"e48414cd-f96d-4414-ae9e-da7fec844f77","DAENTDBSQIWV1-test","BAB-SIT-ODM-SWEC-RG-01","Windows","No","Not Installed","N/A","N/A"
"e48414cd-f96d-4414-ae9e-da7fec844f77","DAODSORDBSLV01","BAB-SIT-ODS-SWEC-RG-01","Linux","Yes","MDE.Linux","Succeeded","1.0"
"e48414cd-f96d-4414-ae9e-da7fec844f77","DASTLDBSQIWV1","BAB-SIT-ODS-SWEC-RG-01","Windows","Yes","MDE.Windows","Succeeded","1.0"
"e48414cd-f96d-4414-ae9e-da7fec844f77","DACDBPBISWV1","BAB-SIT-PBI-SWEC-RG-01","Windows","Yes","MDE.Windows","Succeeded","1.0"
"e48414cd-f96d-4414-ae9e-da7fec844f77","DAPPIAPSWV1","BAB-SIT-PBI-SWEC-RG-01","Windows","Yes","MDE.Windows","Succeeded","1.0"
"e48414cd-f96d-4414-ae9e-da7fec844f77","DAPPIDBSWV1","BAB-SIT-PBI-SWEC-RG-01","Windows","No","Not Installed","N/A","N/A"
"e48414cd-f96d-4414-ae9e-da7fec844f77","DAPCCAPSLV1","BAB-SIT-PCC-SWEC-RG-01","Linux","Yes","MDE.Linux","Failed","1.0"
"e48414cd-f96d-4414-ae9e-da7fec844f77","DAPCCWBSLV1","BAB-SIT-PCC-SWEC-RG-01","Linux","Yes","MDE.Linux","Failed","1.0"
"e48414cd-f96d-4414-ae9e-da7fec844f77","DAMAMAPAISWV1","BAB-SIT-POC-SWEC-RG-01","Windows","No","Not Installed","N/A","N/A"
"e48414cd-f96d-4414-ae9e-da7fec844f77","DAMAMAPDISWV1","BAB-SIT-POC-SWEC-RG-01","Windows","No","Not Installed","N/A","N/A"
"e48414cd-f96d-4414-ae9e-da7fec844f77","DAMAMAPDISWV2","BAB-SIT-POC-SWEC-RG-01","Windows","No","Not Installed","N/A","N/A"
"e48414cd-f96d-4414-ae9e-da7fec844f77","DAPPLAPSCSWV01","BAB-SIT-PPL-BR-RG-01","Windows","No","Not Installed","N/A","N/A"
"e48414cd-f96d-4414-ae9e-da7fec844f77","DAPPLSQDBSWV01","BAB-SIT-PPL-BR-RG-01","Windows","No","Not Installed","N/A","N/A"
"e48414cd-f96d-4414-ae9e-da7fec844f77","DAPPLWBSCSWV01","BAB-SIT-PPL-BR-RG-01","Windows","No","Not Installed","N/A","N/A"
"e48414cd-f96d-4414-ae9e-da7fec844f77","DAPRVAPPCIWV1","BAB-SIT-PROVIEW-SWEC-RG-01","Windows","Yes","MDE.Windows","Failed","1.0"
"e48414cd-f96d-4414-ae9e-da7fec844f77","DAPTTAPXXIWV1","BAB-SIT-PTTP-SWEC-RG-01","Windows","Yes","MDE.Windows","Succeeded","1.0"
"e48414cd-f96d-4414-ae9e-da7fec844f77","DAPTTDBORILV1","BAB-SIT-PTTP-SWEC-RG-01","Linux","Yes","MDE.Linux","Succeeded","1.0"
"e48414cd-f96d-4414-ae9e-da7fec844f77","DAPTTGWXXIWV1","BAB-SIT-PTTP-SWEC-RG-01","Windows","Yes","MDE.Windows","Succeeded","1.0"
"e48414cd-f96d-4414-ae9e-da7fec844f77","DARECAPSWV1","BAB-SIT-RCN-SWEC-RG-01","Windows","Yes","MDE.Windows","Succeeded","1.0"
"e48414cd-f96d-4414-ae9e-da7fec844f77","DARDSDBORSLV1","BAB-SIT-RMB-RDS-SWEC-RG-01","Linux","Yes","MDE.Linux","Succeeded","1.0"
"e48414cd-f96d-4414-ae9e-da7fec844f77","DARDSDBORSLV2","BAB-SIT-RMB-RDS-SWEC-RG-01","Linux","Yes","MDE.Linux","Succeeded","1.0"
"e48414cd-f96d-4414-ae9e-da7fec844f77","DARDSDBORSLV3","BAB-SIT-RMB-RDS-SWEC-RG-01","Linux","Yes","MDE.Linux","Succeeded","1.0"
"e48414cd-f96d-4414-ae9e-da7fec844f77","DARMBAPWSILV1","BAB-SIT-RMB-SWEC-RG-01","Linux","No","Not Installed","N/A","N/A"
"e48414cd-f96d-4414-ae9e-da7fec844f77","SIT-Mobl-BNK-APP-01","BAB-SIT-RMB-SWEC-RG-01","Linux","Yes","MDE.Linux","Succeeded","1.0"
"e48414cd-f96d-4414-ae9e-da7fec844f77","SIT-Mobl-BNK-DB-01","BAB-SIT-RMB-SWEC-RG-01","Windows","Yes","MDE.Windows","Succeeded","1.0"
"e48414cd-f96d-4414-ae9e-da7fec844f77","DASAQAPWSSWV2","BAB-SIT-SAQ-SWEC-RG-01","Windows","Yes","MDE.Windows","Succeeded","1.0"
"e48414cd-f96d-4414-ae9e-da7fec844f77","DASAQDBORSLV01","BAB-SIT-SAQ-SWEC-RG-01","Linux","Yes","MDE.Linux","Succeeded","1.0"
"e48414cd-f96d-4414-ae9e-da7fec844f77","DASAQWBWSSWV1","BAB-SIT-SAQ-SWEC-RG-01","Windows","Yes","MDE.Windows","Updating","1.0"
"e48414cd-f96d-4414-ae9e-da7fec844f77","DASASGCMAPSLV02","BAB-SIT-SAS-SWEC-RG-01","Linux","Yes","MDE.Linux","Succeeded","1.0"
"e48414cd-f96d-4414-ae9e-da7fec844f77","DASASGCMWBSLV01","BAB-SIT-SAS-SWEC-RG-01","Linux","Yes","MDE.Linux","Succeeded","1.0"
"e48414cd-f96d-4414-ae9e-da7fec844f77","DASASGSMAPSLV1","BAB-SIT-SAS-SWEC-RG-01","Linux","Yes","MDE.Linux","Succeeded","1.0"
"e48414cd-f96d-4414-ae9e-da7fec844f77","DASCFDBSQSWV01","BAB-SIT-SCF-SWEC-RG-01","Windows","Yes","MDE.Windows","Succeeded","1.0"
"e48414cd-f96d-4414-ae9e-da7fec844f77","DASCFWBISSWV01","BAB-SIT-SCF-SWEC-RG-01","Windows","Yes","MDE.Windows","Succeeded","1.0"
"e48414cd-f96d-4414-ae9e-da7fec844f77","DAENTDBSQSWV1","BAB-SIT-SHAREDDB-SWEC-RG-01","Windows","Yes","MDE.Windows","Succeeded","1.0"
"e48414cd-f96d-4414-ae9e-da7fec844f77","DABABAPSPIWV1","BAB-SIT-SHP-SWEC-RG-01","Windows","Yes","MDE.Windows","Succeeded","1.0"
"e48414cd-f96d-4414-ae9e-da7fec844f77","DABABAPSPSWV1","BAB-SIT-SHP-SWEC-RG-01","Windows","Yes","MDE.Windows","Succeeded","1.0"
"e48414cd-f96d-4414-ae9e-da7fec844f77","DABABDBSQLWV1","BAB-SIT-SHP-SWEC-RG-01","Windows","No","Not Installed","N/A","N/A"
"e48414cd-f96d-4414-ae9e-da7fec844f77","DABABWBSPSWV1","BAB-SIT-SHP-SWEC-RG-01","Windows","Yes","MDE.Windows","Succeeded","1.0"
"e48414cd-f96d-4414-ae9e-da7fec844f77","DADOCAPIITWV1","BAB-SIT-SHP-SWEC-RG-01","Windows","Yes","MDE.Windows","Succeeded","1.0"
"e48414cd-f96d-4414-ae9e-da7fec844f77","DADOCAPIITWV2","BAB-SIT-SHP-SWEC-RG-01","Windows","No","Not Installed","N/A","N/A"
"e48414cd-f96d-4414-ae9e-da7fec844f77","DASHPAPSPIWV1","BAB-SIT-SHP-SWEC-RG-01","Windows","Yes","MDE.Windows","Succeeded","1.0"
"e48414cd-f96d-4414-ae9e-da7fec844f77","DASHPAPWBIWV1","BAB-SIT-SHP-SWEC-RG-01","Windows","Yes","MDE.Windows","Succeeded","1.0"
"e48414cd-f96d-4414-ae9e-da7fec844f77","DASHPAPWBSWV01","BAB-SIT-SHP-SWEC-RG-01","Windows","Yes","MDE.Windows","Succeeded","1.0"
"e48414cd-f96d-4414-ae9e-da7fec844f77","DASHPDBSQIWV1","BAB-SIT-SHP-SWEC-RG-01","Windows","Yes","MDE.Windows","Succeeded","1.0"
"e48414cd-f96d-4414-ae9e-da7fec844f77","DASHPDBSQSWV01","BAB-SIT-SHP-SWEC-RG-01","Windows","Yes","MDE.Windows","Succeeded","1.0"
"e48414cd-f96d-4414-ae9e-da7fec844f77","DASMEWBMSSLV1","BAB-SIT-SME-LOAN-RG-01","Linux","Yes","MDE.Linux","Succeeded","1.0"
"e48414cd-f96d-4414-ae9e-da7fec844f77","DASMEWBSLV1","BAB-SIT-SME-SWEC-RG-01","Linux","Yes","MDE.Linux","Succeeded","1.0"
"e48414cd-f96d-4414-ae9e-da7fec844f77","DASMSGWCOIWV2","BAB-SIT-SMSGW-SWEC-RG-01","Windows","Yes","MDE.Windows","Succeeded","1.0"
"e48414cd-f96d-4414-ae9e-da7fec844f77","DASMSGWDBIWV1","BAB-SIT-SMSGW-SWEC-RG-01","Windows","Yes","MDE.Windows","Succeeded","1.0"
"e48414cd-f96d-4414-ae9e-da7fec844f77","DASOSAPXXTWV1","BAB-SIT-SSS-SWEC-RG-01","Windows","No","Not Installed","N/A","N/A"
"e48414cd-f96d-4414-ae9e-da7fec844f77","DASOSDBSQTWV1","BAB-SIT-SSS-SWEC-RG-01","Windows","Yes","MDE.Windows","Succeeded","1.0"
"e48414cd-f96d-4414-ae9e-da7fec844f77","DAT24ADOAPSWV01","BAB-SIT-T24-DEVOPS-SWEC-RG-01","Windows","Yes","MDE.Windows","Succeeded","1.0"
"e48414cd-f96d-4414-ae9e-da7fec844f77","DAT24ADOAPSWV02","BAB-SIT-T24-DEVOPS-SWEC-RG-01","Windows","Yes","MDE.Windows","Succeeded","1.0"
"e48414cd-f96d-4414-ae9e-da7fec844f77","DAT24ADODBSWV01","BAB-SIT-T24-DEVOPS-SWEC-RG-01","Windows","Yes","MDE.Windows","Succeeded","1.0"
"e48414cd-f96d-4414-ae9e-da7fec844f77","DAT24APNTSWV1","BAB-SIT-T24-SWEC-RG-01","Windows","Yes","MDE.Windows","Succeeded","1.0"
"e48414cd-f96d-4414-ae9e-da7fec844f77","DAT24APNTSWV2","BAB-SIT-T24-SWEC-RG-01","Windows","Yes","MDE.Windows","Succeeded","1.0"
"e48414cd-f96d-4414-ae9e-da7fec844f77","DAT24APNTSWV3","BAB-SIT-T24-SWEC-RG-01","Windows","Yes","MDE.Windows","Succeeded","1.0"
"e48414cd-f96d-4414-ae9e-da7fec844f77","DAT24APNTSWV4","BAB-SIT-T24-SWEC-RG-01","Windows","Yes","MDE.Windows","Succeeded","1.0"
"e48414cd-f96d-4414-ae9e-da7fec844f77","DAT24APNTSWV5","BAB-SIT-T24-SWEC-RG-01","Windows","No","Not Installed","N/A","N/A"
"e48414cd-f96d-4414-ae9e-da7fec844f77","DAT24DBSQSWV3","BAB-SIT-T24-SWEC-RG-01","Windows","Yes","MDE.Windows","Succeeded","1.0"
"e48414cd-f96d-4414-ae9e-da7fec844f77","DAT24APNTSWV4CL","BAB-SIT-T24-TEMP-SWEC-RG-01","Windows","Yes","MDE.Windows","Succeeded","1.0"
"e48414cd-f96d-4414-ae9e-da7fec844f77","DAT24DBSQSWV2CL","BAB-SIT-T24-TEMP-SWEC-RG-01","Windows","Yes","MDE.Windows","Succeeded","1.0"
"e48414cd-f96d-4414-ae9e-da7fec844f77","DATOSAPSWV1","BAB-SIT-TOS-SWEC-RG-01","Windows","Yes","MDE.Windows","Succeeded","1.0"
"e48414cd-f96d-4414-ae9e-da7fec844f77","DATOSAPSWV2","BAB-SIT-TOS-SWEC-RG-01","Windows","Yes","MDE.Windows","Succeeded","1.0"
"e48414cd-f96d-4414-ae9e-da7fec844f77","DATOSAPSWV3","BAB-SIT-TOS-SWEC-RG-01","Windows","Yes","MDE.Windows","Succeeded","1.0"
"e48414cd-f96d-4414-ae9e-da7fec844f77","DATOSAPSWV4","BAB-SIT-TOS-SWEC-RG-01","Windows","No","Not Installed","N/A","N/A"
"e48414cd-f96d-4414-ae9e-da7fec844f77","DAVNVAPSWV1","BAB-SIT-VNV-SWEC-RG-01","Windows","Yes","MDE.Windows","Succeeded","1.0"
"e48414cd-f96d-4414-ae9e-da7fec844f77","DAVNVDBSQSWV1","BAB-SIT-VNV-SWEC-RG-01","Windows","Yes","MDE.Windows","Succeeded","1.0"
"e48414cd-f96d-4414-ae9e-da7fec844f77","DABIBADLDSWV1","BAB-SIT-WAS-SWEC-RG-01","Windows","Yes","MDE.Windows","Succeeded","1.0"
"e48414cd-f96d-4414-ae9e-da7fec844f77","DAIBGADLDSWV1","BAB-SIT-WAS-SWEC-RG-01","Windows","Yes","MDE.Windows","Succeeded","1.0"
"e48414cd-f96d-4414-ae9e-da7fec844f77","DAIBGADLDTWV1","BAB-SIT-WAS-SWEC-RG-01","Windows","No","Not Installed","N/A","N/A"
"e48414cd-f96d-4414-ae9e-da7fec844f77","DAIBGAPDMILV1","BAB-SIT-WAS-SWEC-RG-01","Linux","Yes","MDE.Linux","Succeeded","1.0"
"e48414cd-f96d-4414-ae9e-da7fec844f77","DAIBGAPWSILV1","BAB-SIT-WAS-SWEC-RG-01","Linux","Yes","MDE.Linux","Succeeded","1.0"
"e48414cd-f96d-4414-ae9e-da7fec844f77","DAIBGAPWSILV2","BAB-SIT-WAS-SWEC-RG-01","Linux","Yes","MDE.Linux","Succeeded","1.0"
"e48414cd-f96d-4414-ae9e-da7fec844f77","DAIBGWBWSIWV1","BAB-SIT-WAS-SWEC-RG-01","Windows","Yes","MDE.Windows","Succeeded","1.0"
"e48414cd-f96d-4414-ae9e-da7fec844f77","DASDEAPPSWV1","SIT-SDE-SWEC-RG-01","Windows","Yes","MDE.Windows","Succeeded","1.0"
"e48414cd-f96d-4414-ae9e-da7fec844f77","DASDESDBSQSWV1","SIT-SDE-SWEC-RG-01","Windows","Yes","MDE.Windows","Succeeded","1.0"
