"VMName","ResourceGroup","OS","PowerState","GuestAgentStatus","GuestAgentVersion","MDEPresent","MDEType","MDEState","MDEVersion"
"bab-dev-aro-01-zm4qv-master-0","ARO-INFRA-LX29KZ5C-BAB-DEV-ARO-01","Linux","Unknown","Unknown","Unknown","No","None","N/A","N/A"
"bab-dev-aro-01-zm4qv-master-1","ARO-INFRA-LX29KZ5C-BAB-DEV-ARO-01","Linux","Unknown","Unknown","Unknown","No","None","N/A","N/A"
"bab-dev-aro-01-zm4qv-master-2","ARO-INFRA-LX29KZ5C-BAB-DEV-ARO-01","Linux","Unknown","Unknown","Unknown","No","None","N/A","N/A"
"bab-dev-aro-01-zm4qv-worker-swec-01-h4skf","ARO-INFRA-LX29KZ5C-BAB-DEV-ARO-01","Linux","Unknown","Unknown","Unknown","No","None","N/A","N/A"
"bab-dev-aro-01-zm4qv-worker-swec-02-65kw7","ARO-INFRA-LX29KZ5C-BAB-DEV-ARO-01","Linux","Unknown","Unknown","Unknown","No","None","N/A","N/A"
"bab-dev-aro-01-zm4qv-worker-swec-03-pdt28","ARO-INFRA-LX29KZ5C-BAB-DEV-ARO-01","Linux","Unknown","Unknown","Unknown","No","None","N/A","N/A"
"bab-dev-aro-01-zm4qv-worker-swec-04-25fmv","ARO-INFRA-LX29KZ5C-BAB-DEV-ARO-01","Linux","Unknown","Unknown","Unknown","No","None","N/A","N/A"
"bab-dev-aro-01-zm4qv-worker-swec-05-rwr4r","ARO-INFRA-LX29KZ5C-BAB-DEV-ARO-01","Linux","Unknown","Unknown","Unknown","No","None","N/A","N/A"
"bab-dev-aro-01-zm4qv-worker-swec-06-qvjx6","ARO-INFRA-LX29KZ5C-BAB-DEV-ARO-01","Linux","Unknown","Unknown","Unknown","No","None","N/A","N/A"
"bab-dev-aro-01-zm4qv-worker-swec-07-48zfr","ARO-INFRA-LX29KZ5C-BAB-DEV-ARO-01","Linux","Unknown","Unknown","Unknown","No","None","N/A","N/A"
"bab-dev-aro-01-zm4qv-worker-swec-08-9xmrp","ARO-INFRA-LX29KZ5C-BAB-DEV-ARO-01","Linux","Unknown","Unknown","Unknown","No","None","N/A","N/A"
"DADAIGPULV01","BAB-CORE-AI-SWEC-01","Linux","Unknown","Unknown","Unknown","Yes","MDE.Linux","Succeeded","1.0"
"DADAIGPULV2","BAB-CORE-AI-SWEC-01","Linux","Unknown","Unknown","Unknown","Yes","MDE.Linux","Succeeded","1.0"
"DAADOT24DBDWV01","BAB-DEV-ADO-T24-SWEC-RG-01","Windows","Unknown","Unknown","Unknown","Yes","MDE.Windows","Succeeded","1.0"
"DAAMLAIODBDLV01","BAB-DEV-AML-AI-RG-01","Linux","Unknown","Unknown","Unknown","Yes","MDE.Linux","Succeeded","1.0"
"DAAMLAIPGDBDLV01","BAB-DEV-AML-AI-RG-01","Linux","Unknown","Unknown","Unknown","Yes","MDE.Linux","Succeeded","1.0"
"DARRRAPAUDLV1","BAB-DEV-APEX-SWEC-RG-01","Linux","Unknown","Unknown","Unknown","No","None","N/A","N/A"
"DARRRDBORDLV1","BAB-DEV-APEX-SWEC-RG-01","Linux","Unknown","Unknown","Unknown","No","None","N/A","N/A"
"DARRRWBWBDLV1","BAB-DEV-APEX-SWEC-RG-01","Linux","Unknown","Unknown","Unknown","Yes","MDE.Linux","Failed","1.0"
"DANCRAPXXDWV1","BAB-DEV-APTRA-SWEC-RG-01","Windows","Unknown","Unknown","Unknown","Yes","MDE.Windows","Succeeded","1.0"
"DAAVEAPFLDWV01","BAB-DEV-AVE-SWEC-RG-01","Windows","Unknown","Unknown","Unknown","Yes","MDE.Windows","Succeeded","1.0"
"DAAVEAPPDWV01","BAB-DEV-AVE-SWEC-RG-01","Windows","Unknown","Unknown","Unknown","Yes","MDE.Windows","Succeeded","1.0"
"DAAVEWBPRDWV01","BAB-DEV-AVE-SWEC-RG-01","Windows","Unknown","Unknown","Unknown","Yes","MDE.Windows","Succeeded","1.0"
"DABASADCPDWV1","BAB-DEV-BAAS-AD-RG-01","Windows","Unknown","Unknown","Unknown","Yes","MDE.Windows","Succeeded","1.0"
"DABASADRTDWV1","BAB-DEV-BAAS-AD-RG-01","Windows","Unknown","Unknown","Unknown","Yes","MDE.Windows","Succeeded","1.0"
"DABASAPKADLV01","BAB-DEV-BAAS-SWEC-RG-01","Linux","Unknown","Unknown","Unknown","Yes","MDE.Linux","Succeeded","1.0"
"DABASAPKADLV02","BAB-DEV-BAAS-SWEC-RG-01","Linux","Unknown","Unknown","Unknown","Yes","MDE.Linux","Succeeded","1.0"
"DABASAPKADLV03","BAB-DEV-BAAS-SWEC-RG-01","Linux","Unknown","Unknown","Unknown","Yes","MDE.Linux","Succeeded","1.0"
"DABASDBRDDLV01","BAB-DEV-BAAS-SWEC-RG-01","Linux","Unknown","Unknown","Unknown","Yes","MDE.Linux","Succeeded","1.0"
"DACAIAPASDWV01","BAB-DEV-BCAI-SWEC-RG-01","Windows","Unknown","Unknown","Unknown","Yes","MDE.Windows","Succeeded","1.0"
"DACAIAPLEDWV01","BAB-DEV-BCAI-SWEC-RG-01","Windows","Unknown","Unknown","Unknown","Yes","MDE.Windows","Succeeded","1.0"
"DACAIDBSQDWV01","BAB-DEV-BCAI-SWEC-RG-01","Windows","Unknown","Unknown","Unknown","Yes","MDE.Windows","Succeeded","1.0"
"DACAIWBLPDWV01","BAB-DEV-BCAI-SWEC-RG-01","Windows","Unknown","Unknown","Unknown","Yes","MDE.Windows","Succeeded","1.0"
"DABDMAPWBDWV1","BAB-DEV-BDS-SWEC-RG-01","Windows","Unknown","Unknown","Unknown","Yes","MDE.Windows","Succeeded","1.0"
"DABDMDBSQDWV1","BAB-DEV-BDS-SWEC-RG-01","Windows","Unknown","Unknown","Unknown","Yes","MDE.Windows","Succeeded","1.0"
"DABIBADLDDWV1","BAB-DEV-BIB-SWEC-RG-01","Windows","Unknown","Unknown","Unknown","Yes","MDE.Windows","Succeeded","1.0"
"DAIBGADLDDWV1","BAB-DEV-BIB-SWEC-RG-01","Windows","Unknown","Unknown","Unknown","Yes","MDE.Windows","Succeeded","1.0"
"DABORAPXXDWV1","BAB-DEV-BO-SWEC-RG-01","Windows","Unknown","Unknown","Unknown","Yes","MDE.Windows","Succeeded","1.0"
"DASAPAPBODWV1","BAB-DEV-BO-SWEC-RG-01","Windows","Unknown","Unknown","Unknown","Yes","MDE.Windows","Succeeded","1.0"
"DASAPAPDMDWV1","BAB-DEV-BO-SWEC-RG-01","Windows","Unknown","Unknown","Unknown","Yes","MDE.Windows","Succeeded","1.0"
"DASAPWBBODWV1","BAB-DEV-BO-SWEC-RG-01","Windows","Unknown","Unknown","Unknown","Yes","MDE.Windows","Succeeded","1.0"
"DABPMAPWSDLV1","BAB-DEV-BPM-SWEC-RG-01","Linux","Unknown","Unknown","Unknown","Yes","MDE.Linux","Succeeded","1.0"
"DABPMDBORDLV1","BAB-DEV-BPM-SWEC-RG-01","Linux","Unknown","Unknown","Unknown","Yes","MDE.Linux","Succeeded","1.0"
"DATCRAPMODLV1","BAB-DEV-CASHINST-SWEC-RG-01","Linux","Unknown","Unknown","Unknown","Yes","MDE.Linux","Succeeded","1.0"
"DTAZCBDAWWV01","BAB-DEV-CBDC-SWEC-RG-01","Windows","Unknown","Unknown","Unknown","Yes","MDE.Windows","Succeeded","1.0"
"DAFISAPWSDLV1","BAB-DEV-CORTEX-SWEC-RG-01","Linux","Unknown","Unknown","Unknown","Yes","MDE.Linux","Succeeded","1.0"
"DACRMAPFEWV01","BAB-DEV-CRM-SWEC-RG-01","Windows","Unknown","Unknown","Unknown","Yes","MDE.Windows","Succeeded","1.0"
"DACRMAPFEWV02","BAB-DEV-CRM-SWEC-RG-01","Windows","Unknown","Unknown","Unknown","Yes","MDE.Windows","Succeeded","1.0"
"DACRMAPIRDWV1","BAB-DEV-CRM-SWEC-RG-01","Windows","Unknown","Unknown","Unknown","Yes","MDE.Windows","Failed","1.0"
"DACRMCTIDVWV1","BAB-DEV-CRM-SWEC-RG-01","Windows","Unknown","Unknown","Unknown","Yes","MDE.Windows","Succeeded","1.0"
"DACRMCTISTWV1","BAB-DEV-CRM-SWEC-RG-01","Windows","Unknown","Unknown","Unknown","Yes","MDE.Windows","Succeeded","1.0"
"DTAZRCRMDBWV01","BAB-DEV-CRM-SWEC-RG-01","Windows","Unknown","Unknown","Unknown","Yes","MDE.Windows","Succeeded","1.0"
"DTAZRCRMDBWV02","BAB-DEV-CRM-SWEC-RG-01","Windows","Unknown","Unknown","Unknown","Yes","MDE.Windows","Succeeded","1.0"
"DTAZRCRMRSWV01","BAB-DEV-CRM-SWEC-RG-01","Windows","Unknown","Unknown","Unknown","Yes","MDE.Windows","Succeeded","1.0"
"DTAZRCRMRSWV02","BAB-DEV-CRM-SWEC-RG-01","Windows","Unknown","Unknown","Unknown","Yes","MDE.Windows","Succeeded","1.0"
"DTAZRCRMSPWV01","BAB-DEV-CRM-SWEC-RG-01","Windows","Unknown","Unknown","Unknown","Yes","MDE.Windows","Succeeded","1.0"
"DTAZRCRMSPWV02","BAB-DEV-CRM-SWEC-RG-01","Windows","Unknown","Unknown","Unknown","Yes","MDE.Windows","Succeeded","1.0"
"DTAZRCRMWBWV01","BAB-DEV-CRM-SWEC-RG-01","Windows","Unknown","Unknown","Unknown","Yes","MDE.Windows","Succeeded","1.0"
"DTAZRCRMWBWV02","BAB-DEV-CRM-SWEC-RG-01","Windows","Unknown","Unknown","Unknown","Yes","MDE.Windows","Succeeded","1.0"
"DACTXAPGUDLV01","BAB-DEV-CRTXUP-SWEC-RG-01","Linux","Unknown","Unknown","Unknown","Yes","MDE.Linux","Succeeded","1.0"
"DACTXAPSWDLV01","BAB-DEV-CRTXUP-SWEC-RG-01","Linux","Unknown","Unknown","Unknown","Yes","MDE.Linux","Succeeded","1.0"
"DACTXDBORDLV01","BAB-DEV-CRTXUP-SWEC-RG-01","Linux","Unknown","Unknown","Unknown","Yes","MDE.Linux","Succeeded","1.0"
"DAISTAPGUDLV01","BAB-DEV-CRTXUP-SWEC-RG-01","Linux","Unknown","Unknown","Unknown","Yes","MDE.Linux","Succeeded","1.0"
"DAISTAPSWDLV01","BAB-DEV-CRTXUP-SWEC-RG-01","Linux","Unknown","Unknown","Unknown","Yes","MDE.Linux","Succeeded","1.0"
"DACRMADOAGDWV01","BAB-DEV-DEVOPS-SWEC-RG-01","Windows","Unknown","Unknown","Unknown","Yes","MDE.Windows","Succeeded","1.0"
"DADEXAPIIDWV01","BAB-DEV-DEX-UPG-SWEC-RG-01","Windows","Unknown","Unknown","Unknown","Yes","MDE.Windows","Succeeded","1.0"
"DADEXIXOAPDWV01","BAB-DEV-DEX-UPG-SWEC-RG-01","Windows","Unknown","Unknown","Unknown","Yes","MDE.Windows","Succeeded","1.0"
"DADEXORDBDLV01","BAB-DEV-DEX-UPG-SWEC-RG-01","Linux","Unknown","Unknown","Unknown","Yes","MDE.Linux","Succeeded","1.0"
"DAEMVAPCIDWV1","BAB-DEV-DEXXIS-SWEC-RG-01","Windows","Unknown","Unknown","Unknown","Yes","MDE.Windows","Succeeded","1.0"
"daemvapdpdwv1","BAB-DEV-DEXXIS-SWEC-RG-01","Windows","Unknown","Unknown","Unknown","Yes","MDE.Windows","Succeeded","1.0"
"daemvdbordwv1","BAB-DEV-DEXXIS-SWEC-RG-01","Windows","Unknown","Unknown","Unknown","Yes","MDE.Windows","Succeeded","1.0"
"DAEMVDBORDWV2","BAB-DEV-DEXXIS-SWEC-RG-01","Windows","Unknown","Unknown","Unknown","Yes","MDE.Windows","Succeeded","1.0"
"DADGBMNDBLV01","BAB-DEV-DGPDPL-SWEC-RG-01","Linux","Unknown","Unknown","Unknown","Yes","MDE.Linux","Succeeded","1.0"
"DADGERMAPWV01","BAB-DEV-DGPDPL-SWEC-RG-01","Windows","Unknown","Unknown","Unknown","Yes","MDE.Windows","Succeeded","1.0"
"DADGERMDBLV01","BAB-DEV-DGPDPL-SWEC-RG-01","Linux","Unknown","Unknown","Unknown","Yes","MDE.Linux","Succeeded","1.0"
"DADGINFAGWV01","BAB-DEV-DGPDPL-SWEC-RG-01","Windows","Unknown","Unknown","Unknown","Yes","MDE.Windows","Succeeded","1.0"
"DADGINFAPLV01","BAB-DEV-DGPDPL-SWEC-RG-01","Linux","Unknown","Unknown","Unknown","Yes","MDE.Linux","Succeeded","1.0"
"DADGINFAXLV01","BAB-DEV-DGPDPL-SWEC-RG-01","Linux","Unknown","Unknown","Unknown","Yes","MDE.Linux","Succeeded","1.0"
"DADGINFDBWV01","BAB-DEV-DGPDPL-SWEC-RG-01","Windows","Unknown","Unknown","Unknown","Yes","MDE.Windows","Succeeded","1.0"
"DADGINFDQLV01","BAB-DEV-DGPDPL-SWEC-RG-01","Linux","Unknown","Unknown","Unknown","Yes","MDE.Linux","Succeeded","1.0"
"DADGINFIELV01","BAB-DEV-DGPDPL-SWEC-RG-01","Linux","Unknown","Unknown","Unknown","Yes","MDE.Linux","Succeeded","1.0"
"DAOBPDBSQDWV1","BAB-DEV-DIGIAPI-SWEC-RG-01","Windows","Unknown","Unknown","Unknown","Yes","MDE.Windows","Succeeded","1.0"
"DAOPSAPPJDWV1","BAB-DEV-DOPSTOSCA-SWEC-RG-01","Windows","Unknown","Unknown","Unknown","Yes","MDE.Windows","Succeeded","1.0"
"DAOPSAPPJDWV3","BAB-DEV-DOPSTOSCA-SWEC-RG-01","Windows","Unknown","Unknown","Unknown","Yes","MDE.Windows","Succeeded","1.0"
"DAOPSDBSQDWV4","BAB-DEV-DOPSTOSCA-SWEC-RG-01","Windows","Unknown","Unknown","Unknown","Yes","MDE.Windows","Succeeded","1.0"
"DAEBSAPINDLV01","BAB-DEV-EBS-SWEC-RG-01","Linux","Unknown","Unknown","Unknown","Yes","MDE.Linux","Succeeded","1.0"
"DAEBSDBORDLV01","BAB-DEV-EBS-SWEC-RG-01","Linux","Unknown","Unknown","Unknown","Yes","MDE.Linux","Succeeded","1.0"
"DAEMBAPJBDLV1","BAB-DEV-ENJMBNK-SWEC-RG-01","Linux","Unknown","Unknown","Unknown","Yes","MDE.Linux","Failed","1.0"
"DAEMBDBSQDWV1","BAB-DEV-ENJMBNK-SWEC-RG-01","Windows","Unknown","Unknown","Unknown","Yes","MDE.Windows","Succeeded","1.0"
"DADHBDBSQDWV1","BAB-DEV-ETL-SWEC-RG-01","Windows","Unknown","Unknown","Unknown","Yes","MDE.Windows","Succeeded","1.0"
"DAETLAPDMDWV1","BAB-DEV-ETL-SWEC-RG-01","Windows","Unknown","Unknown","Unknown","Yes","MDE.Windows","Succeeded","1.0"
"DACASDBLV01","BAB-DEV-GIB-SWEC-RG-01","Linux","Unknown","Unknown","Unknown","Yes","MDE.Linux","Failed","1.0"
"DACASDBLV02","BAB-DEV-GIB-SWEC-RG-01","Linux","Unknown","Unknown","Unknown","Yes","MDE.Linux","Failed","1.0"
"DAMLAPLV01","BAB-DEV-GIB-SWEC-RG-01","Linux","Unknown","Unknown","Unknown","Yes","MDE.Linux","Failed","1.0"
"DAMORADLV01","BAB-DEV-GIB-SWEC-RG-01","Linux","Unknown","Unknown","Unknown","Yes","MDE.Linux","Failed","1.0"
"DAMFAWBWBDWV1","BAB-DEV-HID-SWEC-RG-01","Windows","Unknown","Unknown","Unknown","Yes","MDE.Windows","Succeeded","1.0"
"DAHRMAPDWV1","BAB-DEV-HRM-SWEC-RG-01","Windows","Unknown","Unknown","Unknown","Yes","MDE.Windows","Succeeded","1.0"
"DAHRMWBDWV1","BAB-DEV-HRM-SWEC-RG-01","Windows","Unknown","Unknown","Unknown","Yes","MDE.Windows","Succeeded","1.0"
"DAIAMAPDMDWV2","BAB-DEV-IAMS-SWEC-RG-01","Windows","Unknown","Unknown","Unknown","No","None","N/A","N/A"
"DAIAMDBDMDWV1","BAB-DEV-IAMS-SWEC-RG-01","Windows","Unknown","Unknown","Unknown","Yes","MDE.Windows","Succeeded","1.0"
"DAIBGAPWSDLV1","BAB-DEV-IBG-SWEC-RG-01","Linux","Unknown","Unknown","Unknown","Yes","MDE.Linux","Succeeded","1.0"
"DAIBGAPWSDLV1-new","BAB-DEV-IBG-SWEC-RG-01","Linux","Unknown","Unknown","Unknown","Yes","MDE.Linux","Succeeded","1.0"
"DAIBGAPWSDLV2","BAB-DEV-IBG-SWEC-RG-01","Linux","Unknown","Unknown","Unknown","Yes","MDE.Linux","Succeeded","1.0"
"DAIBGAPWSDLV2-new","BAB-DEV-IBG-SWEC-RG-01","Linux","Unknown","Unknown","Unknown","Yes","MDE.Linux","Succeeded","1.0"
"DAIPYAPXXDWV1","BAB-DEV-IPAY-SWEC-RG-01","Windows","Unknown","Unknown","Unknown","Yes","MDE.Windows","Succeeded","1.0"
"DAIPYDBSQDWV1","BAB-DEV-IPAY-SWEC-RG-01","Windows","Unknown","Unknown","Unknown","Yes","MDE.Windows","Succeeded","1.0"
"DAJMGDBSQDWV1","BAB-DEV-JMS-SWEC-RG-01","Windows","Unknown","Unknown","Unknown","Yes","MDE.Windows","Succeeded","1.0"
"DAJMSAPDLV1","BAB-DEV-JMS-SWEC-RG-01","Linux","Unknown","Unknown","Unknown","Yes","MDE.Linux","Succeeded","1.0"
"DAJMSAPDLV2","BAB-DEV-JMS-SWEC-RG-01","Linux","Unknown","Unknown","Unknown","Yes","MDE.Linux","Succeeded","1.0"
"DAMVSAPREDWV1","BAB-DEV-JMS-SWEC-RG-01","Windows","Unknown","Unknown","Unknown","Yes","MDE.Windows","Succeeded","1.0"
"DARMBKFKLV01","BAB-DEV-KFK-SWEC-RG-01","Linux","Unknown","Unknown","Unknown","Yes","MDE.Linux","Succeeded","1.0"
"DARMBKFKLV02","BAB-DEV-KFK-SWEC-RG-01","Linux","Unknown","Unknown","Unknown","Yes","MDE.Linux","Succeeded","1.0"
"DARMBKFKLV03","BAB-DEV-KFK-SWEC-RG-01","Linux","Unknown","Unknown","Unknown","Yes","MDE.Linux","Succeeded","1.0"
"DAACEAPMBDLV1","BAB-DEV-MDW-SWEC-RG-01","Linux","Unknown","Unknown","Unknown","Yes","MDE.Linux","Failed","1.0"
"DAACEDBORDLV1","BAB-DEV-MDW-SWEC-RG-01","Linux","Unknown","Unknown","Unknown","Yes","MDE.Linux","Failed","1.0"
"DAMQBMWMBDLV1","BAB-DEV-MDW-SWEC-RG-01","Linux","Unknown","Unknown","Unknown","Yes","MDE.Linux","Succeeded","1.0"
"DAMQHAPQMDLV2","BAB-DEV-MDW-SWEC-RG-01","Linux","Unknown","Unknown","Unknown","Yes","MDE.Linux","Failed","1.0"
"DAMISDBDWV1","BAB-DEV-MIS-SWEC-RG-01","Windows","Unknown","Unknown","Unknown","Yes","MDE.Windows","Succeeded","1.0"
"DARMBAPWSDLV1","BAB-DEV-MOBILE-BANKING-SWEC-RG-01","Linux","Unknown","Unknown","Unknown","Yes","MDE.Linux","Succeeded","1.0"
"DAMODAPWBDWV1","BAB-DEV-MODCRED-SWEC-RG-01","Windows","Unknown","Unknown","Unknown","Yes","MDE.Windows","Succeeded","1.0"
"DAMODDBORDLV1","BAB-DEV-MODCRED-SWEC-RG-01","Linux","Unknown","Unknown","Unknown","Yes","MDE.Linux","Succeeded","1.0"
"DAMODAPERDWV1","BAB-DEV-MODERM-SWEC-RG-01","Windows","Unknown","Unknown","Unknown","Yes","MDE.Windows","Succeeded","1.0"
"DAMODAPERDWV2","BAB-DEV-MODERM-SWEC-RG-01","Windows","Unknown","Unknown","Unknown","Yes","MDE.Windows","Succeeded","1.0"
"DAMODDBORDLV2","BAB-DEV-MODERM-SWEC-RG-01","Linux","Unknown","Unknown","Unknown","Yes","MDE.Linux","Failed","1.0"
"DAMOGDBORDLV1","BAB-DEV-MOGDB-SWEC-RG-01","Linux","Unknown","Unknown","Unknown","Yes","MDE.Linux","Succeeded","1.0"
"DAMOGDBORDLV2","BAB-DEV-MOGDB-SWEC-RG-01","Linux","Unknown","Unknown","Unknown","Yes","MDE.Linux","Succeeded","1.0"
"DAMOGDBORDLV3","BAB-DEV-MOGDB-SWEC-RG-01","Linux","Unknown","Unknown","Unknown","Yes","MDE.Linux","Succeeded","1.0"
"D2MUBAPJBDWV1","BAB-DEV-MUB-SWEC-RG-01","Windows","Unknown","Unknown","Unknown","Yes","MDE.Windows","Succeeded","1.0"
"D2MUBAPJBDWV2","BAB-DEV-MUB-SWEC-RG-01","Windows","Unknown","Unknown","Unknown","Yes","MDE.Windows","Succeeded","1.0"
"D2MUBAPJBDWV3","BAB-DEV-MUB-SWEC-RG-01","Windows","Unknown","Unknown","Unknown","Yes","MDE.Windows","Succeeded","1.0"
"DAMUBAPCODWV1","BAB-DEV-MUB-SWEC-RG-01","Windows","Unknown","Unknown","Unknown","Yes","MDE.Windows","Succeeded","1.0"
"DAMUBAPCODWV2","BAB-DEV-MUB-SWEC-RG-01","Windows","Unknown","Unknown","Unknown","Yes","MDE.Windows","Succeeded","1.0"
"DAMUBAPJBDWV1","BAB-DEV-MUB-SWEC-RG-01","Windows","Unknown","Unknown","Unknown","Yes","MDE.Windows","Succeeded","1.0"
"DAMUBAPMGDWV01","BAB-DEV-MUB-SWEC-RG-01","Windows","Unknown","Unknown","Unknown","Yes","MDE.Windows","Succeeded","1.0"
"DAMUBCSMAPWV01","BAB-DEV-MUB-SWEC-RG-01","Windows","Unknown","Unknown","Unknown","Yes","MDE.Windows","Succeeded","1.0"
"DAMUBDBORDLV01","BAB-DEV-MUB-SWEC-RG-01","Linux","Unknown","Unknown","Unknown","Yes","MDE.Linux","Failed","1.0"
"DAMUBDBORDWV2","BAB-DEV-MUB-SWEC-RG-01","Windows","Unknown","Unknown","Unknown","Yes","MDE.Windows","Succeeded","1.0"
"DAMUBOMSAPWV01","BAB-DEV-MUB-SWEC-RG-01","Windows","Unknown","Unknown","Unknown","Yes","MDE.Windows","Succeeded","1.0"
"DAMUBOMSAPWV02","BAB-DEV-MUB-SWEC-RG-01","Windows","Unknown","Unknown","Unknown","Yes","MDE.Windows","Succeeded","1.0"
"DAMUBOMSAPWV03","BAB-DEV-MUB-SWEC-RG-01","Windows","Unknown","Unknown","Unknown","Yes","MDE.Windows","Succeeded","1.0"
"DAMUBSCMAPWV01","BAB-DEV-MUB-SWEC-RG-01","Windows","Unknown","Unknown","Unknown","Yes","MDE.Windows","Succeeded","1.0"
"DAMUBSMSAPWV01","BAB-DEV-MUB-SWEC-RG-01","Windows","Unknown","Unknown","Unknown","Yes","MDE.Windows","Succeeded","1.0"
"DAMUBTRSAPWV01","BAB-DEV-MUB-SWEC-RG-01","Windows","Unknown","Unknown","Unknown","Yes","MDE.Windows","Succeeded","1.0"
"DAMUBWBAPDWV1","BAB-DEV-MUB-SWEC-RG-01","Windows","Unknown","Unknown","Unknown","Yes","MDE.Windows","Succeeded","1.0"
"DAMUBWBAPDWV2","BAB-DEV-MUB-SWEC-RG-01","Windows","Unknown","Unknown","Unknown","Yes","MDE.Windows","Succeeded","1.0"
"DAMUBWBMGDWV01","BAB-DEV-MUB-SWEC-RG-01","Windows","Unknown","Unknown","Unknown","Yes","MDE.Windows","Succeeded","1.0"
"DAMUBWBWV01","BAB-DEV-MUB-SWEC-RG-01","Windows","Unknown","Unknown","Unknown","Yes","MDE.Windows","Succeeded","1.0"
"DATMSAPMODLV1","BAB-DEV-MUX-SWEC-RG-01","Linux","Unknown","Unknown","Unknown","Yes","MDE.Linux","Succeeded","1.0"
"DATMSDBORDLV1","BAB-DEV-MUX-SWEC-RG-01","Linux","Unknown","Unknown","Unknown","Yes","MDE.Linux","Failed","1.0"
"DANBIBDBORDLV01","BAB-DEV-NEW-BIB-SWEC-RG-01","Linux","Unknown","Unknown","Unknown","Yes","MDE.Linux","Succeeded","1.0"
"rescue-vm","BAB-DEV-NW-SWEC-RG-01","Windows","Unknown","Unknown","Unknown","No","None","N/A","N/A"
"DABPMAPWSDWV4","BAB-DEV-ODM-SWEC-RG-01","Windows","Unknown","Unknown","Unknown","Yes","MDE.Windows","Succeeded","1.0"
"DABPMAPWSDWV5","BAB-DEV-ODM-SWEC-RG-01","Windows","Unknown","Unknown","Unknown","Yes","MDE.Windows","Succeeded","1.0"
"DAENTDBSQDWV2","BAB-DEV-ODM-SWEC-RG-01","Windows","Unknown","Unknown","Unknown","Yes","MDE.Windows","Succeeded","1.0"
"DAFATDBSQDWV1","BAB-DEV-ODS-SWEC-RG-01","Windows","Unknown","Unknown","Unknown","Yes","MDE.Windows","Succeeded","1.0"
"DAODSDBORDLV2","BAB-DEV-ODS-SWEC-RG-01","Linux","Unknown","Unknown","Unknown","Yes","MDE.Linux","Succeeded","1.0"
"DAODSDBORDWV2","BAB-DEV-ODS-SWEC-RG-01","Windows","Unknown","Unknown","Unknown","Yes","MDE.Windows","Succeeded","1.0"
"DASDBDBORDLV1","BAB-DEV-ODS-SWEC-RG-01","Linux","Unknown","Unknown","Unknown","Yes","MDE.Linux","Succeeded","1.0"
"DAPBIDBSQDWV1","BAB-DEV-PBI-SWEC-RG-01","Windows","Unknown","Unknown","Unknown","Yes","MDE.Windows","Succeeded","1.0"
"DAPCCAPDLV1","BAB-DEV-PCC-SWEC-RG-01","Linux","Unknown","Unknown","Unknown","Yes","MDE.Linux","Succeeded","1.0"
"DAPCCWBDLV1","BAB-DEV-PCC-SWEC-RG-01","Linux","Unknown","Unknown","Unknown","Yes","MDE.Linux","Succeeded","1.0"
"DAPPLAPSCDWV01","BAB-DEV-PPL-BR-RG-01","Windows","Unknown","Unknown","Unknown","Yes","MDE.Windows","Succeeded","1.0"
"DAPPLSQDBDWV01","BAB-DEV-PPL-BR-RG-01","Windows","Unknown","Unknown","Unknown","Yes","MDE.Windows","Succeeded","1.0"
"DAPPLWBSCDWV01","BAB-DEV-PPL-BR-RG-01","Windows","Unknown","Unknown","Unknown","Yes","MDE.Windows","Succeeded","1.0"
"DARDSDBORDLV1","BAB-DEV-RMB-RDS-SWEC-RG-01","Linux","Unknown","Unknown","Unknown","Yes","MDE.Linux","Succeeded","1.0"
"DARDSDBORDLV2","BAB-DEV-RMB-RDS-SWEC-RG-01","Linux","Unknown","Unknown","Unknown","Yes","MDE.Linux","Failed","1.0"
"DARDSDBORDLV3","BAB-DEV-RMB-RDS-SWEC-RG-01","Linux","Unknown","Unknown","Unknown","Yes","MDE.Linux","Succeeded","1.0"
"Dev-Mobl-BNK-APP-01","BAB-DEV-RMB-SWEC-RG-01","Linux","Unknown","Unknown","Unknown","Yes","MDE.Linux","Succeeded","1.0"
"Dev-Mobl-BNK-DB-01","BAB-DEV-RMB-SWEC-RG-01","Windows","Unknown","Unknown","Unknown","Yes","MDE.Windows","Succeeded","1.0"
"Dev-Mobl-BNK-Web-01","BAB-DEV-RMB-SWEC-RG-01","Windows","Unknown","Unknown","Unknown","Yes","MDE.Windows","Succeeded","1.0"
"DAFISAPRSDWV01","BAB-DEV-RPA-SWEC-RG-01","Windows","Unknown","Unknown","Unknown","Yes","MDE.Windows","Succeeded","1.0"
"DARECAPGWDWV01","BAB-DEV-RPA-SWEC-RG-01","Windows","Unknown","Unknown","Unknown","Yes","MDE.Windows","Succeeded","1.0"
"DARECAPGWDWV02","BAB-DEV-RPA-SWEC-RG-01","Windows","Unknown","Unknown","Unknown","Yes","MDE.Windows","Succeeded","1.0"
"DARPADBSQWV01","BAB-DEV-RPA-SWEC-RG-01","Windows","Unknown","Unknown","Unknown","Yes","MDE.Windows","Succeeded","1.0"
"DARPAUPDBDWV1","BAB-DEV-RPA-SWEC-RG-01","Windows","Unknown","Unknown","Unknown","Yes","MDE.Windows","Succeeded","1.0"
"DARPAUPORDWV1","BAB-DEV-RPA-SWEC-RG-01","Windows","Unknown","Unknown","Unknown","Yes","MDE.Windows","Succeeded","1.0"
"DARPAUPRBDWV1","BAB-DEV-RPA-SWEC-RG-01","Windows","Unknown","Unknown","Unknown","Yes","MDE.Windows","Succeeded","1.0"
"DARPAUPRBDWV2","BAB-DEV-RPA-SWEC-RG-01","Windows","Unknown","Unknown","Unknown","Yes","MDE.Windows","Succeeded","1.0"
"DTAZRSAMAPLV01","BAB-DEV-SAMACBDC-SWEC-RG-01","Windows","Unknown","Unknown","Unknown","Yes","MDE.Windows","Succeeded","1.0"
"DTAZRSAMDBLV01","BAB-DEV-SAMACBDC-SWEC-RG-01","Windows","Unknown","Unknown","Unknown","No","None","N/A","N/A"
"DTAZRSAMDPLV01","BAB-DEV-SAMACBDC-SWEC-RG-01","Linux","Unknown","Unknown","Unknown","No","None","N/A","N/A"
"DASAQAPWSDWV2","BAB-DEV-SAQR-SWEC-RG-01","Windows","Unknown","Unknown","Unknown","Yes","MDE.Windows","Succeeded","1.0"
"DASAQDBORDLV03","BAB-DEV-SAQR-SWEC-RG-01","Linux","Unknown","Unknown","Unknown","Yes","MDE.Linux","Succeeded","1.0"
"DASAQWBWSDWV1","BAB-DEV-SAQR-SWEC-RG-01","Windows","Unknown","Unknown","Unknown","Yes","MDE.Windows","Succeeded","1.0"
"DASASAPAISLV1","BAB-DEV-SAS-SWEC-RG-01","Linux","Unknown","Unknown","Unknown","Yes","MDE.Linux","Failed","1.0"
"DASASAPODELV1","BAB-DEV-SAS-SWEC-RG-01","Linux","Unknown","Unknown","Unknown","Yes","MDE.Linux","Failed","1.0"
"DASASAPPWBSLV1","BAB-DEV-SAS-SWEC-RG-01","Linux","Unknown","Unknown","Unknown","Yes","MDE.Linux","Failed","1.0"
"DASASDBMEHLV1","BAB-DEV-SAS-SWEC-RG-01","Linux","Unknown","Unknown","Unknown","Yes","MDE.Linux","Succeeded","1.0"
"DASASWBRESLV1","BAB-DEV-SAS-SWEC-RG-01","Linux","Unknown","Unknown","Unknown","Yes","MDE.Linux","Failed","1.0"
"DASCFDBSQDWV01","BAB-DEV-SCF-SWEC-RG-01","Windows","Unknown","Unknown","Unknown","Yes","MDE.Windows","Succeeded","1.0"
"DASCFWBISDWV01","BAB-DEV-SCF-SWEC-RG-01","Windows","Unknown","Unknown","Unknown","Yes","MDE.Windows","Succeeded","1.0"
"DADOCAPIIDWV2","BAB-DEV-SHP-SWEC-RG-01","Windows","Unknown","Unknown","Unknown","Yes","MDE.Windows","Succeeded","1.0"
"DASHPAPFEOWV1","BAB-DEV-SHP-SWEC-RG-01","Windows","Unknown","Unknown","Unknown","Yes","MDE.Windows","Succeeded","1.0"
"DASHPAPFEWV1","BAB-DEV-SHP-SWEC-RG-01","Windows","Unknown","Unknown","Unknown","Yes","MDE.Windows","Succeeded","1.0"
"DASHPDBSQDWV1","BAB-DEV-SHP-SWEC-RG-01","Windows","Unknown","Unknown","Unknown","Yes","MDE.Windows","Succeeded","1.0"
"DASHPDBSQOWV1","BAB-DEV-SHP-SWEC-RG-01","Windows","Unknown","Unknown","Unknown","Yes","MDE.Windows","Succeeded","1.0"
"DASHPDBSQWV1","BAB-DEV-SHP-SWEC-RG-01","Windows","Unknown","Unknown","Unknown","Yes","MDE.Windows","Succeeded","1.0"
"DASHPFEDBDWV1","BAB-DEV-SHP-SWEC-RG-01","Windows","Unknown","Unknown","Unknown","Yes","MDE.Windows","Succeeded","1.0"
"DASHPWBDWV1","BAB-DEV-SHP-SWEC-RG-01","Windows","Unknown","Unknown","Unknown","Yes","MDE.Windows","Succeeded","1.0"
"DASHRDBSQDWV4","BAB-DEV-SHP-SWEC-RG-01","Windows","Unknown","Unknown","Unknown","Yes","MDE.Windows","Succeeded","1.0"
"DASHRWBSPDWV4","BAB-DEV-SHP-SWEC-RG-01","Windows","Unknown","Unknown","Unknown","Yes","MDE.Windows","Succeeded","1.0"
"DASLMAPINDLV01","BAB-DEV-SLM-SWEC-RG-01","Linux","Unknown","Unknown","Unknown","Yes","MDE.Linux","Succeeded","1.0"
"DASLMDBSQLLV01","BAB-DEV-SLM-SWEC-RG-01","Linux","Unknown","Unknown","Unknown","Yes","MDE.Linux","Succeeded","1.0"
"DASMEWBMSDLV1","BAB-DEV-SME-LOAN-RG-01","Linux","Unknown","Unknown","Unknown","Yes","MDE.Linux","Succeeded","1.0"
"DASMEWBDLV1","BAB-DEV-SME-SWEC-RG-01","Linux","Unknown","Unknown","Unknown","Yes","MDE.Linux","Succeeded","1.0"
"DASMSGWCODWV1","BAB-DEV-SMSGW-SWEC-RG-01","Windows","Unknown","Unknown","Unknown","Yes","MDE.Windows","Succeeded","1.0"
"DASAIADAPDWV01","BAB-DEV-SNAI-SWEC-RG-01","Windows","Unknown","Unknown","Unknown","Yes","MDE.Windows","Succeeded","1.0"
"DASAIPRAIDLV01","BAB-DEV-SNAI-SWEC-RG-01","Linux","Unknown","Unknown","Unknown","Yes","MDE.Linux","Succeeded","1.0"
"DASAITRAIDLV01","BAB-DEV-SNAI-SWEC-RG-01","Linux","Unknown","Unknown","Unknown","Yes","MDE.Linux","Succeeded","1.0"
"DASNWAPTMDLV1","BAB-DEV-SVCNOW-SWEC-RG-01","Linux","Unknown","Unknown","Unknown","Yes","MDE.Linux","Failed","1.0"
"DASNWAPTMDWV1","BAB-DEV-SVCNOW-SWEC-RG-01","Windows","Unknown","Unknown","Unknown","Yes","MDE.Windows","Succeeded","1.0"
"DASNWDBORDLV1","BAB-DEV-SVCNOW-SWEC-RG-01","Linux","Unknown","Unknown","Unknown","Yes","MDE.Linux","Failed","1.0"
"DASNWWBTMDWV1","BAB-DEV-SVCNOW-SWEC-RG-01","Windows","Unknown","Unknown","Unknown","Yes","MDE.Windows","Succeeded","1.0"
"DAT24APNTDWV2","BAB-DEV-T24-SWEC-RG-01","Windows","Unknown","Unknown","Unknown","Yes","MDE.Windows","Succeeded","1.0"
"DAT24DBSQDWV2","BAB-DEV-T24-SWEC-RG-01","Windows","Unknown","Unknown","Unknown","Yes","MDE.Windows","Succeeded","1.0"
"DAUPGT24APWV1","BAB-DEV-T24-SWEC-RG-01","Windows","Unknown","Unknown","Unknown","Yes","MDE.Windows","Succeeded","1.0"
"DAUPGT24APWV2","BAB-DEV-T24-SWEC-RG-01","Windows","Unknown","Unknown","Unknown","Yes","MDE.Windows","Succeeded","1.0"
"DAUPGT24DBWV1","BAB-DEV-T24-SWEC-RG-01","Windows","Unknown","Unknown","Unknown","Yes","MDE.Windows","Succeeded","1.0"
"DAUPGT24DBWV2","BAB-DEV-T24-SWEC-RG-01","Windows","Unknown","Unknown","Unknown","Yes","MDE.Windows","Succeeded","1.0"
"DAR21APNTDWV1","BAB-DEV-TEST-DEVOPS-SWEC-RG-01","Windows","Unknown","Unknown","Unknown","Yes","MDE.Windows","Deleting","1.0"
"DAR21DBSQDWV1","BAB-DEV-TEST-DEVOPS-SWEC-RG-01","Windows","Unknown","Unknown","Unknown","Yes","MDE.Windows","Succeeded","1.0"
"DATFSAPAIDWV1","BAB-DEV-TFS-SWEC-RG-01","Windows","Unknown","Unknown","Unknown","Yes","MDE.Windows","Succeeded","1.0"
"DATFSAPOCDWV1","BAB-DEV-TFS-SWEC-RG-01","Windows","Unknown","Unknown","Unknown","Yes","MDE.Windows","Succeeded","1.0"
"DTAZRTFSApWV01","BAB-DEV-TFS-SWEC-RG-01","Windows","Unknown","Unknown","Unknown","Yes","MDE.Windows","Succeeded","1.0"
"DTAZRTFSAPWV02","BAB-DEV-TFS-SWEC-RG-01","Windows","Unknown","Unknown","Unknown","Yes","MDE.Windows","Succeeded","1.0"
"DTAZRTFSAPWV03","BAB-DEV-TFS-SWEC-RG-01","Windows","Unknown","Unknown","Unknown","Yes","MDE.Windows","Succeeded","1.0"
"DTAZRTFSDBWV1","BAB-DEV-TFS-SWEC-RG-01","Windows","Unknown","Unknown","Unknown","Yes","MDE.Windows","Succeeded","1.0"
"DTAZRTFSMWWV01","BAB-DEV-TFS-SWEC-RG-01","Windows","Unknown","Unknown","Unknown","Yes","MDE.Windows","Succeeded","1.0"
"DTAZRTFSMWWV02","BAB-DEV-TFS-SWEC-RG-01","Windows","Unknown","Unknown","Unknown","Yes","MDE.Windows","Succeeded","1.0"
"DTAZRTFSMWWV03","BAB-DEV-TFS-SWEC-RG-01","Linux","Unknown","Unknown","Unknown","Yes","MDE.Linux","Succeeded","1.0"
"DABSIAPPDLV1","DEV-BSI-SWEC-RG-01","Linux","Unknown","Unknown","Unknown","Yes","MDE.Linux","Succeeded","1.0"
"DABSIDBDLV1","DEV-BSI-SWEC-RG-01","Linux","Unknown","Unknown","Unknown","Yes","MDE.Linux","Succeeded","1.0"
"DASDEAPPDWV1","DEV-SDE-SWEC-RG-01","Windows","Unknown","Unknown","Unknown","Yes","MDE.Windows","Succeeded","1.0"
"DASDEDBSQDWV1","DEV-SDE-SWEC-RG-01","Windows","Unknown","Unknown","Unknown","Yes","MDE.Windows","Succeeded","1.0"
