ExistingLogicApp,ExistingLogicAppId,ExistingState,Environment,ResourceType,TriggerName,Frequency,Interval,StartHHMM,TimeZone,VmName,VmResourceId,VmSubscriptionId,VmResourceGroup,VmLocation,DetectedPattern,Role,ProposedLogicApp,GroupKey,Status
bab-baas-dev-AD_vms_Scheduled_start,/subscriptions/d88f0b5b-6660-4607-8c6a-395820400912/resourceGroups/bab-core-auto-weeu-rg-01/providers/Microsoft.Logic/workflows/bab-baas-dev-AD_vms_Scheduled_start,Enabled,dev,baas,ScheduledStartTriggers,Week,1,630,Arab Standard Time,DABASADRTDWV1,/subscriptions/43cc4f11-ffb1-4a0d-8420-0ba3746b4248/resourceGroups/BAB-DEV-BAAS-AD-RG-01/providers/Microsoft.Compute/virtualMachines/DABASADRTDWV1,43cc4f11-ffb1-4a0d-8420-0ba3746b4248,BAB-DEV-BAAS-AD-RG-01,swedencentral,AP,appweb,bab-dev-baas-ad-appweb-start-01,43cc4f11-ffb1-4a0d-8420-0ba3746b4248|BAB-DEV-BAAS-AD-RG-01|dev|baas|appweb|0630,Ready
bab-aptra-dev_vms_Scheduled_start,/subscriptions/d88f0b5b-6660-4607-8c6a-395820400912/resourceGroups/bab-core-auto-weeu-rg-01/providers/Microsoft.Logic/workflows/bab-aptra-dev_vms_Scheduled_start,Enabled,dev,aptra,ScheduledStartTriggers,Week,1,800,Arab Standard Time,DANCRAPXXDWV1,/subscriptions/43cc4f11-ffb1-4a0d-8420-0ba3746b4248/resourceGroups/bab-dev-aptra-swec-rg-01/providers/Microsoft.Compute/virtualMachines/DANCRAPXXDWV1,43cc4f11-ffb1-4a0d-8420-0ba3746b4248,bab-dev-aptra-swec-rg-01,swedencentral,AP,appweb,bab-dev-aptra-appweb-start-01,43cc4f11-ffb1-4a0d-8420-0ba3746b4248|bab-dev-aptra-swec-rg-01|dev|aptra|appweb|0800,Ready
bab-baas-dev_vms_Scheduled_start,/subscriptions/d88f0b5b-6660-4607-8c6a-395820400912/resourceGroups/bab-core-auto-weeu-rg-01/providers/Microsoft.Logic/workflows/bab-baas-dev_vms_Scheduled_start,Enabled,dev,baas,ScheduledStartTriggers,Week,1,630,Arab Standard Time,DABASAPKADLV01,/subscriptions/43cc4f11-ffb1-4a0d-8420-0ba3746b4248/resourceGroups/BAB-DEV-BAAS-SWEC-RG-01/providers/Microsoft.Compute/virtualMachines/DABASAPKADLV01,43cc4f11-ffb1-4a0d-8420-0ba3746b4248,BAB-DEV-BAAS-SWEC-RG-01,swedencentral,AP,appweb,bab-dev-baas-appweb-start-01,43cc4f11-ffb1-4a0d-8420-0ba3746b4248|BAB-DEV-BAAS-SWEC-RG-01|dev|baas|appweb|0630,Ready
bab-baas-dev_vms_Scheduled_start,/subscriptions/d88f0b5b-6660-4607-8c6a-395820400912/resourceGroups/bab-core-auto-weeu-rg-01/providers/Microsoft.Logic/workflows/bab-baas-dev_vms_Scheduled_start,Enabled,dev,baas,ScheduledStartTriggers,Week,1,630,Arab Standard Time,DABASAPKADLV02,/subscriptions/43cc4f11-ffb1-4a0d-8420-0ba3746b4248/resourceGroups/BAB-DEV-BAAS-SWEC-RG-01/providers/Microsoft.Compute/virtualMachines/DABASAPKADLV02,43cc4f11-ffb1-4a0d-8420-0ba3746b4248,BAB-DEV-BAAS-SWEC-RG-01,swedencentral,AP,appweb,bab-dev-baas-appweb-start-01,43cc4f11-ffb1-4a0d-8420-0ba3746b4248|BAB-DEV-BAAS-SWEC-RG-01|dev|baas|appweb|0630,Ready
bab-baas-dev_vms_Scheduled_start,/subscriptions/d88f0b5b-6660-4607-8c6a-395820400912/resourceGroups/bab-core-auto-weeu-rg-01/providers/Microsoft.Logic/workflows/bab-baas-dev_vms_Scheduled_start,Enabled,dev,baas,ScheduledStartTriggers,Week,1,630,Arab Standard Time,DABASAPKADLV03,/subscriptions/43cc4f11-ffb1-4a0d-8420-0ba3746b4248/resourceGroups/BAB-DEV-BAAS-SWEC-RG-01/providers/Microsoft.Compute/virtualMachines/DABASAPKADLV03,43cc4f11-ffb1-4a0d-8420-0ba3746b4248,BAB-DEV-BAAS-SWEC-RG-01,swedencentral,AP,appweb,bab-dev-baas-appweb-start-01,43cc4f11-ffb1-4a0d-8420-0ba3746b4248|BAB-DEV-BAAS-SWEC-RG-01|dev|baas|appweb|0630,Ready
bab-baas-dev_vms_Scheduled_db,/subscriptions/d88f0b5b-6660-4607-8c6a-395820400912/resourceGroups/bab-core-auto-weeu-rg-01/providers/Microsoft.Logic/workflows/bab-baas-dev_vms_Scheduled_db,Enabled,dev,baas,ScheduledStartTriggers,Week,1,615,Arab Standard Time,DABASDBRDDLV01,/subscriptions/43cc4f11-ffb1-4a0d-8420-0ba3746b4248/resourceGroups/BAB-DEV-BAAS-SWEC-RG-01/providers/Microsoft.Compute/virtualMachines/DABASDBRDDLV01,43cc4f11-ffb1-4a0d-8420-0ba3746b4248,BAB-DEV-BAAS-SWEC-RG-01,swedencentral,DB,db,bab-dev-baas-db-start-01,43cc4f11-ffb1-4a0d-8420-0ba3746b4248|BAB-DEV-BAAS-SWEC-RG-01|dev|baas|db|0615,Ready
bab-bds-dev_vms_Scheduled_appweb,/subscriptions/d88f0b5b-6660-4607-8c6a-395820400912/resourceGroups/bab-core-auto-weeu-rg-01/providers/Microsoft.Logic/workflows/bab-bds-dev_vms_Scheduled_appweb,Enabled,dev,bds,ScheduledStartTriggers,Week,1,800,Arab Standard Time,DABDMAPWBDWV1,/subscriptions/43cc4f11-ffb1-4a0d-8420-0ba3746b4248/resourceGroups/bab-dev-bds-swec-rg-01/providers/Microsoft.Compute/virtualMachines/DABDMAPWBDWV1,43cc4f11-ffb1-4a0d-8420-0ba3746b4248,bab-dev-bds-swec-rg-01,swedencentral,APWB,appweb,bab-dev-bds-appweb-start-01,43cc4f11-ffb1-4a0d-8420-0ba3746b4248|bab-dev-bds-swec-rg-01|dev|bds|appweb|0800,Ready
bab-bds-dev_vms_Scheduled_db,/subscriptions/d88f0b5b-6660-4607-8c6a-395820400912/resourceGroups/bab-core-auto-weeu-rg-01/providers/Microsoft.Logic/workflows/bab-bds-dev_vms_Scheduled_db,Enabled,dev,bds,ScheduledStartTriggers,Week,1,750,Arab Standard Time,DABDMDBSQDWV1,/subscriptions/43cc4f11-ffb1-4a0d-8420-0ba3746b4248/resourceGroups/bab-dev-bds-swec-rg-01/providers/Microsoft.Compute/virtualMachines/DABDMDBSQDWV1,43cc4f11-ffb1-4a0d-8420-0ba3746b4248,bab-dev-bds-swec-rg-01,swedencentral,DB,db,bab-dev-bds-db-start-01,43cc4f11-ffb1-4a0d-8420-0ba3746b4248|bab-dev-bds-swec-rg-01|dev|bds|db|0750,Ready
bab-bib-dev_vms_Scheduled_start,/subscriptions/d88f0b5b-6660-4607-8c6a-395820400912/resourceGroups/bab-core-auto-weeu-rg-01/providers/Microsoft.Logic/workflows/bab-bib-dev_vms_Scheduled_start,Enabled,dev,bib,ScheduledStartTriggers,Week,1,800,Arab Standard Time,DABIBADLDDWV1,/subscriptions/43cc4f11-ffb1-4a0d-8420-0ba3746b4248/resourceGroups/bab-dev-bib-swec-rg-01/providers/Microsoft.Compute/virtualMachines/DABIBADLDDWV1,43cc4f11-ffb1-4a0d-8420-0ba3746b4248,bab-dev-bib-swec-rg-01,swedencentral,AP,appweb,bab-dev-bib-appweb-start-01,43cc4f11-ffb1-4a0d-8420-0ba3746b4248|bab-dev-bib-swec-rg-01|dev|bib|appweb|0800,Ready
bab-bib-dev_vms_Scheduled_start,/subscriptions/d88f0b5b-6660-4607-8c6a-395820400912/resourceGroups/bab-core-auto-weeu-rg-01/providers/Microsoft.Logic/workflows/bab-bib-dev_vms_Scheduled_start,Enabled,dev,bib,ScheduledStartTriggers,Week,1,800,Arab Standard Time,DAIBGADLDDWV1,/subscriptions/43cc4f11-ffb1-4a0d-8420-0ba3746b4248/resourceGroups/bab-dev-bib-swec-rg-01/providers/Microsoft.Compute/virtualMachines/DAIBGADLDDWV1,43cc4f11-ffb1-4a0d-8420-0ba3746b4248,bab-dev-bib-swec-rg-01,swedencentral,AP,appweb,bab-dev-bib-appweb-start-01,43cc4f11-ffb1-4a0d-8420-0ba3746b4248|bab-dev-bib-swec-rg-01|dev|bib|appweb|0800,Ready
bab-bpm-dev_vms_Scheduled_appweb,/subscriptions/d88f0b5b-6660-4607-8c6a-395820400912/resourceGroups/bab-core-auto-weeu-rg-01/providers/Microsoft.Logic/workflows/bab-bpm-dev_vms_Scheduled_appweb,Enabled,dev,bpm,ScheduledStartTriggers,Week,1,800,Arab Standard Time,DABPMAPWSDLV1,/subscriptions/43cc4f11-ffb1-4a0d-8420-0ba3746b4248/resourceGroups/BAB-DEV-BPM-SWEC-RG-01/providers/Microsoft.Compute/virtualMachines/DABPMAPWSDLV1,43cc4f11-ffb1-4a0d-8420-0ba3746b4248,BAB-DEV-BPM-SWEC-RG-01,swedencentral,AP,appweb,bab-dev-bpm-appweb-start-01,43cc4f11-ffb1-4a0d-8420-0ba3746b4248|BAB-DEV-BPM-SWEC-RG-01|dev|bpm|appweb|0800,Ready
bab-bpm-dev_vms_Scheduled_db,/subscriptions/d88f0b5b-6660-4607-8c6a-395820400912/resourceGroups/bab-core-auto-weeu-rg-01/providers/Microsoft.Logic/workflows/bab-bpm-dev_vms_Scheduled_db,Enabled,dev,bpm,ScheduledStartTriggers,Week,1,750,Arab Standard Time,DABPMDBORDLV1,/subscriptions/43cc4f11-ffb1-4a0d-8420-0ba3746b4248/resourceGroups/bab-dev-bpm-swec-rg-01/providers/Microsoft.Compute/virtualMachines/DABPMDBORDLV1,43cc4f11-ffb1-4a0d-8420-0ba3746b4248,bab-dev-bpm-swec-rg-01,swedencentral,DB,db,bab-dev-bpm-db-start-01,43cc4f11-ffb1-4a0d-8420-0ba3746b4248|bab-dev-bpm-swec-rg-01|dev|bpm|db|0750,Ready
BAB-DEV-CASHINST-SWEC-RG-01,/subscriptions/d88f0b5b-6660-4607-8c6a-395820400912/resourceGroups/bab-core-auto-weeu-rg-01/providers/Microsoft.Logic/workflows/BAB-DEV-CASHINST-SWEC-RG-01,Enabled,dev,cashinst,Recurrence,Week,1,800,Arab Standard Time,DATCRAPMODLV1,/subscriptions/43cc4f11-ffb1-4a0d-8420-0ba3746b4248/resourceGroups/BAB-DEV-CASHINST-SWEC-RG-01/providers/Microsoft.Compute/virtualMachines/DATCRAPMODLV1,43cc4f11-ffb1-4a0d-8420-0ba3746b4248,BAB-DEV-CASHINST-SWEC-RG-01,swedencentral,AP,appweb,bab-dev-cashinst-appweb-start-01,43cc4f11-ffb1-4a0d-8420-0ba3746b4248|BAB-DEV-CASHINST-SWEC-RG-01|dev|cashinst|appweb|0800,Ready
bab-dev-cdc-kfk-appweb-start-01,/subscriptions/d88f0b5b-6660-4607-8c6a-395820400912/resourceGroups/bab-core-auto-weeu-rg-01/providers/Microsoft.Logic/workflows/bab-dev-cdc-kfk-appweb-start-01,Enabled,dev,cdc-kfk,ScheduledStartTrigger,Week,1,800,Arab Standard Time,DACDCAPBRDLV01,/subscriptions/43cc4f11-ffb1-4a0d-8420-0ba3746b4248/resourceGroups/bab-dev-cdc-kfk-swec-rg-01/providers/Microsoft.Compute/virtualMachines/DACDCAPBRDLV01,43cc4f11-ffb1-4a0d-8420-0ba3746b4248,bab-dev-cdc-kfk-swec-rg-01,swedencentral,AP,appweb,bab-dev-cdc-kfk-appweb-start-01,43cc4f11-ffb1-4a0d-8420-0ba3746b4248|bab-dev-cdc-kfk-swec-rg-01|dev|cdc-kfk|appweb|0800,Ready
bab-dev-cdc-kfk-appweb-start-01,/subscriptions/d88f0b5b-6660-4607-8c6a-395820400912/resourceGroups/bab-core-auto-weeu-rg-01/providers/Microsoft.Logic/workflows/bab-dev-cdc-kfk-appweb-start-01,Enabled,dev,cdc-kfk,ScheduledStartTrigger,Week,1,800,Arab Standard Time,DACDCAPBRDLV02,/subscriptions/43cc4f11-ffb1-4a0d-8420-0ba3746b4248/resourceGroups/bab-dev-cdc-kfk-swec-rg-01/providers/Microsoft.Compute/virtualMachines/DACDCAPBRDLV02,43cc4f11-ffb1-4a0d-8420-0ba3746b4248,bab-dev-cdc-kfk-swec-rg-01,swedencentral,AP,appweb,bab-dev-cdc-kfk-appweb-start-01,43cc4f11-ffb1-4a0d-8420-0ba3746b4248|bab-dev-cdc-kfk-swec-rg-01|dev|cdc-kfk|appweb|0800,Ready
bab-dev-cdc-kfk-appweb-start-01,/subscriptions/d88f0b5b-6660-4607-8c6a-395820400912/resourceGroups/bab-core-auto-weeu-rg-01/providers/Microsoft.Logic/workflows/bab-dev-cdc-kfk-appweb-start-01,Enabled,dev,cdc-kfk,ScheduledStartTrigger,Week,1,800,Arab Standard Time,DACDCAPBRDLV03,/subscriptions/43cc4f11-ffb1-4a0d-8420-0ba3746b4248/resourceGroups/bab-dev-cdc-kfk-swec-rg-01/providers/Microsoft.Compute/virtualMachines/DACDCAPBRDLV03,43cc4f11-ffb1-4a0d-8420-0ba3746b4248,bab-dev-cdc-kfk-swec-rg-01,swedencentral,AP,appweb,bab-dev-cdc-kfk-appweb-start-01,43cc4f11-ffb1-4a0d-8420-0ba3746b4248|bab-dev-cdc-kfk-swec-rg-01|dev|cdc-kfk|appweb|0800,Ready
bab-dev-cdc-kfk-appweb-start-01,/subscriptions/d88f0b5b-6660-4607-8c6a-395820400912/resourceGroups/bab-core-auto-weeu-rg-01/providers/Microsoft.Logic/workflows/bab-dev-cdc-kfk-appweb-start-01,Enabled,dev,cdc-kfk,ScheduledStartTrigger,Week,1,800,Arab Standard Time,DACDCAPCCDLV01,/subscriptions/43cc4f11-ffb1-4a0d-8420-0ba3746b4248/resourceGroups/bab-dev-cdc-kfk-swec-rg-01/providers/Microsoft.Compute/virtualMachines/DACDCAPCCDLV01,43cc4f11-ffb1-4a0d-8420-0ba3746b4248,bab-dev-cdc-kfk-swec-rg-01,swedencentral,AP,appweb,bab-dev-cdc-kfk-appweb-start-01,43cc4f11-ffb1-4a0d-8420-0ba3746b4248|bab-dev-cdc-kfk-swec-rg-01|dev|cdc-kfk|appweb|0800,Ready
bab-dev-cdc-kfk-appweb-start-01,/subscriptions/d88f0b5b-6660-4607-8c6a-395820400912/resourceGroups/bab-core-auto-weeu-rg-01/providers/Microsoft.Logic/workflows/bab-dev-cdc-kfk-appweb-start-01,Enabled,dev,cdc-kfk,ScheduledStartTrigger,Week,1,800,Arab Standard Time,DACDCAPCNDLV01,/subscriptions/43cc4f11-ffb1-4a0d-8420-0ba3746b4248/resourceGroups/bab-dev-cdc-kfk-swec-rg-01/providers/Microsoft.Compute/virtualMachines/DACDCAPCNDLV01,43cc4f11-ffb1-4a0d-8420-0ba3746b4248,bab-dev-cdc-kfk-swec-rg-01,swedencentral,AP,appweb,bab-dev-cdc-kfk-appweb-start-01,43cc4f11-ffb1-4a0d-8420-0ba3746b4248|bab-dev-cdc-kfk-swec-rg-01|dev|cdc-kfk|appweb|0800,Ready
bab-dev-cdc-kfk-appweb-start-01,/subscriptions/d88f0b5b-6660-4607-8c6a-395820400912/resourceGroups/bab-core-auto-weeu-rg-01/providers/Microsoft.Logic/workflows/bab-dev-cdc-kfk-appweb-start-01,Enabled,dev,cdc-kfk,ScheduledStartTrigger,Week,1,800,Arab Standard Time,DACDCAPCNDLV02,/subscriptions/43cc4f11-ffb1-4a0d-8420-0ba3746b4248/resourceGroups/bab-dev-cdc-kfk-swec-rg-01/providers/Microsoft.Compute/virtualMachines/DACDCAPCNDLV02,43cc4f11-ffb1-4a0d-8420-0ba3746b4248,bab-dev-cdc-kfk-swec-rg-01,swedencentral,AP,appweb,bab-dev-cdc-kfk-appweb-start-01,43cc4f11-ffb1-4a0d-8420-0ba3746b4248|bab-dev-cdc-kfk-swec-rg-01|dev|cdc-kfk|appweb|0800,Ready
bab-dev-cdc-kfk-appweb-start-01,/subscriptions/d88f0b5b-6660-4607-8c6a-395820400912/resourceGroups/bab-core-auto-weeu-rg-01/providers/Microsoft.Logic/workflows/bab-dev-cdc-kfk-appweb-start-01,Enabled,dev,cdc-kfk,ScheduledStartTrigger,Week,1,800,Arab Standard Time,DACDCAPCTDLV01,/subscriptions/43cc4f11-ffb1-4a0d-8420-0ba3746b4248/resourceGroups/bab-dev-cdc-kfk-swec-rg-01/providers/Microsoft.Compute/virtualMachines/DACDCAPCTDLV01,43cc4f11-ffb1-4a0d-8420-0ba3746b4248,bab-dev-cdc-kfk-swec-rg-01,swedencentral,AP,appweb,bab-dev-cdc-kfk-appweb-start-01,43cc4f11-ffb1-4a0d-8420-0ba3746b4248|bab-dev-cdc-kfk-swec-rg-01|dev|cdc-kfk|appweb|0800,Ready
bab-dev-cdc-kfk-appweb-start-01,/subscriptions/d88f0b5b-6660-4607-8c6a-395820400912/resourceGroups/bab-core-auto-weeu-rg-01/providers/Microsoft.Logic/workflows/bab-dev-cdc-kfk-appweb-start-01,Enabled,dev,cdc-kfk,ScheduledStartTrigger,Week,1,800,Arab Standard Time,DACDCAPCTDLV02,/subscriptions/43cc4f11-ffb1-4a0d-8420-0ba3746b4248/resourceGroups/bab-dev-cdc-kfk-swec-rg-01/providers/Microsoft.Compute/virtualMachines/DACDCAPCTDLV02,43cc4f11-ffb1-4a0d-8420-0ba3746b4248,bab-dev-cdc-kfk-swec-rg-01,swedencentral,AP,appweb,bab-dev-cdc-kfk-appweb-start-01,43cc4f11-ffb1-4a0d-8420-0ba3746b4248|bab-dev-cdc-kfk-swec-rg-01|dev|cdc-kfk|appweb|0800,Ready
bab-dev-cdc-kfk-appweb-start-01,/subscriptions/d88f0b5b-6660-4607-8c6a-395820400912/resourceGroups/bab-core-auto-weeu-rg-01/providers/Microsoft.Logic/workflows/bab-dev-cdc-kfk-appweb-start-01,Enabled,dev,cdc-kfk,ScheduledStartTrigger,Week,1,800,Arab Standard Time,DACDCAPCTDLV03,/subscriptions/43cc4f11-ffb1-4a0d-8420-0ba3746b4248/resourceGroups/bab-dev-cdc-kfk-swec-rg-01/providers/Microsoft.Compute/virtualMachines/DACDCAPCTDLV03,43cc4f11-ffb1-4a0d-8420-0ba3746b4248,bab-dev-cdc-kfk-swec-rg-01,swedencentral,AP,appweb,bab-dev-cdc-kfk-appweb-start-01,43cc4f11-ffb1-4a0d-8420-0ba3746b4248|bab-dev-cdc-kfk-swec-rg-01|dev|cdc-kfk|appweb|0800,Ready
bab-dev-cdc-kfk-appweb-start-01,/subscriptions/d88f0b5b-6660-4607-8c6a-395820400912/resourceGroups/bab-core-auto-weeu-rg-01/providers/Microsoft.Logic/workflows/bab-dev-cdc-kfk-appweb-start-01,Enabled,dev,cdc-kfk,ScheduledStartTrigger,Week,1,800,Arab Standard Time,DACDCAPDWV01,/subscriptions/43cc4f11-ffb1-4a0d-8420-0ba3746b4248/resourceGroups/bab-dev-cdc-kfk-swec-rg-01/providers/Microsoft.Compute/virtualMachines/DACDCAPDWV01,43cc4f11-ffb1-4a0d-8420-0ba3746b4248,bab-dev-cdc-kfk-swec-rg-01,swedencentral,AP,appweb,bab-dev-cdc-kfk-appweb-start-01,43cc4f11-ffb1-4a0d-8420-0ba3746b4248|bab-dev-cdc-kfk-swec-rg-01|dev|cdc-kfk|appweb|0800,Ready
bab-dev-cdc-kfk-appweb-start-01,/subscriptions/d88f0b5b-6660-4607-8c6a-395820400912/resourceGroups/bab-core-auto-weeu-rg-01/providers/Microsoft.Logic/workflows/bab-dev-cdc-kfk-appweb-start-01,Enabled,dev,cdc-kfk,ScheduledStartTrigger,Week,1,800,Arab Standard Time,DACDCAPSRDLV01,/subscriptions/43cc4f11-ffb1-4a0d-8420-0ba3746b4248/resourceGroups/bab-dev-cdc-kfk-swec-rg-01/providers/Microsoft.Compute/virtualMachines/DACDCAPSRDLV01,43cc4f11-ffb1-4a0d-8420-0ba3746b4248,bab-dev-cdc-kfk-swec-rg-01,swedencentral,AP,appweb,bab-dev-cdc-kfk-appweb-start-01,43cc4f11-ffb1-4a0d-8420-0ba3746b4248|bab-dev-cdc-kfk-swec-rg-01|dev|cdc-kfk|appweb|0800,Ready
bab-dev-cdc-kfk-appweb-start-01,/subscriptions/d88f0b5b-6660-4607-8c6a-395820400912/resourceGroups/bab-core-auto-weeu-rg-01/providers/Microsoft.Logic/workflows/bab-dev-cdc-kfk-appweb-start-01,Enabled,dev,cdc-kfk,ScheduledStartTrigger,Week,1,800,Arab Standard Time,DACDCAPSRDLV02,/subscriptions/43cc4f11-ffb1-4a0d-8420-0ba3746b4248/resourceGroups/bab-dev-cdc-kfk-swec-rg-01/providers/Microsoft.Compute/virtualMachines/DACDCAPSRDLV02,43cc4f11-ffb1-4a0d-8420-0ba3746b4248,bab-dev-cdc-kfk-swec-rg-01,swedencentral,AP,appweb,bab-dev-cdc-kfk-appweb-start-01,43cc4f11-ffb1-4a0d-8420-0ba3746b4248|bab-dev-cdc-kfk-swec-rg-01|dev|cdc-kfk|appweb|0800,Ready
bab-dev-cdc-kfk-db-start-01,/subscriptions/d88f0b5b-6660-4607-8c6a-395820400912/resourceGroups/bab-core-auto-weeu-rg-01/providers/Microsoft.Logic/workflows/bab-dev-cdc-kfk-db-start-01,Enabled,dev,cdc-kfk,ScheduledStartTrigger,Week,1,750,Arab Standard Time,DACDCSQDBDWV01,/subscriptions/43cc4f11-ffb1-4a0d-8420-0ba3746b4248/resourceGroups/bab-dev-cdc-kfk-swec-rg-01/providers/Microsoft.Compute/virtualMachines/DACDCSQDBDWV01,43cc4f11-ffb1-4a0d-8420-0ba3746b4248,bab-dev-cdc-kfk-swec-rg-01,swedencentral,DB,db,bab-dev-cdc-kfk-db-start-01,43cc4f11-ffb1-4a0d-8420-0ba3746b4248|bab-dev-cdc-kfk-swec-rg-01|dev|cdc-kfk|db|0750,Ready
bab-crm-dev_vmstart_vms_Scheduled_appweb,/subscriptions/d88f0b5b-6660-4607-8c6a-395820400912/resourceGroups/bab-core-auto-weeu-rg-01/providers/Microsoft.Logic/workflows/bab-crm-dev_vmstart_vms_Scheduled_appweb,Enabled,dev,crm,ScheduledStartTriggers,Week,1,700,Arab Standard Time,DACRMAPFEWV01,/subscriptions/43cc4f11-ffb1-4a0d-8420-0ba3746b4248/resourceGroups/bab-dev-crm-swec-rg-01/providers/Microsoft.Compute/virtualMachines/DACRMAPFEWV01,43cc4f11-ffb1-4a0d-8420-0ba3746b4248,bab-dev-crm-swec-rg-01,swedencentral,AP,appweb,bab-dev-crm-appweb-start-01,43cc4f11-ffb1-4a0d-8420-0ba3746b4248|bab-dev-crm-swec-rg-01|dev|crm|appweb|0700,Ready
bab-crm-dev_vmstart_vms_Scheduled_appweb,/subscriptions/d88f0b5b-6660-4607-8c6a-395820400912/resourceGroups/bab-core-auto-weeu-rg-01/providers/Microsoft.Logic/workflows/bab-crm-dev_vmstart_vms_Scheduled_appweb,Enabled,dev,crm,ScheduledStartTriggers,Week,1,700,Arab Standard Time,DACRMAPFEWV02,/subscriptions/43cc4f11-ffb1-4a0d-8420-0ba3746b4248/resourceGroups/bab-dev-crm-swec-rg-01/providers/Microsoft.Compute/virtualMachines/DACRMAPFEWV02,43cc4f11-ffb1-4a0d-8420-0ba3746b4248,bab-dev-crm-swec-rg-01,swedencentral,AP,appweb,bab-dev-crm-appweb-start-01,43cc4f11-ffb1-4a0d-8420-0ba3746b4248|bab-dev-crm-swec-rg-01|dev|crm|appweb|0700,Ready
bab-crm-dev_vms_Scheduled_db,/subscriptions/d88f0b5b-6660-4607-8c6a-395820400912/resourceGroups/bab-core-auto-weeu-rg-01/providers/Microsoft.Logic/workflows/bab-crm-dev_vms_Scheduled_db,Enabled,dev,crm,ScheduledStartTriggers,Week,1,650,Arab Standard Time,DTAZRCRMDBWV01,/subscriptions/43cc4f11-ffb1-4a0d-8420-0ba3746b4248/resourceGroups/bab-dev-crm-swec-rg-01/providers/Microsoft.Compute/virtualMachines/DTAZRCRMDBWV01,43cc4f11-ffb1-4a0d-8420-0ba3746b4248,bab-dev-crm-swec-rg-01,swedencentral,DB,db,bab-dev-crm-db-start-01,43cc4f11-ffb1-4a0d-8420-0ba3746b4248|bab-dev-crm-swec-rg-01|dev|crm|db|0650,Ready
bab-crm-dev_vms_Scheduled_db,/subscriptions/d88f0b5b-6660-4607-8c6a-395820400912/resourceGroups/bab-core-auto-weeu-rg-01/providers/Microsoft.Logic/workflows/bab-crm-dev_vms_Scheduled_db,Enabled,dev,crm,ScheduledStartTriggers,Week,1,650,Arab Standard Time,DTAZRCRMDBWV02,/subscriptions/43cc4f11-ffb1-4a0d-8420-0ba3746b4248/resourceGroups/bab-dev-crm-swec-rg-01/providers/Microsoft.Compute/virtualMachines/DTAZRCRMDBWV02,43cc4f11-ffb1-4a0d-8420-0ba3746b4248,bab-dev-crm-swec-rg-01,swedencentral,DB,db,bab-dev-crm-db-start-01,43cc4f11-ffb1-4a0d-8420-0ba3746b4248|bab-dev-crm-swec-rg-01|dev|crm|db|0650,Ready
bab-crm-dev_vms_Scheduled_db,/subscriptions/d88f0b5b-6660-4607-8c6a-395820400912/resourceGroups/bab-core-auto-weeu-rg-01/providers/Microsoft.Logic/workflows/bab-crm-dev_vms_Scheduled_db,Enabled,dev,crm,ScheduledStartTriggers,Week,1,650,Arab Standard Time,DTAZRCRMRSWV01,/subscriptions/43cc4f11-ffb1-4a0d-8420-0ba3746b4248/resourceGroups/bab-dev-crm-swec-rg-01/providers/Microsoft.Compute/virtualMachines/DTAZRCRMRSWV01,43cc4f11-ffb1-4a0d-8420-0ba3746b4248,bab-dev-crm-swec-rg-01,swedencentral,DB,db,bab-dev-crm-db-start-01,43cc4f11-ffb1-4a0d-8420-0ba3746b4248|bab-dev-crm-swec-rg-01|dev|crm|appweb|0650,Ready
bab-crm-dev_vms_Scheduled_db,/subscriptions/d88f0b5b-6660-4607-8c6a-395820400912/resourceGroups/bab-core-auto-weeu-rg-01/providers/Microsoft.Logic/workflows/bab-crm-dev_vms_Scheduled_db,Enabled,dev,crm,ScheduledStartTriggers,Week,1,650,Arab Standard Time,DTAZRCRMRSWV02,/subscriptions/43cc4f11-ffb1-4a0d-8420-0ba3746b4248/resourceGroups/bab-dev-crm-swec-rg-01/providers/Microsoft.Compute/virtualMachines/DTAZRCRMRSWV02,43cc4f11-ffb1-4a0d-8420-0ba3746b4248,bab-dev-crm-swec-rg-01,swedencentral,DB,db,bab-dev-crm-db-start-01,43cc4f11-ffb1-4a0d-8420-0ba3746b4248|bab-dev-crm-swec-rg-01|dev|crm|appweb|0650,Ready
bab-crm-dev_vmstart_vms_Scheduled_appweb,/subscriptions/d88f0b5b-6660-4607-8c6a-395820400912/resourceGroups/bab-core-auto-weeu-rg-01/providers/Microsoft.Logic/workflows/bab-crm-dev_vmstart_vms_Scheduled_appweb,Enabled,dev,crm,ScheduledStartTriggers,Week,1,700,Arab Standard Time,DTAZRCRMSPWV01,/subscriptions/43cc4f11-ffb1-4a0d-8420-0ba3746b4248/resourceGroups/bab-dev-crm-swec-rg-01/providers/Microsoft.Compute/virtualMachines/DTAZRCRMSPWV01,43cc4f11-ffb1-4a0d-8420-0ba3746b4248,bab-dev-crm-swec-rg-01,swedencentral,AP,appweb,bab-dev-crm-appweb-start-01,43cc4f11-ffb1-4a0d-8420-0ba3746b4248|bab-dev-crm-swec-rg-01|dev|crm|appweb|0700,Ready
bab-crm-dev_vmstart_vms_Scheduled_appweb,/subscriptions/d88f0b5b-6660-4607-8c6a-395820400912/resourceGroups/bab-core-auto-weeu-rg-01/providers/Microsoft.Logic/workflows/bab-crm-dev_vmstart_vms_Scheduled_appweb,Enabled,dev,crm,ScheduledStartTriggers,Week,1,700,Arab Standard Time,DTAZRCRMSPWV02,/subscriptions/43cc4f11-ffb1-4a0d-8420-0ba3746b4248/resourceGroups/bab-dev-crm-swec-rg-01/providers/Microsoft.Compute/virtualMachines/DTAZRCRMSPWV02,43cc4f11-ffb1-4a0d-8420-0ba3746b4248,bab-dev-crm-swec-rg-01,swedencentral,AP,appweb,bab-dev-crm-appweb-start-01,43cc4f11-ffb1-4a0d-8420-0ba3746b4248|bab-dev-crm-swec-rg-01|dev|crm|appweb|0700,Ready
bab-crm-dev_vmstart_vms_Scheduled_appweb,/subscriptions/d88f0b5b-6660-4607-8c6a-395820400912/resourceGroups/bab-core-auto-weeu-rg-01/providers/Microsoft.Logic/workflows/bab-crm-dev_vmstart_vms_Scheduled_appweb,Enabled,dev,crm,ScheduledStartTriggers,Week,1,700,Arab Standard Time,DTAZRCRMWBWV01,/subscriptions/43cc4f11-ffb1-4a0d-8420-0ba3746b4248/resourceGroups/bab-dev-crm-swec-rg-01/providers/Microsoft.Compute/virtualMachines/DTAZRCRMWBWV01,43cc4f11-ffb1-4a0d-8420-0ba3746b4248,bab-dev-crm-swec-rg-01,swedencentral,AP,appweb,bab-dev-crm-appweb-start-01,43cc4f11-ffb1-4a0d-8420-0ba3746b4248|bab-dev-crm-swec-rg-01|dev|crm|appweb|0700,Ready
bab-crm-dev_vmstart_vms_Scheduled_appweb,/subscriptions/d88f0b5b-6660-4607-8c6a-395820400912/resourceGroups/bab-core-auto-weeu-rg-01/providers/Microsoft.Logic/workflows/bab-crm-dev_vmstart_vms_Scheduled_appweb,Enabled,dev,crm,ScheduledStartTriggers,Week,1,700,Arab Standard Time,DTAZRCRMWBWV02,/subscriptions/43cc4f11-ffb1-4a0d-8420-0ba3746b4248/resourceGroups/bab-dev-crm-swec-rg-01/providers/Microsoft.Compute/virtualMachines/DTAZRCRMWBWV02,43cc4f11-ffb1-4a0d-8420-0ba3746b4248,bab-dev-crm-swec-rg-01,swedencentral,AP,appweb,bab-dev-crm-appweb-start-01,43cc4f11-ffb1-4a0d-8420-0ba3746b4248|bab-dev-crm-swec-rg-01|dev|crm|appweb|0700,Ready
bab-crtxup-dev_vms_Scheduled_start,/subscriptions/d88f0b5b-6660-4607-8c6a-395820400912/resourceGroups/bab-core-auto-weeu-rg-01/providers/Microsoft.Logic/workflows/bab-crtxup-dev_vms_Scheduled_start,Enabled,dev,crtxup,ScheduledStartTriggers,Week,1,800,Arab Standard Time,DACTXAPGUDLV01,/subscriptions/43cc4f11-ffb1-4a0d-8420-0ba3746b4248/resourceGroups/BAB-DEV-CRTXUP-SWEC-RG-01/providers/Microsoft.Compute/virtualMachines/DACTXAPGUDLV01,43cc4f11-ffb1-4a0d-8420-0ba3746b4248,BAB-DEV-CRTXUP-SWEC-RG-01,swedencentral,AP,appweb,bab-dev-crtxup-appweb-start-01,43cc4f11-ffb1-4a0d-8420-0ba3746b4248|BAB-DEV-CRTXUP-SWEC-RG-01|dev|crtxup|appweb|0800,Ready
bab-crtxup-dev_vms_Scheduled_start,/subscriptions/d88f0b5b-6660-4607-8c6a-395820400912/resourceGroups/bab-core-auto-weeu-rg-01/providers/Microsoft.Logic/workflows/bab-crtxup-dev_vms_Scheduled_start,Enabled,dev,crtxup,ScheduledStartTriggers,Week,1,800,Arab Standard Time,DACTXAPSWDLV01,/subscriptions/43cc4f11-ffb1-4a0d-8420-0ba3746b4248/resourceGroups/BAB-DEV-CRTXUP-SWEC-RG-01/providers/Microsoft.Compute/virtualMachines/DACTXAPSWDLV01,43cc4f11-ffb1-4a0d-8420-0ba3746b4248,BAB-DEV-CRTXUP-SWEC-RG-01,swedencentral,AP,appweb,bab-dev-crtxup-appweb-start-01,43cc4f11-ffb1-4a0d-8420-0ba3746b4248|BAB-DEV-CRTXUP-SWEC-RG-01|dev|crtxup|appweb|0800,Ready
bab-crtxup-dev_vms_Scheduled_start,/subscriptions/d88f0b5b-6660-4607-8c6a-395820400912/resourceGroups/bab-core-auto-weeu-rg-01/providers/Microsoft.Logic/workflows/bab-crtxup-dev_vms_Scheduled_start,Enabled,dev,crtxup,ScheduledStartTriggers,Week,1,800,Arab Standard Time,DAISTAPGUDLV01,/subscriptions/43cc4f11-ffb1-4a0d-8420-0ba3746b4248/resourceGroups/BAB-DEV-CRTXUP-SWEC-RG-01/providers/Microsoft.Compute/virtualMachines/DAISTAPGUDLV01,43cc4f11-ffb1-4a0d-8420-0ba3746b4248,BAB-DEV-CRTXUP-SWEC-RG-01,swedencentral,AP,appweb,bab-dev-crtxup-appweb-start-01,43cc4f11-ffb1-4a0d-8420-0ba3746b4248|BAB-DEV-CRTXUP-SWEC-RG-01|dev|crtxup|appweb|0800,Ready
bab-crtxup-dev_vms_Scheduled_start,/subscriptions/d88f0b5b-6660-4607-8c6a-395820400912/resourceGroups/bab-core-auto-weeu-rg-01/providers/Microsoft.Logic/workflows/bab-crtxup-dev_vms_Scheduled_start,Enabled,dev,crtxup,ScheduledStartTriggers,Week,1,800,Arab Standard Time,DAISTAPSWDLV01,/subscriptions/43cc4f11-ffb1-4a0d-8420-0ba3746b4248/resourceGroups/BAB-DEV-CRTXUP-SWEC-RG-01/providers/Microsoft.Compute/virtualMachines/DAISTAPSWDLV01,43cc4f11-ffb1-4a0d-8420-0ba3746b4248,BAB-DEV-CRTXUP-SWEC-RG-01,swedencentral,AP,appweb,bab-dev-crtxup-appweb-start-01,43cc4f11-ffb1-4a0d-8420-0ba3746b4248|BAB-DEV-CRTXUP-SWEC-RG-01|dev|crtxup|appweb|0800,Ready
bab-crtxup-db-dev_vms_Scheduled_start,/subscriptions/d88f0b5b-6660-4607-8c6a-395820400912/resourceGroups/bab-core-auto-weeu-rg-01/providers/Microsoft.Logic/workflows/bab-crtxup-db-dev_vms_Scheduled_start,Enabled,dev,crtxup,ScheduledStartTriggers,Week,1,750,Arab Standard Time,DACTXDBORDLV01,/subscriptions/43cc4f11-ffb1-4a0d-8420-0ba3746b4248/resourceGroups/BAB-DEV-CRTXUP-SWEC-RG-01/providers/Microsoft.Compute/virtualMachines/DACTXDBORDLV01,43cc4f11-ffb1-4a0d-8420-0ba3746b4248,BAB-DEV-CRTXUP-SWEC-RG-01,swedencentral,DB,db,bab-dev-crtxup-db-start-01,43cc4f11-ffb1-4a0d-8420-0ba3746b4248|BAB-DEV-CRTXUP-SWEC-RG-01|dev|crtxup|db|0750,Ready
bab-dev-dex-upg-db-start-01,/subscriptions/d88f0b5b-6660-4607-8c6a-395820400912/resourceGroups/bab-core-auto-weeu-rg-01/providers/Microsoft.Logic/workflows/bab-dev-dex-upg-db-start-01,Enabled,dev,dex-upg,ScheduledStartTrigger,Week,1,750,Arab Standard Time,DADEXORDBDLV01,/subscriptions/43cc4f11-ffb1-4a0d-8420-0ba3746b4248/resourceGroups/BAB-DEV-DEX-UPG-SWEC-RG-01/providers/Microsoft.Compute/virtualMachines/DADEXORDBDLV01,43cc4f11-ffb1-4a0d-8420-0ba3746b4248,BAB-DEV-DEX-UPG-SWEC-RG-01,swedencentral,DB,db,bab-dev-dex-upg-db-start-01,43cc4f11-ffb1-4a0d-8420-0ba3746b4248|BAB-DEV-DEX-UPG-SWEC-RG-01|dev|dex-upg|db|0750,Ready
bab-dgpdpl-dev_Scheduled_appweb,/subscriptions/d88f0b5b-6660-4607-8c6a-395820400912/resourceGroups/bab-core-auto-weeu-rg-01/providers/Microsoft.Logic/workflows/bab-dgpdpl-dev_Scheduled_appweb,Enabled,dev,dgpdpl,ScheduledStartTriggers,Week,1,800,Arab Standard Time,DADGERMAPWV01,/subscriptions/43cc4f11-ffb1-4a0d-8420-0ba3746b4248/resourceGroups/bab-dev-dgpdpl-swec-rg-01/providers/Microsoft.Compute/virtualMachines/DADGERMAPWV01,43cc4f11-ffb1-4a0d-8420-0ba3746b4248,bab-dev-dgpdpl-swec-rg-01,swedencentral,AP,appweb,bab-dev-dgpdpl-appweb-start-01,43cc4f11-ffb1-4a0d-8420-0ba3746b4248|bab-dev-dgpdpl-swec-rg-01|dev|dgpdpl|appweb|0800,Ready
bab-dgpdpl-dev_Scheduled_appweb,/subscriptions/d88f0b5b-6660-4607-8c6a-395820400912/resourceGroups/bab-core-auto-weeu-rg-01/providers/Microsoft.Logic/workflows/bab-dgpdpl-dev_Scheduled_appweb,Enabled,dev,dgpdpl,ScheduledStartTriggers,Week,1,800,Arab Standard Time,DADGINFAPLV01,/subscriptions/43cc4f11-ffb1-4a0d-8420-0ba3746b4248/resourceGroups/bab-dev-dgpdpl-swec-rg-01/providers/Microsoft.Compute/virtualMachines/DADGINFAPLV01,43cc4f11-ffb1-4a0d-8420-0ba3746b4248,bab-dev-dgpdpl-swec-rg-01,swedencentral,AP,appweb,bab-dev-dgpdpl-appweb-start-01,43cc4f11-ffb1-4a0d-8420-0ba3746b4248|bab-dev-dgpdpl-swec-rg-01|dev|dgpdpl|appweb|0800,Ready
bab-dgpdpl-dev_vms_Scheduled_db,/subscriptions/d88f0b5b-6660-4607-8c6a-395820400912/resourceGroups/bab-core-auto-weeu-rg-01/providers/Microsoft.Logic/workflows/bab-dgpdpl-dev_vms_Scheduled_db,Enabled,dev,dgpdpl,ScheduledStartTriggers,Week,1,750,Arab Standard Time,DADGBMNDBLV01,/subscriptions/43cc4f11-ffb1-4a0d-8420-0ba3746b4248/resourceGroups/bab-dev-dgpdpl-swec-rg-01/providers/Microsoft.Compute/virtualMachines/DADGBMNDBLV01,43cc4f11-ffb1-4a0d-8420-0ba3746b4248,bab-dev-dgpdpl-swec-rg-01,swedencentral,DB,db,bab-dev-dgpdpl-db-start-01,43cc4f11-ffb1-4a0d-8420-0ba3746b4248|bab-dev-dgpdpl-swec-rg-01|dev|dgpdpl|db|0750,Ready
bab-dgpdpl-dev_vms_Scheduled_db,/subscriptions/d88f0b5b-6660-4607-8c6a-395820400912/resourceGroups/bab-core-auto-weeu-rg-01/providers/Microsoft.Logic/workflows/bab-dgpdpl-dev_vms_Scheduled_db,Enabled,dev,dgpdpl,ScheduledStartTriggers,Week,1,750,Arab Standard Time,DADGERMDBLV01,/subscriptions/43cc4f11-ffb1-4a0d-8420-0ba3746b4248/resourceGroups/bab-dev-dgpdpl-swec-rg-01/providers/Microsoft.Compute/virtualMachines/DADGERMDBLV01,43cc4f11-ffb1-4a0d-8420-0ba3746b4248,bab-dev-dgpdpl-swec-rg-01,swedencentral,DB,db,bab-dev-dgpdpl-db-start-01,43cc4f11-ffb1-4a0d-8420-0ba3746b4248|bab-dev-dgpdpl-swec-rg-01|dev|dgpdpl|db|0750,Ready
bab-dgpdpl-dev_vms_Scheduled_db,/subscriptions/d88f0b5b-6660-4607-8c6a-395820400912/resourceGroups/bab-core-auto-weeu-rg-01/providers/Microsoft.Logic/workflows/bab-dgpdpl-dev_vms_Scheduled_db,Enabled,dev,dgpdpl,ScheduledStartTriggers,Week,1,750,Arab Standard Time,DADGINFDBWV01,/subscriptions/43cc4f11-ffb1-4a0d-8420-0ba3746b4248/resourceGroups/bab-dev-dgpdpl-swec-rg-01/providers/Microsoft.Compute/virtualMachines/DADGINFDBWV01,43cc4f11-ffb1-4a0d-8420-0ba3746b4248,bab-dev-dgpdpl-swec-rg-01,swedencentral,DB,db,bab-dev-dgpdpl-db-start-01,43cc4f11-ffb1-4a0d-8420-0ba3746b4248|bab-dev-dgpdpl-swec-rg-01|dev|dgpdpl|db|0750,Ready
bab-dgpdpl-dev_Scheduled_appweb,/subscriptions/d88f0b5b-6660-4607-8c6a-395820400912/resourceGroups/bab-core-auto-weeu-rg-01/providers/Microsoft.Logic/workflows/bab-dgpdpl-dev_Scheduled_appweb,Enabled,dev,dgpdpl,ScheduledStartTriggers,Week,1,800,Arab Standard Time,DADGINFAGWV01,/subscriptions/43cc4f11-ffb1-4a0d-8420-0ba3746b4248/resourceGroups/bab-dev-dgpdpl-swec-rg-01/providers/Microsoft.Compute/virtualMachines/DADGINFAGWV01,43cc4f11-ffb1-4a0d-8420-0ba3746b4248,bab-dev-dgpdpl-swec-rg-01,swedencentral,AP,appweb,bab-dev-dgpdpl-appweb-start-01,43cc4f11-ffb1-4a0d-8420-0ba3746b4248|bab-dev-dgpdpl-swec-rg-01|dev|dgpdpl|appweb|0800,Ready
bab-dgpdpl-dev_Scheduled_appweb,/subscriptions/d88f0b5b-6660-4607-8c6a-395820400912/resourceGroups/bab-core-auto-weeu-rg-01/providers/Microsoft.Logic/workflows/bab-dgpdpl-dev_Scheduled_appweb,Enabled,dev,dgpdpl,ScheduledStartTriggers,Week,1,800,Arab Standard Time,DADGINFAXLV01,/subscriptions/43cc4f11-ffb1-4a0d-8420-0ba3746b4248/resourceGroups/bab-dev-dgpdpl-swec-rg-01/providers/Microsoft.Compute/virtualMachines/DADGINFAXLV01,43cc4f11-ffb1-4a0d-8420-0ba3746b4248,bab-dev-dgpdpl-swec-rg-01,swedencentral,AP,appweb,bab-dev-dgpdpl-appweb-start-01,43cc4f11-ffb1-4a0d-8420-0ba3746b4248|bab-dev-dgpdpl-swec-rg-01|dev|dgpdpl|appweb|0800,Ready
bab-dgpdpl-dev_Scheduled_appweb,/subscriptions/d88f0b5b-6660-4607-8c6a-395820400912/resourceGroups/bab-core-auto-weeu-rg-01/providers/Microsoft.Logic/workflows/bab-dgpdpl-dev_Scheduled_appweb,Enabled,dev,dgpdpl,ScheduledStartTriggers,Week,1,800,Arab Standard Time,DADGINFDQLV01,/subscriptions/43cc4f11-ffb1-4a0d-8420-0ba3746b4248/resourceGroups/bab-dev-dgpdpl-swec-rg-01/providers/Microsoft.Compute/virtualMachines/DADGINFDQLV01,43cc4f11-ffb1-4a0d-8420-0ba3746b4248,bab-dev-dgpdpl-swec-rg-01,swedencentral,AP,appweb,bab-dev-dgpdpl-appweb-start-01,43cc4f11-ffb1-4a0d-8420-0ba3746b4248|bab-dev-dgpdpl-swec-rg-01|dev|dgpdpl|appweb|0800,Ready
bab-dgpdpl-dev_Scheduled_appweb,/subscriptions/d88f0b5b-6660-4607-8c6a-395820400912/resourceGroups/bab-core-auto-weeu-rg-01/providers/Microsoft.Logic/workflows/bab-dgpdpl-dev_Scheduled_appweb,Enabled,dev,dgpdpl,ScheduledStartTriggers,Week,1,800,Arab Standard Time,DADGINFIELV01,/subscriptions/43cc4f11-ffb1-4a0d-8420-0ba3746b4248/resourceGroups/bab-dev-dgpdpl-swec-rg-01/providers/Microsoft.Compute/virtualMachines/DADGINFIELV01,43cc4f11-ffb1-4a0d-8420-0ba3746b4248,bab-dev-dgpdpl-swec-rg-01,swedencentral,AP,appweb,bab-dev-dgpdpl-appweb-start-01,43cc4f11-ffb1-4a0d-8420-0ba3746b4248|bab-dev-dgpdpl-swec-rg-01|dev|dgpdpl|appweb|0800,Ready
bab-DIGIAPI-dev_vms_Scheduled_db,/subscriptions/d88f0b5b-6660-4607-8c6a-395820400912/resourceGroups/bab-core-auto-weeu-rg-01/providers/Microsoft.Logic/workflows/bab-DIGIAPI-dev_vms_Scheduled_db,Enabled,dev,digiapi,ScheduledStartTriggers,Week,1,750,Arab Standard Time,DAOBPDBSQDWV1,/subscriptions/43cc4f11-ffb1-4a0d-8420-0ba3746b4248/resourceGroups/bab-dev-digiapi-swec-rg-01/providers/Microsoft.Compute/virtualMachines/DAOBPDBSQDWV1,43cc4f11-ffb1-4a0d-8420-0ba3746b4248,bab-dev-digiapi-swec-rg-01,swedencentral,DB,db,bab-dev-digiapi-db-start-01,43cc4f11-ffb1-4a0d-8420-0ba3746b4248|bab-dev-digiapi-swec-rg-01|dev|digiapi|db|0750,Ready
bab-apex-dev_vms_Scheduled_start,/subscriptions/d88f0b5b-6660-4607-8c6a-395820400912/resourceGroups/bab-core-auto-weeu-rg-01/providers/Microsoft.Logic/workflows/bab-apex-dev_vms_Scheduled_start,Enabled,dev,ibg,ScheduledStartTriggers,Week,1,800,Arab Standard Time,DAIBGAPWSDLV1,/subscriptions/43cc4f11-ffb1-4a0d-8420-0ba3746b4248/resourceGroups/BAB-DEV-IBG-SWEC-RG-01/providers/Microsoft.Compute/virtualMachines/DAIBGAPWSDLV1,43cc4f11-ffb1-4a0d-8420-0ba3746b4248,BAB-DEV-IBG-SWEC-RG-01,swedencentral,AP,appweb,bab-dev-ibg-appweb-start-01,43cc4f11-ffb1-4a0d-8420-0ba3746b4248|BAB-DEV-IBG-SWEC-RG-01|dev|ibg|appweb|0800,Ready
bab-apex-dev_vms_Scheduled_start,/subscriptions/d88f0b5b-6660-4607-8c6a-395820400912/resourceGroups/bab-core-auto-weeu-rg-01/providers/Microsoft.Logic/workflows/bab-apex-dev_vms_Scheduled_start,Enabled,dev,ibg,ScheduledStartTriggers,Week,1,800,Arab Standard Time,DAIBGAPWSDLV2,/subscriptions/43cc4f11-ffb1-4a0d-8420-0ba3746b4248/resourceGroups/BAB-DEV-IBG-SWEC-RG-01/providers/Microsoft.Compute/virtualMachines/DAIBGAPWSDLV2,43cc4f11-ffb1-4a0d-8420-0ba3746b4248,BAB-DEV-IBG-SWEC-RG-01,swedencentral,AP,appweb,bab-dev-ibg-appweb-start-01,43cc4f11-ffb1-4a0d-8420-0ba3746b4248|BAB-DEV-IBG-SWEC-RG-01|dev|ibg|appweb|0800,Ready
bab-dev-oab_vms_Scheduled_app,/subscriptions/d88f0b5b-6660-4607-8c6a-395820400912/resourceGroups/bab-core-auto-weeu-rg-01/providers/Microsoft.Logic/workflows/bab-dev-oab_vms_Scheduled_app,Enabled,dev,oab,ScheduledStartTriggers,Week,1,800,Arab Standard Time,DAOABAPDWV01,/subscriptions/43cc4f11-ffb1-4a0d-8420-0ba3746b4248/resourceGroups/bab-dev-oab-swec-rg-01/providers/Microsoft.Compute/virtualMachines/DAOABAPDWV01,43cc4f11-ffb1-4a0d-8420-0ba3746b4248,bab-dev-oab-swec-rg-01,swedencentral,AP,appweb,bab-dev-oab-appweb-start-01,43cc4f11-ffb1-4a0d-8420-0ba3746b4248|bab-dev-oab-swec-rg-01|dev|oab|appweb|0800,Ready
bab-dev-oab_vms_Scheduled_db,/subscriptions/d88f0b5b-6660-4607-8c6a-395820400912/resourceGroups/bab-core-auto-weeu-rg-01/providers/Microsoft.Logic/workflows/bab-dev-oab_vms_Scheduled_db,Enabled,dev,oab,ScheduledStartTriggers,Week,1,750,Arab Standard Time,DAOABDBDWV01,/subscriptions/43cc4f11-ffb1-4a0d-8420-0ba3746b4248/resourceGroups/bab-dev-oab-swec-rg-01/providers/Microsoft.Compute/virtualMachines/DAOABDBDWV01,43cc4f11-ffb1-4a0d-8420-0ba3746b4248,bab-dev-oab-swec-rg-01,swedencentral,DB,db,bab-dev-oab-db-start-01,43cc4f11-ffb1-4a0d-8420-0ba3746b4248|bab-dev-oab-swec-rg-01|dev|oab|db|0750,Ready
bab-bpm-dev_vms_Scheduled_appweb,/subscriptions/d88f0b5b-6660-4607-8c6a-395820400912/resourceGroups/bab-core-auto-weeu-rg-01/providers/Microsoft.Logic/workflows/bab-bpm-dev_vms_Scheduled_appweb,Enabled,dev,odm,ScheduledStartTriggers,Week,1,800,Arab Standard Time,DABPMAPWSDWV4,/subscriptions/43cc4f11-ffb1-4a0d-8420-0ba3746b4248/resourceGroups/bab-dev-odm-swec-rg-01/providers/Microsoft.Compute/virtualMachines/DABPMAPWSDWV4,43cc4f11-ffb1-4a0d-8420-0ba3746b4248,bab-dev-odm-swec-rg-01,swedencentral,AP,appweb,bab-dev-odm-appweb-start-01,43cc4f11-ffb1-4a0d-8420-0ba3746b4248|bab-dev-odm-swec-rg-01|dev|odm|appweb|0800,Ready
bab-bpm-dev_vms_Scheduled_appweb,/subscriptions/d88f0b5b-6660-4607-8c6a-395820400912/resourceGroups/bab-core-auto-weeu-rg-01/providers/Microsoft.Logic/workflows/bab-bpm-dev_vms_Scheduled_appweb,Enabled,dev,odm,ScheduledStartTriggers,Week,1,800,Arab Standard Time,DABPMAPWSDWV5,/subscriptions/43cc4f11-ffb1-4a0d-8420-0ba3746b4248/resourceGroups/bab-dev-odm-swec-rg-01/providers/Microsoft.Compute/virtualMachines/DABPMAPWSDWV5,43cc4f11-ffb1-4a0d-8420-0ba3746b4248,bab-dev-odm-swec-rg-01,swedencentral,AP,appweb,bab-dev-odm-appweb-start-01,43cc4f11-ffb1-4a0d-8420-0ba3746b4248|bab-dev-odm-swec-rg-01|dev|odm|appweb|0800,Ready
bab-dev-orch-db-start-01,/subscriptions/d88f0b5b-6660-4607-8c6a-395820400912/resourceGroups/bab-core-auto-weeu-rg-01/providers/Microsoft.Logic/workflows/bab-dev-orch-db-start-01,Enabled,dev,orch,ScheduledStartTrigger,Week,1,800,Arab Standard Time,DAORCHDBDLV01,/subscriptions/43cc4f11-ffb1-4a0d-8420-0ba3746b4248/resourceGroups/BAB-DEV-ORCH-SWEC-RG-01/providers/Microsoft.Compute/virtualMachines/DAORCHDBDLV01,43cc4f11-ffb1-4a0d-8420-0ba3746b4248,BAB-DEV-ORCH-SWEC-RG-01,swedencentral,DB,db,bab-dev-orch-db-start-01,43cc4f11-ffb1-4a0d-8420-0ba3746b4248|BAB-DEV-ORCH-SWEC-RG-01|dev|orch|db|0800,Ready
bab-dev-pbdh-db-start-01,/subscriptions/d88f0b5b-6660-4607-8c6a-395820400912/resourceGroups/bab-core-auto-weeu-rg-01/providers/Microsoft.Logic/workflows/bab-dev-pbdh-db-start-01,Enabled,dev,pbdh,ScheduledStartTriggers,Week,1,750,Arab Standard Time,DAPBDHDBSQDWV01,/subscriptions/43cc4f11-ffb1-4a0d-8420-0ba3746b4248/resourceGroups/bab-dev-pbdh-swec-rg-01/providers/Microsoft.Compute/virtualMachines/DAPBDHDBSQDWV01,43cc4f11-ffb1-4a0d-8420-0ba3746b4248,bab-dev-pbdh-swec-rg-01,swedencentral,AP,appweb,bab-dev-pbdh-db-start-01,43cc4f11-ffb1-4a0d-8420-0ba3746b4248|bab-dev-pbdh-swec-rg-01|dev|pbdh|appweb|0750,Ready
bab-dev-pbdh-appweb-start-01,/subscriptions/d88f0b5b-6660-4607-8c6a-395820400912/resourceGroups/bab-core-auto-weeu-rg-01/providers/Microsoft.Logic/workflows/bab-dev-pbdh-appweb-start-01,Enabled,dev,pbdh,ScheduledStartTriggers,Week,1,800,Arab Standard Time,DAPBDHAPDWV01,/subscriptions/43cc4f11-ffb1-4a0d-8420-0ba3746b4248/resourceGroups/bab-dev-pbdh-swec-rg-01/providers/Microsoft.Compute/virtualMachines/DAPBDHAPDWV01,43cc4f11-ffb1-4a0d-8420-0ba3746b4248,bab-dev-pbdh-swec-rg-01,swedencentral,AP,appweb,bab-dev-pbdh-appweb-start-01,43cc4f11-ffb1-4a0d-8420-0ba3746b4248|bab-dev-pbdh-swec-rg-01|dev|pbdh|appweb|0800,Ready
bab-dev-picm-db-start-01,/subscriptions/d88f0b5b-6660-4607-8c6a-395820400912/resourceGroups/bab-core-auto-weeu-rg-01/providers/Microsoft.Logic/workflows/bab-dev-picm-db-start-01,Enabled,dev,picm,ScheduledStartTrigger,Week,1,800,Arab Standard Time,DAPICMORDBDLV01,/subscriptions/43cc4f11-ffb1-4a0d-8420-0ba3746b4248/resourceGroups/bab-dev-picm-swec-rg-01/providers/Microsoft.Compute/virtualMachines/DAPICMORDBDLV01,43cc4f11-ffb1-4a0d-8420-0ba3746b4248,bab-dev-picm-swec-rg-01,swedencentral,AP,appweb,bab-dev-picm-appweb-start-01,43cc4f11-ffb1-4a0d-8420-0ba3746b4248|bab-dev-picm-swec-rg-01|dev|picm|appweb|0800,Ready
bab-apex-sit_vms_Scheduled_start,/subscriptions/d88f0b5b-6660-4607-8c6a-395820400912/resourceGroups/bab-core-auto-weeu-rg-01/providers/Microsoft.Logic/workflows/bab-apex-sit_vms_Scheduled_start,Enabled,sit,apex,ScheduledStartTriggers,Week,1,800,Arab Standard Time,DAFISAPSEIWV1,/subscriptions/e48414cd-f96d-4414-ae9e-da7fec844f77/resourceGroups/BAB-SIT-APEX-SWEC-RG-01/providers/Microsoft.Compute/virtualMachines/DAFISAPSEIWV1,e48414cd-f96d-4414-ae9e-da7fec844f77,BAB-SIT-APEX-SWEC-RG-01,swedencentral,AP,appweb,bab-sit-apex-appweb-start-01,e48414cd-f96d-4414-ae9e-da7fec844f77|BAB-SIT-APEX-SWEC-RG-01|sit|apex|appweb|0800,Ready
bab-apex-sit_vms_Scheduled_start,/subscriptions/d88f0b5b-6660-4607-8c6a-395820400912/resourceGroups/bab-core-auto-weeu-rg-01/providers/Microsoft.Logic/workflows/bab-apex-sit_vms_Scheduled_start,Enabled,sit,apex,ScheduledStartTriggers,Week,1,800,Arab Standard Time,DAMMPAPXXIWV1,/subscriptions/e48414cd-f96d-4414-ae9e-da7fec844f77/resourceGroups/BAB-SIT-APEX-SWEC-RG-01/providers/Microsoft.Compute/virtualMachines/DAMMPAPXXIWV1,e48414cd-f96d-4414-ae9e-da7fec844f77,BAB-SIT-APEX-SWEC-RG-01,swedencentral,AP,appweb,bab-sit-apex-appweb-start-01,e48414cd-f96d-4414-ae9e-da7fec844f77|BAB-SIT-APEX-SWEC-RG-01|sit|apex|appweb|0800,Ready
bab-apex-sit_vms_Scheduled_start,/subscriptions/d88f0b5b-6660-4607-8c6a-395820400912/resourceGroups/bab-core-auto-weeu-rg-01/providers/Microsoft.Logic/workflows/bab-apex-sit_vms_Scheduled_start,Enabled,sit,apex,ScheduledStartTriggers,Week,1,800,Arab Standard Time,DARRRAPAUILV1,/subscriptions/e48414cd-f96d-4414-ae9e-da7fec844f77/resourceGroups/BAB-SIT-APEX-SWEC-RG-01/providers/Microsoft.Compute/virtualMachines/DARRRAPAUILV1,e48414cd-f96d-4414-ae9e-da7fec844f77,BAB-SIT-APEX-SWEC-RG-01,swedencentral,AP,appweb,bab-sit-apex-appweb-start-01,e48414cd-f96d-4414-ae9e-da7fec844f77|BAB-SIT-APEX-SWEC-RG-01|sit|apex|appweb|0800,Ready
bab-apex-sit_vms_Scheduled_start,/subscriptions/d88f0b5b-6660-4607-8c6a-395820400912/resourceGroups/bab-core-auto-weeu-rg-01/providers/Microsoft.Logic/workflows/bab-apex-sit_vms_Scheduled_start,Enabled,sit,apex,ScheduledStartTriggers,Week,1,800,Arab Standard Time,DAMMPDBXXIWV1,/subscriptions/e48414cd-f96d-4414-ae9e-da7fec844f77/resourceGroups/BAB-SIT-APEX-SWEC-RG-01/providers/Microsoft.Compute/virtualMachines/DAMMPDBXXIWV1,e48414cd-f96d-4414-ae9e-da7fec844f77,BAB-SIT-APEX-SWEC-RG-01,swedencentral,DB,db,bab-sit-apex-db-start-01,e48414cd-f96d-4414-ae9e-da7fec844f77|BAB-SIT-APEX-SWEC-RG-01|sit|apex|db|0800,Ready
bab-apex-sit_vms_Scheduled_start,/subscriptions/d88f0b5b-6660-4607-8c6a-395820400912/resourceGroups/bab-core-auto-weeu-rg-01/providers/Microsoft.Logic/workflows/bab-apex-sit_vms_Scheduled_start,Enabled,sit,apex,ScheduledStartTriggers,Week,1,800,Arab Standard Time,DARRRDBORILV1,/subscriptions/e48414cd-f96d-4414-ae9e-da7fec844f77/resourceGroups/BAB-SIT-APEX-SWEC-RG-01/providers/Microsoft.Compute/virtualMachines/DARRRDBORILV1,e48414cd-f96d-4414-ae9e-da7fec844f77,BAB-SIT-APEX-SWEC-RG-01,swedencentral,DB,db,bab-sit-apex-db-start-01,e48414cd-f96d-4414-ae9e-da7fec844f77|BAB-SIT-APEX-SWEC-RG-01|sit|apex|db|0800,Ready
bab-apex-sit_vms_Scheduled_start,/subscriptions/d88f0b5b-6660-4607-8c6a-395820400912/resourceGroups/bab-core-auto-weeu-rg-01/providers/Microsoft.Logic/workflows/bab-apex-sit_vms_Scheduled_start,Enabled,sit,apex,ScheduledStartTriggers,Week,1,800,Arab Standard Time,DARRRWBWBILV1,/subscriptions/e48414cd-f96d-4414-ae9e-da7fec844f77/resourceGroups/BAB-SIT-APEX-SWEC-RG-01/providers/Microsoft.Compute/virtualMachines/DARRRWBWBILV1,e48414cd-f96d-4414-ae9e-da7fec844f77,BAB-SIT-APEX-SWEC-RG-01,swedencentral,AP,appweb,bab-sit-apex-appweb-start-01,e48414cd-f96d-4414-ae9e-da7fec844f77|BAB-SIT-APEX-SWEC-RG-01|sit|apex|appweb|0800,Ready
bab-aptra-sit_vms_Scheduled_start,/subscriptions/d88f0b5b-6660-4607-8c6a-395820400912/resourceGroups/bab-core-auto-weeu-rg-01/providers/Microsoft.Logic/workflows/bab-aptra-sit_vms_Scheduled_start,Enabled,sit,aptra,ScheduledStartTriggers,Week,1,800,Arab Standard Time,DANCRAPXXIWV1,/subscriptions/e48414cd-f96d-4414-ae9e-da7fec844f77/resourceGroups/BAB-SIT-APTRA-SWEC-RG-01/providers/Microsoft.Compute/virtualMachines/DANCRAPXXIWV1,e48414cd-f96d-4414-ae9e-da7fec844f77,BAB-SIT-APTRA-SWEC-RG-01,swedencentral,AP,appweb,bab-sit-aptra-appweb-start-01,e48414cd-f96d-4414-ae9e-da7fec844f77|BAB-SIT-APTRA-SWEC-RG-01|sit|aptra|appweb|0800,Ready
bab-aptra-sit_vms_Scheduled_start,/subscriptions/d88f0b5b-6660-4607-8c6a-395820400912/resourceGroups/bab-core-auto-weeu-rg-01/providers/Microsoft.Logic/workflows/bab-aptra-sit_vms_Scheduled_start,Enabled,sit,aptra,ScheduledStartTriggers,Week,1,800,Arab Standard Time,DAFCODBSQIWV1,/subscriptions/e48414cd-f96d-4414-ae9e-da7fec844f77/resourceGroups/bab-sit-aptra-swec-rg-01/providers/Microsoft.Compute/virtualMachines/DAFCODBSQIWV1,e48414cd-f96d-4414-ae9e-da7fec844f77,bab-sit-aptra-swec-rg-01,swedencentral,DB,db,bab-sit-aptra-db-start-01,e48414cd-f96d-4414-ae9e-da7fec844f77|bab-sit-aptra-swec-rg-01|sit|aptra|db|0800,Ready
bab-baas-sit_vms_Scheduled_start,/subscriptions/d88f0b5b-6660-4607-8c6a-395820400912/resourceGroups/bab-core-auto-weeu-rg-01/providers/Microsoft.Logic/workflows/bab-baas-sit_vms_Scheduled_start,Enabled,sit,baas,ScheduledStartTriggers,Week,1,630,Arab Standard Time,DABASAPKASLV01,/subscriptions/e48414cd-f96d-4414-ae9e-da7fec844f77/resourceGroups/BAB-SIT-BAAS-SWEC-RG-01/providers/Microsoft.Compute/virtualMachines/DABASAPKASLV01,e48414cd-f96d-4414-ae9e-da7fec844f77,BAB-SIT-BAAS-SWEC-RG-01,swedencentral,AP,appweb,bab-sit-baas-appweb-start-01,e48414cd-f96d-4414-ae9e-da7fec844f77|BAB-SIT-BAAS-SWEC-RG-01|sit|baas|appweb|0630,Ready
bab-baas-sit_vms_Scheduled_start,/subscriptions/d88f0b5b-6660-4607-8c6a-395820400912/resourceGroups/bab-core-auto-weeu-rg-01/providers/Microsoft.Logic/workflows/bab-baas-sit_vms_Scheduled_start,Enabled,sit,baas,ScheduledStartTriggers,Week,1,630,Arab Standard Time,DABASAPKASLV02,/subscriptions/e48414cd-f96d-4414-ae9e-da7fec844f77/resourceGroups/BAB-SIT-BAAS-SWEC-RG-01/providers/Microsoft.Compute/virtualMachines/DABASAPKASLV02,e48414cd-f96d-4414-ae9e-da7fec844f77,BAB-SIT-BAAS-SWEC-RG-01,swedencentral,AP,appweb,bab-sit-baas-appweb-start-01,e48414cd-f96d-4414-ae9e-da7fec844f77|BAB-SIT-BAAS-SWEC-RG-01|sit|baas|appweb|0630,Ready
bab-baas-sit_vms_Scheduled_start,/subscriptions/d88f0b5b-6660-4607-8c6a-395820400912/resourceGroups/bab-core-auto-weeu-rg-01/providers/Microsoft.Logic/workflows/bab-baas-sit_vms_Scheduled_start,Enabled,sit,baas,ScheduledStartTriggers,Week,1,630,Arab Standard Time,DABASAPKASLV03,/subscriptions/e48414cd-f96d-4414-ae9e-da7fec844f77/resourceGroups/BAB-SIT-BAAS-SWEC-RG-01/providers/Microsoft.Compute/virtualMachines/DABASAPKASLV03,e48414cd-f96d-4414-ae9e-da7fec844f77,BAB-SIT-BAAS-SWEC-RG-01,swedencentral,AP,appweb,bab-sit-baas-appweb-start-01,e48414cd-f96d-4414-ae9e-da7fec844f77|BAB-SIT-BAAS-SWEC-RG-01|sit|baas|appweb|0630,Ready
bab-baas-sit_vms_Scheduled_db,/subscriptions/d88f0b5b-6660-4607-8c6a-395820400912/resourceGroups/bab-core-auto-weeu-rg-01/providers/Microsoft.Logic/workflows/bab-baas-sit_vms_Scheduled_db,Enabled,sit,baas,ScheduledStartTriggers,Week,1,615,Arab Standard Time,DABASDBRDSLV01,/subscriptions/e48414cd-f96d-4414-ae9e-da7fec844f77/resourceGroups/BAB-SIT-BAAS-SWEC-RG-01/providers/Microsoft.Compute/virtualMachines/DABASDBRDSLV01,e48414cd-f96d-4414-ae9e-da7fec844f77,BAB-SIT-BAAS-SWEC-RG-01,swedencentral,DB,db,bab-sit-baas-db-start-01,e48414cd-f96d-4414-ae9e-da7fec844f77|BAB-SIT-BAAS-SWEC-RG-01|sit|baas|db|0615,Ready
bab-bds-sit_vms_Scheduled_appweb,/subscriptions/d88f0b5b-6660-4607-8c6a-395820400912/resourceGroups/bab-core-auto-weeu-rg-01/providers/Microsoft.Logic/workflows/bab-bds-sit_vms_Scheduled_appweb,Enabled,sit,bds,ScheduledStartTriggers,Week,1,800,Arab Standard Time,DABDMAPWBSWV1,/subscriptions/e48414cd-f96d-4414-ae9e-da7fec844f77/resourceGroups/BAB-SIT-BDS-SWEC-RG-01/providers/Microsoft.Compute/virtualMachines/DABDMAPWBSWV1,e48414cd-f96d-4414-ae9e-da7fec844f77,BAB-SIT-BDS-SWEC-RG-01,swedencentral,APWB,appweb,bab-sit-bds-appweb-start-01,e48414cd-f96d-4414-ae9e-da7fec844f77|BAB-SIT-BDS-SWEC-RG-01|sit|bds|appweb|0800,Ready
bab-bds-sit_vms_Scheduled_db,/subscriptions/d88f0b5b-6660-4607-8c6a-395820400912/resourceGroups/bab-core-auto-weeu-rg-01/providers/Microsoft.Logic/workflows/bab-bds-sit_vms_Scheduled_db,Enabled,sit,bds,ScheduledStartTriggers,Week,1,750,Arab Standard Time,DABDMDBSQSWV1,/subscriptions/e48414cd-f96d-4414-ae9e-da7fec844f77/resourceGroups/bab-sit-bds-swec-rg-01/providers/Microsoft.Compute/virtualMachines/DABDMDBSQSWV1,e48414cd-f96d-4414-ae9e-da7fec844f77,bab-sit-bds-swec-rg-01,swedencentral,DB,db,bab-sit-bds-db-start-01,e48414cd-f96d-4414-ae9e-da7fec844f77|bab-sit-bds-swec-rg-01|sit|bds|db|0750,Ready
bab-bpm-sit_vms_Scheduled_appweb,/subscriptions/d88f0b5b-6660-4607-8c6a-395820400912/resourceGroups/bab-core-auto-weeu-rg-01/providers/Microsoft.Logic/workflows/bab-bpm-sit_vms_Scheduled_appweb,Enabled,sit,bpm,ScheduledStartTriggers,Week,1,800,Arab Standard Time,DABPMAPWSDWV6,/subscriptions/e48414cd-f96d-4414-ae9e-da7fec844f77/resourceGroups/BAB-SIT-BPM-SWEC-RG-01/providers/Microsoft.Compute/virtualMachines/DABPMAPWSDWV6,e48414cd-f96d-4414-ae9e-da7fec844f77,BAB-SIT-BPM-SWEC-RG-01,swedencentral,AP,appweb,bab-sit-bpm-appweb-start-01,e48414cd-f96d-4414-ae9e-da7fec844f77|BAB-SIT-BPM-SWEC-RG-01|sit|bpm|appweb|0800,Ready
bab-bpm-sit_vms_Scheduled_appweb,/subscriptions/d88f0b5b-6660-4607-8c6a-395820400912/resourceGroups/bab-core-auto-weeu-rg-01/providers/Microsoft.Logic/workflows/bab-bpm-sit_vms_Scheduled_appweb,Enabled,sit,bpm,ScheduledStartTriggers,Week,1,800,Arab Standard Time,DABPMAPWSILV1,/subscriptions/e48414cd-f96d-4414-ae9e-da7fec844f77/resourceGroups/BAB-SIT-BPM-SWEC-RG-01/providers/Microsoft.Compute/virtualMachines/DABPMAPWSILV1,e48414cd-f96d-4414-ae9e-da7fec844f77,BAB-SIT-BPM-SWEC-RG-01,swedencentral,AP,appweb,bab-sit-bpm-appweb-start-01,e48414cd-f96d-4414-ae9e-da7fec844f77|BAB-SIT-BPM-SWEC-RG-01|sit|bpm|appweb|0800,Ready
bab-bpm-sit_vms_Scheduled_db,/subscriptions/d88f0b5b-6660-4607-8c6a-395820400912/resourceGroups/bab-core-auto-weeu-rg-01/providers/Microsoft.Logic/workflows/bab-bpm-sit_vms_Scheduled_db,Enabled,sit,bpm,ScheduledStartTriggers,Week,1,750,Arab Standard Time,DABPMDBORSLV1,/subscriptions/e48414cd-f96d-4414-ae9e-da7fec844f77/resourceGroups/BAB-SIT-BPM-SWEC-RG-01/providers/Microsoft.Compute/virtualMachines/DABPMDBORSLV1,e48414cd-f96d-4414-ae9e-da7fec844f77,BAB-SIT-BPM-SWEC-RG-01,swedencentral,DB,db,bab-sit-bpm-db-start-01,e48414cd-f96d-4414-ae9e-da7fec844f77|BAB-SIT-BPM-SWEC-RG-01|sit|bpm|db|0750,Ready
bab-ccas-sit_vms_Scheduled_start,/subscriptions/d88f0b5b-6660-4607-8c6a-395820400912/resourceGroups/bab-core-auto-weeu-rg-01/providers/Microsoft.Logic/workflows/bab-ccas-sit_vms_Scheduled_start,Enabled,sit,ccas,ScheduledStartTriggers,Week,1,700,Arab Standard Time,DACCAAPNGIWV1,/subscriptions/e48414cd-f96d-4414-ae9e-da7fec844f77/resourceGroups/BAB-SIT-CCAS-SWEC-RG-01/providers/Microsoft.Compute/virtualMachines/DACCAAPNGIWV1,e48414cd-f96d-4414-ae9e-da7fec844f77,BAB-SIT-CCAS-SWEC-RG-01,swedencentral,AP,appweb,bab-sit-ccas-appweb-start-01,e48414cd-f96d-4414-ae9e-da7fec844f77|BAB-SIT-CCAS-SWEC-RG-01|sit|ccas|appweb|0700,Ready
bab-sit-cdc-kfk-appweb-start-01,/subscriptions/d88f0b5b-6660-4607-8c6a-395820400912/resourceGroups/bab-core-auto-weeu-rg-01/providers/Microsoft.Logic/workflows/bab-sit-cdc-kfk-appweb-start-01,Enabled,sit,cdc-kfk,ScheduledStartTrigger,Week,1,800,Arab Standard Time,DACDCAPBRSLV01,/subscriptions/e48414cd-f96d-4414-ae9e-da7fec844f77/resourceGroups/bab-sit-cdc-kfk-swec-rg-01/providers/Microsoft.Compute/virtualMachines/DACDCAPBRSLV01,e48414cd-f96d-4414-ae9e-da7fec844f77,bab-sit-cdc-kfk-swec-rg-01,swedencentral,AP,appweb,bab-sit-cdc-kfk-appweb-start-01,e48414cd-f96d-4414-ae9e-da7fec844f77|bab-sit-cdc-kfk-swec-rg-01|sit|cdc-kfk|appweb|0800,Ready
bab-sit-cdc-kfk-appweb-start-01,/subscriptions/d88f0b5b-6660-4607-8c6a-395820400912/resourceGroups/bab-core-auto-weeu-rg-01/providers/Microsoft.Logic/workflows/bab-sit-cdc-kfk-appweb-start-01,Enabled,sit,cdc-kfk,ScheduledStartTrigger,Week,1,800,Arab Standard Time,DACDCAPBRSLV02,/subscriptions/e48414cd-f96d-4414-ae9e-da7fec844f77/resourceGroups/bab-sit-cdc-kfk-swec-rg-01/providers/Microsoft.Compute/virtualMachines/DACDCAPBRSLV02,e48414cd-f96d-4414-ae9e-da7fec844f77,bab-sit-cdc-kfk-swec-rg-01,swedencentral,AP,appweb,bab-sit-cdc-kfk-appweb-start-01,e48414cd-f96d-4414-ae9e-da7fec844f77|bab-sit-cdc-kfk-swec-rg-01|sit|cdc-kfk|appweb|0800,Ready
bab-sit-cdc-kfk-appweb-start-01,/subscriptions/d88f0b5b-6660-4607-8c6a-395820400912/resourceGroups/bab-core-auto-weeu-rg-01/providers/Microsoft.Logic/workflows/bab-sit-cdc-kfk-appweb-start-01,Enabled,sit,cdc-kfk,ScheduledStartTrigger,Week,1,800,Arab Standard Time,DACDCAPBRSLV03,/subscriptions/e48414cd-f96d-4414-ae9e-da7fec844f77/resourceGroups/bab-sit-cdc-kfk-swec-rg-01/providers/Microsoft.Compute/virtualMachines/DACDCAPBRSLV03,e48414cd-f96d-4414-ae9e-da7fec844f77,bab-sit-cdc-kfk-swec-rg-01,swedencentral,AP,appweb,bab-sit-cdc-kfk-appweb-start-01,e48414cd-f96d-4414-ae9e-da7fec844f77|bab-sit-cdc-kfk-swec-rg-01|sit|cdc-kfk|appweb|0800,Ready
bab-sit-cdc-kfk-appweb-start-01,/subscriptions/d88f0b5b-6660-4607-8c6a-395820400912/resourceGroups/bab-core-auto-weeu-rg-01/providers/Microsoft.Logic/workflows/bab-sit-cdc-kfk-appweb-start-01,Enabled,sit,cdc-kfk,ScheduledStartTrigger,Week,1,800,Arab Standard Time,DACDCAPCCSLV01,/subscriptions/e48414cd-f96d-4414-ae9e-da7fec844f77/resourceGroups/bab-sit-cdc-kfk-swec-rg-01/providers/Microsoft.Compute/virtualMachines/DACDCAPCCSLV01,e48414cd-f96d-4414-ae9e-da7fec844f77,bab-sit-cdc-kfk-swec-rg-01,swedencentral,AP,appweb,bab-sit-cdc-kfk-appweb-start-01,e48414cd-f96d-4414-ae9e-da7fec844f77|bab-sit-cdc-kfk-swec-rg-01|sit|cdc-kfk|appweb|0800,Ready
bab-sit-cdc-kfk-appweb-start-01,/subscriptions/d88f0b5b-6660-4607-8c6a-395820400912/resourceGroups/bab-core-auto-weeu-rg-01/providers/Microsoft.Logic/workflows/bab-sit-cdc-kfk-appweb-start-01,Enabled,sit,cdc-kfk,ScheduledStartTrigger,Week,1,800,Arab Standard Time,DACDCAPCNSLV01,/subscriptions/e48414cd-f96d-4414-ae9e-da7fec844f77/resourceGroups/bab-sit-cdc-kfk-swec-rg-01/providers/Microsoft.Compute/virtualMachines/DACDCAPCNSLV01,e48414cd-f96d-4414-ae9e-da7fec844f77,bab-sit-cdc-kfk-swec-rg-01,swedencentral,AP,appweb,bab-sit-cdc-kfk-appweb-start-01,e48414cd-f96d-4414-ae9e-da7fec844f77|bab-sit-cdc-kfk-swec-rg-01|sit|cdc-kfk|appweb|0800,Ready
bab-sit-cdc-kfk-appweb-start-01,/subscriptions/d88f0b5b-6660-4607-8c6a-395820400912/resourceGroups/bab-core-auto-weeu-rg-01/providers/Microsoft.Logic/workflows/bab-sit-cdc-kfk-appweb-start-01,Enabled,sit,cdc-kfk,ScheduledStartTrigger,Week,1,800,Arab Standard Time,DACDCAPCNSLV02,/subscriptions/e48414cd-f96d-4414-ae9e-da7fec844f77/resourceGroups/bab-sit-cdc-kfk-swec-rg-01/providers/Microsoft.Compute/virtualMachines/DACDCAPCNSLV02,e48414cd-f96d-4414-ae9e-da7fec844f77,bab-sit-cdc-kfk-swec-rg-01,swedencentral,AP,appweb,bab-sit-cdc-kfk-appweb-start-01,e48414cd-f96d-4414-ae9e-da7fec844f77|bab-sit-cdc-kfk-swec-rg-01|sit|cdc-kfk|appweb|0800,Ready
bab-sit-cdc-kfk-appweb-start-01,/subscriptions/d88f0b5b-6660-4607-8c6a-395820400912/resourceGroups/bab-core-auto-weeu-rg-01/providers/Microsoft.Logic/workflows/bab-sit-cdc-kfk-appweb-start-01,Enabled,sit,cdc-kfk,ScheduledStartTrigger,Week,1,800,Arab Standard Time,DACDCAPCTSLV01,/subscriptions/e48414cd-f96d-4414-ae9e-da7fec844f77/resourceGroups/bab-sit-cdc-kfk-swec-rg-01/providers/Microsoft.Compute/virtualMachines/DACDCAPCTSLV01,e48414cd-f96d-4414-ae9e-da7fec844f77,bab-sit-cdc-kfk-swec-rg-01,swedencentral,AP,appweb,bab-sit-cdc-kfk-appweb-start-01,e48414cd-f96d-4414-ae9e-da7fec844f77|bab-sit-cdc-kfk-swec-rg-01|sit|cdc-kfk|appweb|0800,Ready
bab-sit-cdc-kfk-appweb-start-01,/subscriptions/d88f0b5b-6660-4607-8c6a-395820400912/resourceGroups/bab-core-auto-weeu-rg-01/providers/Microsoft.Logic/workflows/bab-sit-cdc-kfk-appweb-start-01,Enabled,sit,cdc-kfk,ScheduledStartTrigger,Week,1,800,Arab Standard Time,DACDCAPCTSLV02,/subscriptions/e48414cd-f96d-4414-ae9e-da7fec844f77/resourceGroups/bab-sit-cdc-kfk-swec-rg-01/providers/Microsoft.Compute/virtualMachines/DACDCAPCTSLV02,e48414cd-f96d-4414-ae9e-da7fec844f77,bab-sit-cdc-kfk-swec-rg-01,swedencentral,AP,appweb,bab-sit-cdc-kfk-appweb-start-01,e48414cd-f96d-4414-ae9e-da7fec844f77|bab-sit-cdc-kfk-swec-rg-01|sit|cdc-kfk|appweb|0800,Ready
bab-sit-cdc-kfk-appweb-start-01,/subscriptions/d88f0b5b-6660-4607-8c6a-395820400912/resourceGroups/bab-core-auto-weeu-rg-01/providers/Microsoft.Logic/workflows/bab-sit-cdc-kfk-appweb-start-01,Enabled,sit,cdc-kfk,ScheduledStartTrigger,Week,1,800,Arab Standard Time,DACDCAPCTSLV03,/subscriptions/e48414cd-f96d-4414-ae9e-da7fec844f77/resourceGroups/bab-sit-cdc-kfk-swec-rg-01/providers/Microsoft.Compute/virtualMachines/DACDCAPCTSLV03,e48414cd-f96d-4414-ae9e-da7fec844f77,bab-sit-cdc-kfk-swec-rg-01,swedencentral,AP,appweb,bab-sit-cdc-kfk-appweb-start-01,e48414cd-f96d-4414-ae9e-da7fec844f77|bab-sit-cdc-kfk-swec-rg-01|sit|cdc-kfk|appweb|0800,Ready
bab-sit-cdc-kfk-appweb-start-01,/subscriptions/d88f0b5b-6660-4607-8c6a-395820400912/resourceGroups/bab-core-auto-weeu-rg-01/providers/Microsoft.Logic/workflows/bab-sit-cdc-kfk-appweb-start-01,Enabled,sit,cdc-kfk,ScheduledStartTrigger,Week,1,800,Arab Standard Time,DACDCAPSRSLV01,/subscriptions/e48414cd-f96d-4414-ae9e-da7fec844f77/resourceGroups/bab-sit-cdc-kfk-swec-rg-01/providers/Microsoft.Compute/virtualMachines/DACDCAPSRSLV01,e48414cd-f96d-4414-ae9e-da7fec844f77,bab-sit-cdc-kfk-swec-rg-01,swedencentral,AP,appweb,bab-sit-cdc-kfk-appweb-start-01,e48414cd-f96d-4414-ae9e-da7fec844f77|bab-sit-cdc-kfk-swec-rg-01|sit|cdc-kfk|appweb|0800,Ready
bab-sit-cdc-kfk-appweb-start-01,/subscriptions/d88f0b5b-6660-4607-8c6a-395820400912/resourceGroups/bab-core-auto-weeu-rg-01/providers/Microsoft.Logic/workflows/bab-sit-cdc-kfk-appweb-start-01,Enabled,sit,cdc-kfk,ScheduledStartTrigger,Week,1,800,Arab Standard Time,DACDCAPSRSLV02,/subscriptions/e48414cd-f96d-4414-ae9e-da7fec844f77/resourceGroups/bab-sit-cdc-kfk-swec-rg-01/providers/Microsoft.Compute/virtualMachines/DACDCAPSRSLV02,e48414cd-f96d-4414-ae9e-da7fec844f77,bab-sit-cdc-kfk-swec-rg-01,swedencentral,AP,appweb,bab-sit-cdc-kfk-appweb-start-01,e48414cd-f96d-4414-ae9e-da7fec844f77|bab-sit-cdc-kfk-swec-rg-01|sit|cdc-kfk|appweb|0800,Ready
bab-sit-cdc-kfk-appweb-start-01,/subscriptions/d88f0b5b-6660-4607-8c6a-395820400912/resourceGroups/bab-core-auto-weeu-rg-01/providers/Microsoft.Logic/workflows/bab-sit-cdc-kfk-appweb-start-01,Enabled,sit,cdc-kfk,ScheduledStartTrigger,Week,1,800,Arab Standard Time,DACDCAPSWV01,/subscriptions/e48414cd-f96d-4414-ae9e-da7fec844f77/resourceGroups/bab-sit-cdc-kfk-swec-rg-01/providers/Microsoft.Compute/virtualMachines/DACDCAPSWV01,e48414cd-f96d-4414-ae9e-da7fec844f77,bab-sit-cdc-kfk-swec-rg-01,swedencentral,AP,appweb,bab-sit-cdc-kfk-appweb-start-01,e48414cd-f96d-4414-ae9e-da7fec844f77|bab-sit-cdc-kfk-swec-rg-01|sit|cdc-kfk|appweb|0800,Ready
bab-sit-cdc-kfk-db-start-01,/subscriptions/d88f0b5b-6660-4607-8c6a-395820400912/resourceGroups/bab-core-auto-weeu-rg-01/providers/Microsoft.Logic/workflows/bab-sit-cdc-kfk-db-start-01,Enabled,sit,cdc-kfk,ScheduledStartTrigger,Week,1,750,Arab Standard Time,DACDCORDBSWV01,/subscriptions/e48414cd-f96d-4414-ae9e-da7fec844f77/resourceGroups/bab-sit-cdc-kfk-swec-rg-01/providers/Microsoft.Compute/virtualMachines/DACDCORDBSWV01,e48414cd-f96d-4414-ae9e-da7fec844f77,bab-sit-cdc-kfk-swec-rg-01,swedencentral,DB,db,bab-sit-cdc-kfk-db-start-01,e48414cd-f96d-4414-ae9e-da7fec844f77|bab-sit-cdc-kfk-swec-rg-01|sit|cdc-kfk|db|0750,Ready
bab-crtxup-sit_vms_Scheduled_start,/subscriptions/d88f0b5b-6660-4607-8c6a-395820400912/resourceGroups/bab-core-auto-weeu-rg-01/providers/Microsoft.Logic/workflows/bab-crtxup-sit_vms_Scheduled_start,Enabled,sit,crtxup,ScheduledStartTriggers,Week,1,800,Arab Standard Time,DACTXAPGUILV01,/subscriptions/e48414cd-f96d-4414-ae9e-da7fec844f77/resourceGroups/BAB-SIT-CRTXUP-SWEC-RG-01/providers/Microsoft.Compute/virtualMachines/DACTXAPGUILV01,e48414cd-f96d-4414-ae9e-da7fec844f77,BAB-SIT-CRTXUP-SWEC-RG-01,swedencentral,AP,appweb,bab-sit-crtxup-appweb-start-01,e48414cd-f96d-4414-ae9e-da7fec844f77|BAB-SIT-CRTXUP-SWEC-RG-01|sit|crtxup|appweb|0800,Ready
bab-crtxup-sit_vms_Scheduled_start,/subscriptions/d88f0b5b-6660-4607-8c6a-395820400912/resourceGroups/bab-core-auto-weeu-rg-01/providers/Microsoft.Logic/workflows/bab-crtxup-sit_vms_Scheduled_start,Enabled,sit,crtxup,ScheduledStartTriggers,Week,1,800,Arab Standard Time,DACTXAPSWILV01,/subscriptions/e48414cd-f96d-4414-ae9e-da7fec844f77/resourceGroups/BAB-SIT-CRTXUP-SWEC-RG-01/providers/Microsoft.Compute/virtualMachines/DACTXAPSWILV01,e48414cd-f96d-4414-ae9e-da7fec844f77,BAB-SIT-CRTXUP-SWEC-RG-01,swedencentral,AP,appweb,bab-sit-crtxup-appweb-start-01,e48414cd-f96d-4414-ae9e-da7fec844f77|BAB-SIT-CRTXUP-SWEC-RG-01|sit|crtxup|appweb|0800,Ready
bab-crtxup-sit_vms_Scheduled_start,/subscriptions/d88f0b5b-6660-4607-8c6a-395820400912/resourceGroups/bab-core-auto-weeu-rg-01/providers/Microsoft.Logic/workflows/bab-crtxup-sit_vms_Scheduled_start,Enabled,sit,crtxup,ScheduledStartTriggers,Week,1,800,Arab Standard Time,DAISTAPGUILV01,/subscriptions/e48414cd-f96d-4414-ae9e-da7fec844f77/resourceGroups/BAB-SIT-CRTXUP-SWEC-RG-01/providers/Microsoft.Compute/virtualMachines/DAISTAPGUILV01,e48414cd-f96d-4414-ae9e-da7fec844f77,BAB-SIT-CRTXUP-SWEC-RG-01,swedencentral,AP,appweb,bab-sit-crtxup-appweb-start-01,e48414cd-f96d-4414-ae9e-da7fec844f77|BAB-SIT-CRTXUP-SWEC-RG-01|sit|crtxup|appweb|0800,Ready
bab-crtxup-sit_vms_Scheduled_start,/subscriptions/d88f0b5b-6660-4607-8c6a-395820400912/resourceGroups/bab-core-auto-weeu-rg-01/providers/Microsoft.Logic/workflows/bab-crtxup-sit_vms_Scheduled_start,Enabled,sit,crtxup,ScheduledStartTriggers,Week,1,800,Arab Standard Time,DAISTAPSWILV01,/subscriptions/e48414cd-f96d-4414-ae9e-da7fec844f77/resourceGroups/BAB-SIT-CRTXUP-SWEC-RG-01/providers/Microsoft.Compute/virtualMachines/DAISTAPSWILV01,e48414cd-f96d-4414-ae9e-da7fec844f77,BAB-SIT-CRTXUP-SWEC-RG-01,swedencentral,AP,appweb,bab-sit-crtxup-appweb-start-01,e48414cd-f96d-4414-ae9e-da7fec844f77|BAB-SIT-CRTXUP-SWEC-RG-01|sit|crtxup|appweb|0800,Ready
bab-crtxup-db-sit_vms_Scheduled_start,/subscriptions/d88f0b5b-6660-4607-8c6a-395820400912/resourceGroups/bab-core-auto-weeu-rg-01/providers/Microsoft.Logic/workflows/bab-crtxup-db-sit_vms_Scheduled_start,Enabled,sit,crtxup,ScheduledStartTriggers,Week,1,750,Arab Standard Time,DACTXDBORILV01,/subscriptions/e48414cd-f96d-4414-ae9e-da7fec844f77/resourceGroups/BAB-SIT-CRTXUP-SWEC-RG-01/providers/Microsoft.Compute/virtualMachines/DACTXDBORILV01,e48414cd-f96d-4414-ae9e-da7fec844f77,BAB-SIT-CRTXUP-SWEC-RG-01,swedencentral,DB,db,bab-sit-crtxup-db-start-01,e48414cd-f96d-4414-ae9e-da7fec844f77|BAB-SIT-CRTXUP-SWEC-RG-01|sit|crtxup|db|0750,Ready
bab-sit-dex-upg-appweb-start-01,/subscriptions/d88f0b5b-6660-4607-8c6a-395820400912/resourceGroups/bab-core-auto-weeu-rg-01/providers/Microsoft.Logic/workflows/bab-sit-dex-upg-appweb-start-01,Enabled,sit,dex-upg,ScheduledStartTrigger,Week,1,800,Arab Standard Time,DADEXAPIISWV01,/subscriptions/e48414cd-f96d-4414-ae9e-da7fec844f77/resourceGroups/BAB-SIT-DEX-UPG-SWEC-RG-01/providers/Microsoft.Compute/virtualMachines/DADEXAPIISWV01,e48414cd-f96d-4414-ae9e-da7fec844f77,BAB-SIT-DEX-UPG-SWEC-RG-01,swedencentral,AP,appweb,bab-sit-dex-upg-appweb-start-01,e48414cd-f96d-4414-ae9e-da7fec844f77|BAB-SIT-DEX-UPG-SWEC-RG-01|sit|dex-upg|appweb|0800,Ready
bab-sit-dex-upg-appweb-start-01,/subscriptions/d88f0b5b-6660-4607-8c6a-395820400912/resourceGroups/bab-core-auto-weeu-rg-01/providers/Microsoft.Logic/workflows/bab-sit-dex-upg-appweb-start-01,Enabled,sit,dex-upg,ScheduledStartTrigger,Week,1,800,Arab Standard Time,DADEXIXOAPSWV01,/subscriptions/e48414cd-f96d-4414-ae9e-da7fec844f77/resourceGroups/BAB-SIT-DEX-UPG-SWEC-RG-01/providers/Microsoft.Compute/virtualMachines/DADEXIXOAPSWV01,e48414cd-f96d-4414-ae9e-da7fec844f77,BAB-SIT-DEX-UPG-SWEC-RG-01,swedencentral,AP,appweb,bab-sit-dex-upg-appweb-start-01,e48414cd-f96d-4414-ae9e-da7fec844f77|BAB-SIT-DEX-UPG-SWEC-RG-01|sit|dex-upg|appweb|0800,Ready
bab-sit-dex-upg-db-start-01,/subscriptions/d88f0b5b-6660-4607-8c6a-395820400912/resourceGroups/bab-core-auto-weeu-rg-01/providers/Microsoft.Logic/workflows/bab-sit-dex-upg-db-start-01,Enabled,sit,dex-upg,ScheduledStartTrigger,Week,1,750,Arab Standard Time,DADEXORDBSLV01,/subscriptions/e48414cd-f96d-4414-ae9e-da7fec844f77/resourceGroups/BAB-SIT-DEX-UPG-SWEC-RG-01/providers/Microsoft.Compute/virtualMachines/DADEXORDBSLV01,e48414cd-f96d-4414-ae9e-da7fec844f77,BAB-SIT-DEX-UPG-SWEC-RG-01,swedencentral,DB,db,bab-sit-dex-upg-db-start-01,e48414cd-f96d-4414-ae9e-da7fec844f77|BAB-SIT-DEX-UPG-SWEC-RG-01|sit|dex-upg|db|0750,Ready
bab-sit-orch-db-start-01,/subscriptions/d88f0b5b-6660-4607-8c6a-395820400912/resourceGroups/bab-core-auto-weeu-rg-01/providers/Microsoft.Logic/workflows/bab-sit-orch-db-start-01,Enabled,sit,orch,ScheduledStartTrigger,Week,1,800,Arab Standard Time,DAORCHDBSLV01,/subscriptions/e48414cd-f96d-4414-ae9e-da7fec844f77/resourceGroups/BAB-SIT-ORCH-SWEC-RG-01/providers/Microsoft.Compute/virtualMachines/DAORCHDBSLV01,e48414cd-f96d-4414-ae9e-da7fec844f77,BAB-SIT-ORCH-SWEC-RG-01,swedencentral,DB,db,bab-sit-orch-db-start-01,e48414cd-f96d-4414-ae9e-da7fec844f77|BAB-SIT-ORCH-SWEC-RG-01|sit|orch|db|0800,Ready
bab-sit-picm-db-start-01,/subscriptions/d88f0b5b-6660-4607-8c6a-395820400912/resourceGroups/bab-core-auto-weeu-rg-01/providers/Microsoft.Logic/workflows/bab-sit-picm-db-start-01,Enabled,sit,picm,ScheduledStartTrigger,Week,1,800,Arab Standard Time,DAPICMORDBSLV01,/subscriptions/e48414cd-f96d-4414-ae9e-da7fec844f77/resourceGroups/bab-sit-picm-swec-rg-01/providers/Microsoft.Compute/virtualMachines/DAPICMORDBSLV01,e48414cd-f96d-4414-ae9e-da7fec844f77,bab-sit-picm-swec-rg-01,swedencentral,AP,appweb,bab-sit-picm-appweb-start-01,e48414cd-f96d-4414-ae9e-da7fec844f77|bab-sit-picm-swec-rg-01|sit|picm|appweb|0800,Ready
