"ProposedLogicApp","ExistingLogicApps","VmCount","VMs","Result","Backup","Error"
"bab-core-ado-cloudops-appweb-start-01","ststv2_DAADOAGAPPDWV01_Scheduled_start","1","DAADOAGAPPDWV01","Success","C:\On-Prem-to-cloud-migration\New-Repo\BAB_CloudOps\BAB_CloudOps-Ankoji\Azure-Scripts\logic-apps\rename-logicapps\BAB-LogicApp-Backups\ststv2_DAADOAGAPPDWV01_Scheduled_start-20260830-225738.json",""
"bab-core-ado-rmb-appweb-start-01","ststv2_rmb-core_vms_Scheduled_start","3","DARMBDOPLDLV1;DARMBDOPLDLV2;DARMBDOPLDLV3","Success","C:\On-Prem-to-cloud-migration\New-Repo\BAB_CloudOps\BAB_CloudOps-Ankoji\Azure-Scripts\logic-apps\rename-logicapps\BAB-LogicApp-Backups\ststv2_rmb-core_vms_Scheduled_start-20260830-225752.json",""
"bab-core-pki-appweb-start-01","ststv2_pki_vms_Scheduled_start","2","DAPKIAPINCWV1;DAPKIAPISCWV1","Success","C:\On-Prem-to-cloud-migration\New-Repo\BAB_CloudOps\BAB_CloudOps-Ankoji\Azure-Scripts\logic-apps\rename-logicapps\BAB-LogicApp-Backups\ststv2_pki_vms_Scheduled_start-20260830-225805.json",""
"bab-dev-amk-db-start-01","enj-amk_db_dev_vms_Scheduled_start","1","DAAMKDBDLV01","Success","C:\On-Prem-to-cloud-migration\New-Repo\BAB_CloudOps\BAB_CloudOps-Ankoji\Azure-Scripts\logic-apps\rename-logicapps\BAB-LogicApp-Backups\enj-amk_db_dev_vms_Scheduled_start-20260830-225819.json",""
"bab-dev-aptra-appweb-start-01","bab-dev-aptra-appweb-start-01","1","DANCRAPXXDWV1","SKIPPED_TARGET_EXISTS","",""
"bab-dev-baas-appweb-start-01","bab-dev-devops-appweb-start-01","3","DABASAPKADLV01;DABASAPKADLV02;DABASAPKADLV03","SKIPPED_TARGET_EXISTS","",""
"bab-dev-baas-db-start-01","bab-dev-baas-db-start-01","1","DABASDBRDDLV01","SKIPPED_TARGET_EXISTS","",""
"bab-dev-bds-appweb-start-01","bab-dev-bds-appweb-start-01","1","DABDMAPWBDWV1","SKIPPED_TARGET_EXISTS","",""
"bab-dev-bds-db-start-01","bab-dev-bds-db-start-01","1","DABDMDBSQDWV1","SKIPPED_TARGET_EXISTS","",""
"bab-dev-bo-appweb-start-01","bab_bo_dev_appsweb_scheduled_start","4","DABORAPXXDWV1;DASAPAPBODWV1;DASAPAPDMDWV1;DASAPWBBODWV1","Success","C:\On-Prem-to-cloud-migration\New-Repo\BAB_CloudOps\BAB_CloudOps-Ankoji\Azure-Scripts\logic-apps\rename-logicapps\BAB-LogicApp-Backups\bab_bo_dev_appsweb_scheduled_start-20260830-225836.json",""
"bab-dev-bpm-appweb-start-01","bab-dev-bpm-appweb-start-01","1","DABPMAPWSDLV1","SKIPPED_TARGET_EXISTS","",""
"bab-dev-bpm-db-start-01","bab-dev-bpm-db-start-01","1","DABPMDBORDLV1","SKIPPED_TARGET_EXISTS","",""
"bab-dev-cashinst-appweb-start-01","bab-dev-cashinst-appweb-start-01","1","DATCRAPMODLV1","SKIPPED_TARGET_EXISTS","",""
"bab-dev-cdc-kfk-appweb-start-01","bab-dev-cdc-kfk-appweb-start-01","12","DACDCAPBRDLV01;DACDCAPBRDLV02;DACDCAPBRDLV03;DACDCAPCCDLV01;DACDCAPCNDLV01;DACDCAPCNDLV02;DACDCAPCTDLV01;DACDCAPCTDLV02;DACDCAPCTDLV03;DACDCAPDWV01;DACDCAPSRDLV01;DACDCAPSRDLV02","SKIPPED_TARGET_EXISTS","",""
"bab-dev-cdc-kfk-db-start-01","bab-dev-cdc-kfk-db-start-01","1","DACDCSQDBDWV01","SKIPPED_TARGET_EXISTS","",""
"bab-dev-cortex-appweb-start-01","ststv2_cortex_dev_vms_Scheduled_start","1","DAFISAPWSDLV1","Success","C:\On-Prem-to-cloud-migration\New-Repo\BAB_CloudOps\BAB_CloudOps-Ankoji\Azure-Scripts\logic-apps\rename-logicapps\BAB-LogicApp-Backups\ststv2_cortex_dev_vms_Scheduled_start-20260830-225851.json",""
"bab-dev-crm-appweb-start-01","bab-dev-crm-appweb-start-01","4","DACRMAPFEWV01;DACRMAPFEWV02;DTAZRCRMWBWV01;DTAZRCRMWBWV02","SKIPPED_TARGET_EXISTS","",""
"bab-dev-crm-db-start-01","bab-dev-crm-db-start-01","2","DTAZRCRMDBWV01;DTAZRCRMDBWV02","SKIPPED_TARGET_EXISTS","",""
"bab-dev-crtxup-appweb-start-01","bab-dev-crtxup-appweb-start-01","4","DACTXAPGUDLV01;DACTXAPSWDLV01;DAISTAPGUDLV01;DAISTAPSWDLV01","SKIPPED_TARGET_EXISTS","",""
"bab-dev-crtxup-db-start-01","bab-dev-crtxup-db-start-01","1","DACTXDBORDLV01","SKIPPED_TARGET_EXISTS","",""
"bab-dev-dex-upg-db-start-01","bab-dev-dex-upg-db-start-01","1","DADEXORDBDLV01","SKIPPED_TARGET_EXISTS","",""
"bab-dev-dgpdpl-appweb-start-01","bab-dev-dgpdpl-appweb-start-01","2","DADGERMAPWV01;DADGINFAPLV01","SKIPPED_TARGET_EXISTS","",""
"bab-dev-dgpdpl-db-start-01","bab-dev-dgpdpl-db-start-01","3","DADGBMNDBLV01;DADGERMDBLV01;DADGINFDBWV01","SKIPPED_TARGET_EXISTS","",""
"bab-dev-digiapi-db-start-01","bab-dev-digiapi-db-start-01","1","DAOBPDBSQDWV1","SKIPPED_TARGET_EXISTS","",""
"bab-dev-enjmbnk-appweb-start-01","ststv2_ENJMBNK_dev_vms_Scheduled_start","1","DAEMBAPJBDLV1","Success","C:\On-Prem-to-cloud-migration\New-Repo\BAB_CloudOps\BAB_CloudOps-Ankoji\Azure-Scripts\logic-apps\rename-logicapps\BAB-LogicApp-Backups\ststv2_ENJMBNK_dev_vms_Scheduled_start-20260830-225909.json",""
"bab-dev-enjmbnk-db-start-01","ststv2_ENJMBNK-db_dev_vms_Scheduled_start","1","DAEMBDBSQDWV1","Success","C:\On-Prem-to-cloud-migration\New-Repo\BAB_CloudOps\BAB_CloudOps-Ankoji\Azure-Scripts\logic-apps\rename-logicapps\BAB-LogicApp-Backups\ststv2_ENJMBNK-db_dev_vms_Scheduled_start-20260830-225921.json",""
"bab-dev-etl-appweb-start-01","bab-etl-dev_vmstart_vms_Scheduled_appweb","1","DAETLAPDMDWV1","Success","C:\On-Prem-to-cloud-migration\New-Repo\BAB_CloudOps\BAB_CloudOps-Ankoji\Azure-Scripts\logic-apps\rename-logicapps\BAB-LogicApp-Backups\bab-etl-dev_vmstart_vms_Scheduled_appweb-20260830-225931.json",""
"bab-dev-etl-db-start-01","bab-etl-dev_vms_Scheduled_db","1","DADHBDBSQDWV1","Success","C:\On-Prem-to-cloud-migration\New-Repo\BAB_CloudOps\BAB_CloudOps-Ankoji\Azure-Scripts\logic-apps\rename-logicapps\BAB-LogicApp-Backups\bab-etl-dev_vms_Scheduled_db-20260830-225942.json",""
"bab-dev-gib-appweb-start-01","bab-gib-dev_vms_Scheduled_appweb","2","DAMLAPLV01;DAMORADLV01","Success","C:\On-Prem-to-cloud-migration\New-Repo\BAB_CloudOps\BAB_CloudOps-Ankoji\Azure-Scripts\logic-apps\rename-logicapps\BAB-LogicApp-Backups\bab-gib-dev_vms_Scheduled_appweb-20260830-225955.json",""
"bab-dev-gib-db-start-01","bab-gib-dev_vms_Scheduled_db","2","DACASDBLV01;DACASDBLV02","Success","C:\On-Prem-to-cloud-migration\New-Repo\BAB_CloudOps\BAB_CloudOps-Ankoji\Azure-Scripts\logic-apps\rename-logicapps\BAB-LogicApp-Backups\bab-gib-dev_vms_Scheduled_db-20260830-230017.json",""
"bab-dev-hid-appweb-start-01","bab-HID_Dev_vms_Scheduled_start","1","DAMFAWBWBDWV1","Success","C:\On-Prem-to-cloud-migration\New-Repo\BAB_CloudOps\BAB_CloudOps-Ankoji\Azure-Scripts\logic-apps\rename-logicapps\BAB-LogicApp-Backups\bab-HID_Dev_vms_Scheduled_start-20260830-230027.json",""
"bab-dev-hrm-appweb-start-01","bab-HRM-dev_vms_Scheduled_appweb","2","DAHRMAPDWV1;DAHRMWBDWV1","Success","C:\On-Prem-to-cloud-migration\New-Repo\BAB_CloudOps\BAB_CloudOps-Ankoji\Azure-Scripts\logic-apps\rename-logicapps\BAB-LogicApp-Backups\bab-HRM-dev_vms_Scheduled_appweb-20260830-230038.json",""
"bab-dev-iams-appweb-start-01","bab_iam_dev_vms_Scheduled_start","1","DAIAMAPDMDWV2","Success","C:\On-Prem-to-cloud-migration\New-Repo\BAB_CloudOps\BAB_CloudOps-Ankoji\Azure-Scripts\logic-apps\rename-logicapps\BAB-LogicApp-Backups\bab_iam_dev_vms_Scheduled_start-20260830-230048.json",""
"bab-dev-iams-db-start-01","bab_iam_dev_vms_Scheduled_start","1","DAIAMDBDMDWV1","Success","C:\On-Prem-to-cloud-migration\New-Repo\BAB_CloudOps\BAB_CloudOps-Ankoji\Azure-Scripts\logic-apps\rename-logicapps\BAB-LogicApp-Backups\bab_iam_dev_vms_Scheduled_start-20260830-230109.json",""
"bab-dev-ibg-appweb-start-01","bab-ibg-dev_vms_Scheduled_start","2","DAIBGAPWSDLV1;DAIBGAPWSDLV2","SKIPPED_TARGET_EXISTS","",""
"bab-dev-ipay-appweb-start-01","bab-ipay-dev_vms_Scheduled_start","1","DAIPYAPXXDWV1","Success","C:\On-Prem-to-cloud-migration\New-Repo\BAB_CloudOps\BAB_CloudOps-Ankoji\Azure-Scripts\logic-apps\rename-logicapps\BAB-LogicApp-Backups\bab-ipay-dev_vms_Scheduled_start-20260830-230134.json",""
"bab-dev-ipay-db-start-01","bab-ipay-dev_db_Scheduled_start","1","DAIPYDBSQDWV1","Success","C:\On-Prem-to-cloud-migration\New-Repo\BAB_CloudOps\BAB_CloudOps-Ankoji\Azure-Scripts\logic-apps\rename-logicapps\BAB-LogicApp-Backups\bab-ipay-dev_db_Scheduled_start-20260830-230145.json",""
"bab-dev-jms-appweb-start-01","bab-jms-dev_vms_Scheduled_start","3","DAJMSAPDLV1;DAJMSAPDLV2;DAMVSAPREDWV1","Success","C:\On-Prem-to-cloud-migration\New-Repo\BAB_CloudOps\BAB_CloudOps-Ankoji\Azure-Scripts\logic-apps\rename-logicapps\BAB-LogicApp-Backups\bab-jms-dev_vms_Scheduled_start-20260830-230156.json",""
"bab-dev-jms-db-start-01","bab-jms-dev_db_Scheduled_start","1","DAJMGDBSQDWV1","Success","C:\On-Prem-to-cloud-migration\New-Repo\BAB_CloudOps\BAB_CloudOps-Ankoji\Azure-Scripts\logic-apps\rename-logicapps\BAB-LogicApp-Backups\bab-jms-dev_db_Scheduled_start-20260830-230208.json",""
"bab-dev-kfk-appweb-start-01","bab-kfk-dev_vms_Scheduled_start","3","DARMBKFKLV01;DARMBKFKLV02;DARMBKFKLV03","Success","C:\On-Prem-to-cloud-migration\New-Repo\BAB_CloudOps\BAB_CloudOps-Ankoji\Azure-Scripts\logic-apps\rename-logicapps\BAB-LogicApp-Backups\bab-kfk-dev_vms_Scheduled_start-20260830-230219.json",""
"bab-dev-mobile-banking-appweb-start-01","bab-mobilebanking-dev_vms_Scheduled_start","1","DARMBAPWSDLV1","Success","C:\On-Prem-to-cloud-migration\New-Repo\BAB_CloudOps\BAB_CloudOps-Ankoji\Azure-Scripts\logic-apps\rename-logicapps\BAB-LogicApp-Backups\bab-mobilebanking-dev_vms_Scheduled_start-20260830-230233.json",""
"bab-dev-modcred-appweb-start-01","bab-modcred-dev_vms_Scheduled_appweb","1","DAMODAPWBDWV1","Success","C:\On-Prem-to-cloud-migration\New-Repo\BAB_CloudOps\BAB_CloudOps-Ankoji\Azure-Scripts\logic-apps\rename-logicapps\BAB-LogicApp-Backups\bab-modcred-dev_vms_Scheduled_appweb-20260830-230241.json",""
"bab-dev-modcred-db-start-01","bab-modcred-dev_vms_Scheduled_db","1","DAMODDBORDLV1","Success","C:\On-Prem-to-cloud-migration\New-Repo\BAB_CloudOps\BAB_CloudOps-Ankoji\Azure-Scripts\logic-apps\rename-logicapps\BAB-LogicApp-Backups\bab-modcred-dev_vms_Scheduled_db-20260830-230251.json",""
"bab-dev-mogdb-db-start-01","bab-dev-mog-db-start-01","3","DAMOGDBORDLV1;DAMOGDBORDLV2;DAMOGDBORDLV3","Success","C:\On-Prem-to-cloud-migration\New-Repo\BAB_CloudOps\BAB_CloudOps-Ankoji\Azure-Scripts\logic-apps\rename-logicapps\BAB-LogicApp-Backups\bab-dev-mog-db-start-01-20260830-230301.json",""
"bab-dev-mub-appweb-start-01","ststv2_MUB-dev_vms_Scheduled_start","19","DAMUBDBORDWV2;D2MUBAPJBDWV1;D2MUBAPJBDWV2;D2MUBAPJBDWV3;DAMUBAPCODWV1;DAMUBAPCODWV2;DAMUBAPJBDWV1;DAMUBAPMGDWV01;DAMUBCSMAPWV01;DAMUBOMSAPWV01;DAMUBOMSAPWV02;DAMUBOMSAPWV03;DAMUBSCMAPWV01-new;DAMUBSMSAPWV01;DAMUBTRSAPWV01;DAMUBWBAPDWV1;DAMUBWBAPDWV2;DAMUBWBMGDWV01;DAMUBWBWV01","Success","C:\On-Prem-to-cloud-migration\New-Repo\BAB_CloudOps\BAB_CloudOps-Ankoji\Azure-Scripts\logic-apps\rename-logicapps\BAB-LogicApp-Backups\ststv2_MUB-dev_vms_Scheduled_start-20260830-230311.json",""
"bab-dev-mub-db-start-01","ststv2_MUB-dev_vms_Scheduled_start","1","DAMUBDBORDLV01","Success","C:\On-Prem-to-cloud-migration\New-Repo\BAB_CloudOps\BAB_CloudOps-Ankoji\Azure-Scripts\logic-apps\rename-logicapps\BAB-LogicApp-Backups\ststv2_MUB-dev_vms_Scheduled_start-20260830-230323.json",""
"bab-dev-mux-appweb-start-01","bab-mux-dev_vms_Scheduled_appweb","1","DATMSAPMODLV1","Success","C:\On-Prem-to-cloud-migration\New-Repo\BAB_CloudOps\BAB_CloudOps-Ankoji\Azure-Scripts\logic-apps\rename-logicapps\BAB-LogicApp-Backups\bab-mux-dev_vms_Scheduled_appweb-20260830-230333.json",""
"bab-dev-mux-db-start-01","bab-mux-dev_vms_Scheduled_db","1","DATMSDBORDLV1","Success","C:\On-Prem-to-cloud-migration\New-Repo\BAB_CloudOps\BAB_CloudOps-Ankoji\Azure-Scripts\logic-apps\rename-logicapps\BAB-LogicApp-Backups\bab-mux-dev_vms_Scheduled_db-20260830-230342.json",""
"bab-dev-new-bib-db-start-01","bab-new-bib-dev-db-start-01","1","DANBIBDBORDLV01","SKIPPED_TARGET_EXISTS","",""
"bab-dev-oab-appweb-start-01","bab-dev-oab-appweb-start-01","1","DAOABAPDWV01","SKIPPED_TARGET_EXISTS","",""
"bab-dev-oab-db-start-01","bab-dev-oab-db-start-01","1","DAOABDBDWV01","SKIPPED_TARGET_EXISTS","",""
"bab-dev-odm-db-start-01","bab-odm-dev_db_Scheduled_appweb","1","DAENTDBSQDWV2","FAILED","","REST GET failed. HTTP 404: {
  ""error"": {
    ""code"": ""ResourceNotFound"",
    ""message"": ""The Resource 'Microsoft.Logic/workflows/bab-odm-dev_db_Scheduled_appweb' under resource group 'bab-core-auto-weeu-rg-01' was not found. For more details please go to https://aka.ms/ARMResourceNotFoundFix""
  }
}"
"bab-dev-ods-db-start-01","bab-ods-dev_vms_Scheduled_db","4","DAFATDBSQDWV1;DAODSDBORDLV2;DAODSDBORDWV2;DASDBDBORDLV1","Success","C:\On-Prem-to-cloud-migration\New-Repo\BAB_CloudOps\BAB_CloudOps-Ankoji\Azure-Scripts\logic-apps\rename-logicapps\BAB-LogicApp-Backups\bab-ods-dev_vms_Scheduled_db-20260830-230353.json",""
"bab-dev-orch-db-start-01","bab-dev-orch-db-start-01","1","DAORCHDBDLV01","SKIPPED_TARGET_EXISTS","",""
"bab-dev-pbdh-appweb-start-01","bab-dev-pbdh-appweb-start-01","1","DAPBDHAPDWV01","SKIPPED_TARGET_EXISTS","",""
"bab-dev-pbdh-db-start-01","bab-dev-pbdh-db-start-01","1","DAPBDHDBSQDWV01","SKIPPED_TARGET_EXISTS","",""
"bab-dev-pbi-appweb-start-01","bab_pbi_dev_vms_Scheduled_db","1","DAPBIDBSQDWV1","Success","C:\On-Prem-to-cloud-migration\New-Repo\BAB_CloudOps\BAB_CloudOps-Ankoji\Azure-Scripts\logic-apps\rename-logicapps\BAB-LogicApp-Backups\bab_pbi_dev_vms_Scheduled_db-20260830-230408.json",""
"bab-dev-pcc-appweb-start-01","ststv2_pcc_dev_vms_Scheduled_start","2","DAPCCAPDLV1;DAPCCWBDLV1","Success","C:\On-Prem-to-cloud-migration\New-Repo\BAB_CloudOps\BAB_CloudOps-Ankoji\Azure-Scripts\logic-apps\rename-logicapps\BAB-LogicApp-Backups\ststv2_pcc_dev_vms_Scheduled_start-20260830-230419.json",""
"bab-dev-picm-appweb-start-01","bab-dev-picm-appweb-start-01","1","DAPICMORDBDLV01","SKIPPED_TARGET_EXISTS","",""
"bab-dev-rmb-rds-db-start-01","ststv2_rmb-rds_dev_vms_Scheduled_start","3","DARDSDBORDLV1;DARDSDBORDLV2;DARDSDBORDLV3","Success","C:\On-Prem-to-cloud-migration\New-Repo\BAB_CloudOps\BAB_CloudOps-Ankoji\Azure-Scripts\logic-apps\rename-logicapps\BAB-LogicApp-Backups\ststv2_rmb-rds_dev_vms_Scheduled_start-20260830-230431.json",""
"bab-dev-rpa-appweb-start-01","ststv2_rpa_dev_vms_Scheduled_start","4","DARPAREDLV01;DARPAUPORDWV1;DARPAUPRBDWV1;DARPAUPRBDWV2","Success","C:\On-Prem-to-cloud-migration\New-Repo\BAB_CloudOps\BAB_CloudOps-Ankoji\Azure-Scripts\logic-apps\rename-logicapps\BAB-LogicApp-Backups\ststv2_rpa_dev_vms_Scheduled_start-20260830-230444.json",""
"bab-dev-rpa-db-start-01","ststv2_rpa_dev-db_vms_Scheduled_start","2","DARPADBSQWV01;DARPAUPDBDWV1","Success","C:\On-Prem-to-cloud-migration\New-Repo\BAB_CloudOps\BAB_CloudOps-Ankoji\Azure-Scripts\logic-apps\rename-logicapps\BAB-LogicApp-Backups\ststv2_rpa_dev-db_vms_Scheduled_start-20260830-230456.json",""
"bab-dev-rsp-db-start-01","bab-rsp-dev_vms_Scheduled_db","1","DARSPDBDLV01","Success","C:\On-Prem-to-cloud-migration\New-Repo\BAB_CloudOps\BAB_CloudOps-Ankoji\Azure-Scripts\logic-apps\rename-logicapps\BAB-LogicApp-Backups\bab-rsp-dev_vms_Scheduled_db-20260830-230510.json",""
"bab-dev-saqr-appweb-start-01","ststv2_saqar-dev_vms_Scheduled_start","2","DASAQAPWSDWV2;DASAQWBWSDWV1","Success","C:\On-Prem-to-cloud-migration\New-Repo\BAB_CloudOps\BAB_CloudOps-Ankoji\Azure-Scripts\logic-apps\rename-logicapps\BAB-LogicApp-Backups\ststv2_saqar-dev_vms_Scheduled_start-20260830-230520.json",""
"bab-dev-saqr-db-start-01","ststv2_saqar-dev_vms_Scheduled_start","1","DASAQDBORDLV03","Success","C:\On-Prem-to-cloud-migration\New-Repo\BAB_CloudOps\BAB_CloudOps-Ankoji\Azure-Scripts\logic-apps\rename-logicapps\BAB-LogicApp-Backups\ststv2_saqar-dev_vms_Scheduled_start-20260830-230530.json",""
"bab-dev-sas-appweb-start-01","ststv2_sas_dev_vms_Scheduled_start","4","DASASAPAISLV1;DASASAPODELV1;DASASAPPWBSLV1;DASASWBRESLV1","Success","C:\On-Prem-to-cloud-migration\New-Repo\BAB_CloudOps\BAB_CloudOps-Ankoji\Azure-Scripts\logic-apps\rename-logicapps\BAB-LogicApp-Backups\ststv2_sas_dev_vms_Scheduled_start-20260830-230541.json",""
"bab-dev-sas-db-start-01","ststv2_sas-db_dev_vms_Scheduled_start","1","DASASDBMEHLV1","Success","C:\On-Prem-to-cloud-migration\New-Repo\BAB_CloudOps\BAB_CloudOps-Ankoji\Azure-Scripts\logic-apps\rename-logicapps\BAB-LogicApp-Backups\ststv2_sas-db_dev_vms_Scheduled_start-20260830-230552.json",""
"bab-dev-scf-appweb-start-01","ststv2_scf_dev_vms_Scheduled_start","1","DASCFWBISDWV01","Success","C:\On-Prem-to-cloud-migration\New-Repo\BAB_CloudOps\BAB_CloudOps-Ankoji\Azure-Scripts\logic-apps\rename-logicapps\BAB-LogicApp-Backups\ststv2_scf_dev_vms_Scheduled_start-20260830-230604.json",""
"bab-dev-scf-db-start-01","ststv2_scf_dev_vms_Scheduled_start","1","DASCFDBSQDWV01","Success","C:\On-Prem-to-cloud-migration\New-Repo\BAB_CloudOps\BAB_CloudOps-Ankoji\Azure-Scripts\logic-apps\rename-logicapps\BAB-LogicApp-Backups\ststv2_scf_dev_vms_Scheduled_start-20260830-230618.json",""
"bab-dev-shp-appweb-start-01","bab-shp-dev_vmstart_vms_Scheduled_appweb","3","DADOCAPIIDWV2;DASHPAPFEOWV1;DASHPAPFEWV1","Success","C:\On-Prem-to-cloud-migration\New-Repo\BAB_CloudOps\BAB_CloudOps-Ankoji\Azure-Scripts\logic-apps\rename-logicapps\BAB-LogicApp-Backups\bab-shp-dev_vmstart_vms_Scheduled_appweb-20260830-230629.json",""
"bab-dev-shp-appweb-start-02","ststv2_shp_dev_vms_Scheduled_start","1","DASHPWBDWV1","Success","C:\On-Prem-to-cloud-migration\New-Repo\BAB_CloudOps\BAB_CloudOps-Ankoji\Azure-Scripts\logic-apps\rename-logicapps\BAB-LogicApp-Backups\ststv2_shp_dev_vms_Scheduled_start-20260830-230641.json",""
"bab-dev-shp-db-start-01","bab-shp-dev_vms_Scheduled_db","3","dashpdbsqowv1-Restore;DASHPDBSQWV1;DASHPFEDBDWV1","Success","C:\On-Prem-to-cloud-migration\New-Repo\BAB_CloudOps\BAB_CloudOps-Ankoji\Azure-Scripts\logic-apps\rename-logicapps\BAB-LogicApp-Backups\bab-shp-dev_vms_Scheduled_db-20260830-230652.json",""
"bab-dev-shp-db-start-02","ststv2_shp_dev_vms_Scheduled_start_DB","1","DASHPDBSQDWV1","Success","C:\On-Prem-to-cloud-migration\New-Repo\BAB_CloudOps\BAB_CloudOps-Ankoji\Azure-Scripts\logic-apps\rename-logicapps\BAB-LogicApp-Backups\ststv2_shp_dev_vms_Scheduled_start_DB-20260830-230702.json",""
"bab-dev-slm-appweb-start-01","bab-slm-dev_vms_Scheduled_appweb","1","DASLMAPINDLV01","Success","C:\On-Prem-to-cloud-migration\New-Repo\BAB_CloudOps\BAB_CloudOps-Ankoji\Azure-Scripts\logic-apps\rename-logicapps\BAB-LogicApp-Backups\bab-slm-dev_vms_Scheduled_appweb-20260830-230713.json",""
"bab-dev-slm-db-start-01","bab-slm-dev_vms_Scheduled_db","1","DASLMDBSQLLV01","Success","C:\On-Prem-to-cloud-migration\New-Repo\BAB_CloudOps\BAB_CloudOps-Ankoji\Azure-Scripts\logic-apps\rename-logicapps\BAB-LogicApp-Backups\bab-slm-dev_vms_Scheduled_db-20260830-230723.json",""
"bab-dev-sme-loan-appweb-start-01","ststv2_vms_Scheduled_start_sme","1","DASMEWBMSDLV1","Success","C:\On-Prem-to-cloud-migration\New-Repo\BAB_CloudOps\BAB_CloudOps-Ankoji\Azure-Scripts\logic-apps\rename-logicapps\BAB-LogicApp-Backups\ststv2_vms_Scheduled_start_sme-20260830-230733.json",""
"bab-dev-smsgw-db-start-01","bab-smsgw-dev_vms_Scheduled_db","1","DASMSGWCODWV1","Success","C:\On-Prem-to-cloud-migration\New-Repo\BAB_CloudOps\BAB_CloudOps-Ankoji\Azure-Scripts\logic-apps\rename-logicapps\BAB-LogicApp-Backups\bab-smsgw-dev_vms_Scheduled_db-20260830-230744.json",""
"bab-dev-snai-appweb-start-01","ststv2_snai_dev_vms_Scheduled_start","3","DASAIADAPDWV01;DASAIPRAIDLV01;DASAITRAIDLV01","Success","C:\On-Prem-to-cloud-migration\New-Repo\BAB_CloudOps\BAB_CloudOps-Ankoji\Azure-Scripts\logic-apps\rename-logicapps\BAB-LogicApp-Backups\ststv2_snai_dev_vms_Scheduled_start-20260830-230754.json",""
"bab-dev-svcnow-appweb-start-01","bab-svc-dev_vms_Scheduled_start","3","DASNWAPTMDLV1;DASNWAPTMDWV1;DASNWWBTMDWV1","Success","C:\On-Prem-to-cloud-migration\New-Repo\BAB_CloudOps\BAB_CloudOps-Ankoji\Azure-Scripts\logic-apps\rename-logicapps\BAB-LogicApp-Backups\bab-svc-dev_vms_Scheduled_start-20260830-230805.json",""
"bab-dev-svcnow-db-start-01","bab-svc-dev_db_Scheduled_start","1","DASNWDBORDLV1","Success","C:\On-Prem-to-cloud-migration\New-Repo\BAB_CloudOps\BAB_CloudOps-Ankoji\Azure-Scripts\logic-apps\rename-logicapps\BAB-LogicApp-Backups\bab-svc-dev_db_Scheduled_start-20260830-230820.json",""
"bab-dev-tfs-appweb-start-01","ststv2_tfs-f_dev_vms_Scheduled_start","3","DTAZRTFSAPWV03;DTAZRTFSDBWV1;DTAZRTFSMWWV02","Success","C:\On-Prem-to-cloud-migration\New-Repo\BAB_CloudOps\BAB_CloudOps-Ankoji\Azure-Scripts\logic-apps\rename-logicapps\BAB-LogicApp-Backups\ststv2_tfs-f_dev_vms_Scheduled_start-20260830-230831.json",""
"bab-dev-tfs-appweb-start-02","ststv2_tfs_dev_vms_Scheduled_start","6","DATFSAPAIDWV1;DATFSAPOCDWV1;DTAZRTFSApWV01;DTAZRTFSAPWV02;DTAZRTFSMWWV01;DTAZRTFSMWWV03","Success","C:\On-Prem-to-cloud-migration\New-Repo\BAB_CloudOps\BAB_CloudOps-Ankoji\Azure-Scripts\logic-apps\rename-logicapps\BAB-LogicApp-Backups\ststv2_tfs_dev_vms_Scheduled_start-20260830-230841.json",""
"bab-dev-upba-appweb-start-01","ststv2_upba_vms_Scheduled_start","2","DAUPBAOFOADWV01;DAUPBAOFOASWV01","Success","C:\On-Prem-to-cloud-migration\New-Repo\BAB_CloudOps\BAB_CloudOps-Ankoji\Azure-Scripts\logic-apps\rename-logicapps\BAB-LogicApp-Backups\ststv2_upba_vms_Scheduled_start-20260830-230852.json",""
"bab-sit-abic-digital-appweb-start-01","ststv2_ABIC-DG-sit_vms_Scheduled_start","1","DAABDGAPSLV1","Success","C:\On-Prem-to-cloud-migration\New-Repo\BAB_CloudOps\BAB_CloudOps-Ankoji\Azure-Scripts\logic-apps\rename-logicapps\BAB-LogicApp-Backups\ststv2_ABIC-DG-sit_vms_Scheduled_start-20260830-230906.json",""
"bab-sit-abic-digital-db-start-01","ststv2_ABIC-DG-sit_vms_Scheduled_start","1","DAABDGORDBSLV1","Success","C:\On-Prem-to-cloud-migration\New-Repo\BAB_CloudOps\BAB_CloudOps-Ankoji\Azure-Scripts\logic-apps\rename-logicapps\BAB-LogicApp-Backups\ststv2_ABIC-DG-sit_vms_Scheduled_start-20260830-230918.json",""
"bab-sit-abic-ibm-appweb-start-01","ststv2_ABIC-ibm-sit_vms_Scheduled_start","1","DAIBMAPSLV1","Success","C:\On-Prem-to-cloud-migration\New-Repo\BAB_CloudOps\BAB_CloudOps-Ankoji\Azure-Scripts\logic-apps\rename-logicapps\BAB-LogicApp-Backups\ststv2_ABIC-ibm-sit_vms_Scheduled_start-20260830-230932.json",""
"bab-sit-abic-ibm-db-start-01","ststv2_ABIC-ibm-sit_vms_Scheduled_start","1","DAIBMDBSLV1","Success","C:\On-Prem-to-cloud-migration\New-Repo\BAB_CloudOps\BAB_CloudOps-Ankoji\Azure-Scripts\logic-apps\rename-logicapps\BAB-LogicApp-Backups\ststv2_ABIC-ibm-sit_vms_Scheduled_start-20260830-230947.json",""
"bab-sit-aix-appweb-start-01","bab_axia_sit_vms_Scheduled_appweb","2","DAAXIAPSWV1;DAAXIWBSWV1","Success","C:\On-Prem-to-cloud-migration\New-Repo\BAB_CloudOps\BAB_CloudOps-Ankoji\Azure-Scripts\logic-apps\rename-logicapps\BAB-LogicApp-Backups\bab_axia_sit_vms_Scheduled_appweb-20260830-231000.json",""
"bab-sit-aix-db-start-01","bab_axia_sit_vms_Scheduled_db","1","DAAXIDBSQSWV1","Success","C:\On-Prem-to-cloud-migration\New-Repo\BAB_CloudOps\BAB_CloudOps-Ankoji\Azure-Scripts\logic-apps\rename-logicapps\BAB-LogicApp-Backups\bab_axia_sit_vms_Scheduled_db-20260830-231043.json",""
"bab-sit-apex-appweb-start-01","bab-sit-apex-appweb-start-01","4","DAFISAPSEIWV1;DAMMPAPXXIWV1;DARRRAPAUILV1;DARRRWBWBILV1","SKIPPED_TARGET_EXISTS","",""
"bab-sit-apex-db-start-01","bab-sit-apex-db-start-01","2","DAMMPDBXXIWV1;DARRRDBORILV1","SKIPPED_TARGET_EXISTS","",""
"bab-sit-aptra-appweb-start-01","bab-sit-aptra-appweb-start-01","1","DANCRAPXXIWV1","SKIPPED_TARGET_EXISTS","",""
"bab-sit-aptra-db-start-01","bab-sit-aptra-db-start-01","1","DAFCODBSQIWV1","SKIPPED_TARGET_EXISTS","",""
"bab-sit-baas-appweb-start-01","bab-sit-baas-appweb-start-01","3","DABASAPKASLV01;DABASAPKASLV02;DABASAPKASLV03","SKIPPED_TARGET_EXISTS","",""
"bab-sit-baas-db-start-01","bab-sit-baas-db-start-01","1","DABASDBRDSLV01","SKIPPED_TARGET_EXISTS","",""
"bab-sit-bds-appweb-start-01","bab-sit-bds-appweb-start-01","1","DABDMAPWBSWV1","SKIPPED_TARGET_EXISTS","",""
"bab-sit-bds-db-start-01","bab-sit-bds-db-start-01","1","DABDMDBSQSWV1","SKIPPED_TARGET_EXISTS","",""
"bab-sit-bo-appweb-start-01","bab_bo_sit_appsweb_scheduled_start","2","D2SAPWBBOIWV1;DAMISAPXXTWV1","Success","C:\On-Prem-to-cloud-migration\New-Repo\BAB_CloudOps\BAB_CloudOps-Ankoji\Azure-Scripts\logic-apps\rename-logicapps\BAB-LogicApp-Backups\bab_bo_sit_appsweb_scheduled_start-20260830-231104.json",""
"bab-sit-bo-appweb-start-02","bab_BOWeb_sit_appsweb_scheduled_start","2","DABORAPXXTWV1;DASAPAPBOIWV1","Success","C:\On-Prem-to-cloud-migration\New-Repo\BAB_CloudOps\BAB_CloudOps-Ankoji\Azure-Scripts\logic-apps\rename-logicapps\BAB-LogicApp-Backups\bab_BOWeb_sit_appsweb_scheduled_start-20260830-231115.json",""
"bab-sit-bpm-appweb-start-01","bab-sit-bpm-appweb-start-01","2","DABPMAPWSDWV6;DABPMAPWSILV1","SKIPPED_TARGET_EXISTS","",""
"bab-sit-bpm-db-start-01","bab-sit-bpm-db-start-01","1","DABPMDBORSLV1","SKIPPED_TARGET_EXISTS","",""
"bab-sit-bsi-appweb-start-01","bab_bsi_sit_vms_Scheduled_appweb","1","DABSIAPPSLV1","Success","C:\On-Prem-to-cloud-migration\New-Repo\BAB_CloudOps\BAB_CloudOps-Ankoji\Azure-Scripts\logic-apps\rename-logicapps\BAB-LogicApp-Backups\bab_bsi_sit_vms_Scheduled_appweb-20260830-231128.json",""
"bab-sit-bsi-db-start-01","bab_bsi_sit_vms_Scheduled_db","1","DABSIDBSLV1","Success","C:\On-Prem-to-cloud-migration\New-Repo\BAB_CloudOps\BAB_CloudOps-Ankoji\Azure-Scripts\logic-apps\rename-logicapps\BAB-LogicApp-Backups\bab_bsi_sit_vms_Scheduled_db-20260830-231140.json",""
"bab-sit-cashinst-appweb-start-01","BAB-SIT-CASHINST-SWEC-RG-01","1","DATCRAPMOILV2","Success","C:\On-Prem-to-cloud-migration\New-Repo\BAB_CloudOps\BAB_CloudOps-Ankoji\Azure-Scripts\logic-apps\rename-logicapps\BAB-LogicApp-Backups\BAB-SIT-CASHINST-SWEC-RG-01-20260830-231150.json",""
"bab-sit-cashinst-db-start-01","BAB-SIT-DB-CASHINST-SWEC-RG-01","1","DATCRDBSQIWV1","Success","C:\On-Prem-to-cloud-migration\New-Repo\BAB_CloudOps\BAB_CloudOps-Ankoji\Azure-Scripts\logic-apps\rename-logicapps\BAB-LogicApp-Backups\BAB-SIT-DB-CASHINST-SWEC-RG-01-20260830-231202.json",""
"bab-sit-ccas-appweb-start-01","bab-sit-ccas-appweb-start-01","1","DACCAAPNGIWV1","SKIPPED_TARGET_EXISTS","",""
"bab-sit-cdc-kfk-appweb-start-01","bab-sit-cdc-kfk-appweb-start-01","12","DACDCAPBRSLV01;DACDCAPBRSLV02;DACDCAPBRSLV03;DACDCAPCCSLV01;DACDCAPCNSLV01;DACDCAPCNSLV02;DACDCAPCTSLV01;DACDCAPCTSLV02;DACDCAPCTSLV03;DACDCAPSRSLV01;DACDCAPSRSLV02;DACDCAPSWV01","SKIPPED_TARGET_EXISTS","",""
"bab-sit-cdc-kfk-db-start-01","bab-sit-cdc-kfk-db-start-01","1","DACDCORDBSWV01","SKIPPED_TARGET_EXISTS","",""
"bab-sit-cortex-appweb-start-01","ststv2_cortex_sit_vms_Scheduled_start","1","DARECAPJBIWV2","Success","C:\On-Prem-to-cloud-migration\New-Repo\BAB_CloudOps\BAB_CloudOps-Ankoji\Azure-Scripts\logic-apps\rename-logicapps\BAB-LogicApp-Backups\ststv2_cortex_sit_vms_Scheduled_start-20260830-231215.json",""
"bab-sit-cortex-db-start-01","ststv2_cortex_sit_db_Scheduled_start","1","DARECDBORILV1","Success","C:\On-Prem-to-cloud-migration\New-Repo\BAB_CloudOps\BAB_CloudOps-Ankoji\Azure-Scripts\logic-apps\rename-logicapps\BAB-LogicApp-Backups\ststv2_cortex_sit_db_Scheduled_start-20260830-231226.json",""
"bab-sit-crtxup-appweb-start-01","bab-sit-crtxup-appweb-start-01","4","DACTXAPGUILV01;DACTXAPSWILV01;DAISTAPGUILV01;DAISTAPSWILV01","SKIPPED_TARGET_EXISTS","",""
"bab-sit-crtxup-db-start-01","bab-sit-crtxup-db-start-01","1","DACTXDBORILV01","SKIPPED_TARGET_EXISTS","",""
"bab-sit-dex-upg-appweb-start-01","bab-sit-dex-upg-appweb-start-01","2","DADEXAPIISWV01;DADEXIXOAPSWV01","SKIPPED_TARGET_EXISTS","",""
"bab-sit-dex-upg-db-start-01","bab-sit-dex-upg-db-start-01","1","DADEXORDBSLV01","SKIPPED_TARGET_EXISTS","",""
"bab-sit-digiapi-db-start-01","bab-DIGIAPI-sit_vms_Scheduled_db","1","DAOBPDBSQIWV1","Success","C:\On-Prem-to-cloud-migration\New-Repo\BAB_CloudOps\BAB_CloudOps-Ankoji\Azure-Scripts\logic-apps\rename-logicapps\BAB-LogicApp-Backups\bab-DIGIAPI-sit_vms_Scheduled_db-20260830-231238.json",""
"bab-sit-efat-db-start-01","bab-efat-sit_vms_Scheduled_start","1","DAFATDBSQIWV3","Success","C:\On-Prem-to-cloud-migration\New-Repo\BAB_CloudOps\BAB_CloudOps-Ankoji\Azure-Scripts\logic-apps\rename-logicapps\BAB-LogicApp-Backups\bab-efat-sit_vms_Scheduled_start-20260830-231249.json",""
"bab-sit-eips-appweb-start-01","bab-eips-sit_vms_Scheduled_start","1","DAIPSAPGWILV1","Success","C:\On-Prem-to-cloud-migration\New-Repo\BAB_CloudOps\BAB_CloudOps-Ankoji\Azure-Scripts\logic-apps\rename-logicapps\BAB-LogicApp-Backups\bab-eips-sit_vms_Scheduled_start-20260830-231259.json",""
"bab-sit-etl-appweb-start-01","bab-etl-sit_vmstart_vms_Scheduled_appweb","1","DAETLAPDMIWV1","Success","C:\On-Prem-to-cloud-migration\New-Repo\BAB_CloudOps\BAB_CloudOps-Ankoji\Azure-Scripts\logic-apps\rename-logicapps\BAB-LogicApp-Backups\bab-etl-sit_vmstart_vms_Scheduled_appweb-20260830-231309.json",""
"bab-sit-etl-db-start-01","bab-etl-sit_vms_Scheduled_db","1","DADHBDBSQIWV1-new","Success","C:\On-Prem-to-cloud-migration\New-Repo\BAB_CloudOps\BAB_CloudOps-Ankoji\Azure-Scripts\logic-apps\rename-logicapps\BAB-LogicApp-Backups\bab-etl-sit_vms_Scheduled_db-20260830-231321.json",""
"bab-sit-incentivemanagementsystem-appweb-start-01","bab-incentivemanagementsystem-sit_vms_Scheduled_start","1","DAIMSWBSWV1","Success","C:\On-Prem-to-cloud-migration\New-Repo\BAB_CloudOps\BAB_CloudOps-Ankoji\Azure-Scripts\logic-apps\rename-logicapps\BAB-LogicApp-Backups\bab-incentivemanagementsystem-sit_vms_Scheduled_start-20260830-231331.json",""
"bab-sit-incentivemanagementsystem-db-start-01","bab-incentivemanagementsystem-sit_vms_Scheduled_start","1","DAIMSDBSWV1","Success","C:\On-Prem-to-cloud-migration\New-Repo\BAB_CloudOps\BAB_CloudOps-Ankoji\Azure-Scripts\logic-apps\rename-logicapps\BAB-LogicApp-Backups\bab-incentivemanagementsystem-sit_vms_Scheduled_start-20260830-231342.json",""
"bab-sit-ipay-appweb-start-01","bab-ipay-sit_vms_Scheduled_start","1","DAIPYAPXXIWV1","Success","C:\On-Prem-to-cloud-migration\New-Repo\BAB_CloudOps\BAB_CloudOps-Ankoji\Azure-Scripts\logic-apps\rename-logicapps\BAB-LogicApp-Backups\bab-ipay-sit_vms_Scheduled_start-20260830-231352.json",""
"bab-sit-ipay-db-start-01","bab-ipay-sit_db_Scheduled_start","1","DAIPYDBSQIWV1","Success","C:\On-Prem-to-cloud-migration\New-Repo\BAB_CloudOps\BAB_CloudOps-Ankoji\Azure-Scripts\logic-apps\rename-logicapps\BAB-LogicApp-Backups\bab-ipay-sit_db_Scheduled_start-20260830-231401.json",""
"bab-sit-jms-appweb-start-01","bab-jms-sit_vms_Scheduled_start","1","DAMFAAPAUILV1","Success","C:\On-Prem-to-cloud-migration\New-Repo\BAB_CloudOps\BAB_CloudOps-Ankoji\Azure-Scripts\logic-apps\rename-logicapps\BAB-LogicApp-Backups\bab-jms-sit_vms_Scheduled_start-20260830-231410.json",""
"bab-sit-kmsup-db-start-01","bab-kmsup-sit_vms_Scheduled_start","1","DAKMSDBORILV01","Success","C:\On-Prem-to-cloud-migration\New-Repo\BAB_CloudOps\BAB_CloudOps-Ankoji\Azure-Scripts\logic-apps\rename-logicapps\BAB-LogicApp-Backups\bab-kmsup-sit_vms_Scheduled_start-20260830-231420.json",""
"bab-sit-mogdb-db-start-01","bab-sit-mog-db-start-01","3","DAMOGDBORSLV1;DAMOGDBORSLV2;DAMOGDBORSLV3","Success","C:\On-Prem-to-cloud-migration\New-Repo\BAB_CloudOps\BAB_CloudOps-Ankoji\Azure-Scripts\logic-apps\rename-logicapps\BAB-LogicApp-Backups\bab-sit-mog-db-start-01-20260830-231429.json",""
"bab-sit-mub-appweb-start-01","ststv2_MUB-sit_vms_Scheduled_start","1","DAMUBAPJBIWV2","Success","C:\On-Prem-to-cloud-migration\New-Repo\BAB_CloudOps\BAB_CloudOps-Ankoji\Azure-Scripts\logic-apps\rename-logicapps\BAB-LogicApp-Backups\ststv2_MUB-sit_vms_Scheduled_start-20260830-231441.json",""
"bab-sit-mux-appweb-start-01","bab-mux-sit_vms_Scheduled_appweb","1","DATMSAPMOILV1","Success","C:\On-Prem-to-cloud-migration\New-Repo\BAB_CloudOps\BAB_CloudOps-Ankoji\Azure-Scripts\logic-apps\rename-logicapps\BAB-LogicApp-Backups\bab-mux-sit_vms_Scheduled_appweb-20260830-231451.json",""
"bab-sit-mux-db-start-01","bab-mux-sit_db_Scheduled_appweb","1","DATMSDBORILV1","Success","C:\On-Prem-to-cloud-migration\New-Repo\BAB_CloudOps\BAB_CloudOps-Ankoji\Azure-Scripts\logic-apps\rename-logicapps\BAB-LogicApp-Backups\bab-mux-sit_db_Scheduled_appweb-20260830-231459.json",""
"bab-sit-new-bib-db-start-01","bab-new-bib-sit-db-start-01","1","DANBIBDBORSLV01","SKIPPED_TARGET_EXISTS","",""
"bab-sit-oab-appweb-start-01","bab-sit-oab_vms_Scheduled_app","1","DAOABAPSWV01","Success","C:\On-Prem-to-cloud-migration\New-Repo\BAB_CloudOps\BAB_CloudOps-Ankoji\Azure-Scripts\logic-apps\rename-logicapps\BAB-LogicApp-Backups\bab-sit-oab_vms_Scheduled_app-20260830-231512.json",""
"bab-sit-oab-db-start-01","bab-sit-oab_vms_Scheduled_db","1","DAOABDBSWV01","Success","C:\On-Prem-to-cloud-migration\New-Repo\BAB_CloudOps\BAB_CloudOps-Ankoji\Azure-Scripts\logic-apps\rename-logicapps\BAB-LogicApp-Backups\bab-sit-oab_vms_Scheduled_db-20260830-231522.json",""
"bab-sit-ods-db-start-01","bab-ods-sit_vms_Scheduled_db","2","DAODSORDBSLV01;DASTLDBSQIWV1","Success","C:\On-Prem-to-cloud-migration\New-Repo\BAB_CloudOps\BAB_CloudOps-Ankoji\Azure-Scripts\logic-apps\rename-logicapps\BAB-LogicApp-Backups\bab-ods-sit_vms_Scheduled_db-20260830-231532.json",""
"bab-sit-orch-db-start-01","bab-sit-orch-db-start-01","1","DAORCHDBSLV01","SKIPPED_TARGET_EXISTS","",""
"bab-sit-pbi-appweb-start-01","bab_pbi_sit_vms_Scheduled_appweb","2","DAPPIAPSWV1;DACDBPBISWV1","Success","C:\On-Prem-to-cloud-migration\New-Repo\BAB_CloudOps\BAB_CloudOps-Ankoji\Azure-Scripts\logic-apps\rename-logicapps\BAB-LogicApp-Backups\bab_pbi_sit_vms_Scheduled_appweb-20260830-231543.json",""
"bab-sit-pbi-db-start-01","bab_pbi_sit_vms_Scheduled_db","1","DAPPIDBSWV1","Success","C:\On-Prem-to-cloud-migration\New-Repo\BAB_CloudOps\BAB_CloudOps-Ankoji\Azure-Scripts\logic-apps\rename-logicapps\BAB-LogicApp-Backups\bab_pbi_sit_vms_Scheduled_db-20260830-231554.json",""
"bab-sit-pcc-appweb-start-01","ststv2_pcc_sit_vms_Scheduled_start","2","DAPCCAPSLV1;DAPCCWBSLV1","Success","C:\On-Prem-to-cloud-migration\New-Repo\BAB_CloudOps\BAB_CloudOps-Ankoji\Azure-Scripts\logic-apps\rename-logicapps\BAB-LogicApp-Backups\ststv2_pcc_sit_vms_Scheduled_start-20260830-231607.json",""
"bab-sit-picm-appweb-start-01","bab-sit-picm-appweb-start-01","1","DAPICMORDBSLV01","SKIPPED_TARGET_EXISTS","",""
"bab-sit-ppl-appweb-start-01","bab_ppl_sit_vms_Scheduled_appweb","2","DAPPLAPSCSWV01;DAPPLWBSCSWV01","Success","C:\On-Prem-to-cloud-migration\New-Repo\BAB_CloudOps\BAB_CloudOps-Ankoji\Azure-Scripts\logic-apps\rename-logicapps\BAB-LogicApp-Backups\bab_ppl_sit_vms_Scheduled_appweb-20260830-231627.json",""
"bab-sit-ppl-db-start-01","bab_ppl_sit_vms_Scheduled_db","1","DAPPLSQDBSWV01","Success","C:\On-Prem-to-cloud-migration\New-Repo\BAB_CloudOps\BAB_CloudOps-Ankoji\Azure-Scripts\logic-apps\rename-logicapps\BAB-LogicApp-Backups\bab_ppl_sit_vms_Scheduled_db-20260830-231657.json",""
"bab-sit-proview-appweb-start-01","bab-proview-sit_vms_Scheduled_start","1","DAPRVAPPCIWV1","Success","C:\On-Prem-to-cloud-migration\New-Repo\BAB_CloudOps\BAB_CloudOps-Ankoji\Azure-Scripts\logic-apps\rename-logicapps\BAB-LogicApp-Backups\bab-proview-sit_vms_Scheduled_start-20260830-231711.json",""
"bab-sit-rcn-appweb-start-01","bab-rcn-sit_vms_Scheduled_start","1","DARECAPSWV1","Success","C:\On-Prem-to-cloud-migration\New-Repo\BAB_CloudOps\BAB_CloudOps-Ankoji\Azure-Scripts\logic-apps\rename-logicapps\BAB-LogicApp-Backups\bab-rcn-sit_vms_Scheduled_start-20260830-231721.json",""
"bab-sit-rmb-rds-db-start-01","ststv2_vms_Scheduled_start_Redis_0800","3","DARDSDBORSLV1;DARDSDBORSLV2;DARDSDBORSLV3","Success","C:\On-Prem-to-cloud-migration\New-Repo\BAB_CloudOps\BAB_CloudOps-Ankoji\Azure-Scripts\logic-apps\rename-logicapps\BAB-LogicApp-Backups\ststv2_vms_Scheduled_start_Redis_0800-20260830-231732.json",""
"bab-sit-rsp-appweb-start-01","bab-rsp-sit_vms_Scheduled_start","2","DARSPWBSLV01;DARSPBHSLV01","Success","C:\On-Prem-to-cloud-migration\New-Repo\BAB_CloudOps\BAB_CloudOps-Ankoji\Azure-Scripts\logic-apps\rename-logicapps\BAB-LogicApp-Backups\bab-rsp-sit_vms_Scheduled_start-20260830-231746.json",""
"bab-sit-rsp-db-start-01","bab-rsp-sit_vms_Scheduled_db","1","DARSPDBSLV01","Success","C:\On-Prem-to-cloud-migration\New-Repo\BAB_CloudOps\BAB_CloudOps-Ankoji\Azure-Scripts\logic-apps\rename-logicapps\BAB-LogicApp-Backups\bab-rsp-sit_vms_Scheduled_db-20260830-231755.json",""
"bab-sit-saq-appweb-start-01","ststv2_saqar-sit_vms_Scheduled_start","2","DASAQAPWSSWV2;DASAQWBWSSWV1","Success","C:\On-Prem-to-cloud-migration\New-Repo\BAB_CloudOps\BAB_CloudOps-Ankoji\Azure-Scripts\logic-apps\rename-logicapps\BAB-LogicApp-Backups\ststv2_saqar-sit_vms_Scheduled_start-20260830-231806.json",""
"bab-sit-saq-db-start-01","ststv2_saqar-sit_vms_Scheduled_start","1","DASAQDBORSLV01","Success","C:\On-Prem-to-cloud-migration\New-Repo\BAB_CloudOps\BAB_CloudOps-Ankoji\Azure-Scripts\logic-apps\rename-logicapps\BAB-LogicApp-Backups\ststv2_saqar-sit_vms_Scheduled_start-20260830-231822.json",""
"bab-sit-scf-appweb-start-01","ststv2_scf_sit_vms_Scheduled_start","1","DASCFWBISSWV01","Success","C:\On-Prem-to-cloud-migration\New-Repo\BAB_CloudOps\BAB_CloudOps-Ankoji\Azure-Scripts\logic-apps\rename-logicapps\BAB-LogicApp-Backups\ststv2_scf_sit_vms_Scheduled_start-20260830-231845.json",""
"bab-sit-scf-db-start-01","ststv2_scf_sit_vms_Scheduled_start","1","DASCFDBSQSWV01","Success","C:\On-Prem-to-cloud-migration\New-Repo\BAB_CloudOps\BAB_CloudOps-Ankoji\Azure-Scripts\logic-apps\rename-logicapps\BAB-LogicApp-Backups\ststv2_scf_sit_vms_Scheduled_start-20260830-231859.json",""
"bab-sit-sde-appweb-start-01","bab-sde-sit_vms_Scheduled_start","1","DASDEAPPSWV1","Success","C:\On-Prem-to-cloud-migration\New-Repo\BAB_CloudOps\BAB_CloudOps-Ankoji\Azure-Scripts\logic-apps\rename-logicapps\BAB-LogicApp-Backups\bab-sde-sit_vms_Scheduled_start-20260830-231911.json",""
"bab-sit-sde-db-start-01","bab-sde-sit_db_Scheduled_start","1","DASDESDBSQSWV1","Success","C:\On-Prem-to-cloud-migration\New-Repo\BAB_CloudOps\BAB_CloudOps-Ankoji\Azure-Scripts\logic-apps\rename-logicapps\BAB-LogicApp-Backups\bab-sde-sit_db_Scheduled_start-20260830-231925.json",""
"bab-sit-shareddb-db-start-01","ststv2_shared-db_sit_vms_Scheduled_start","1","DAENTDBSQSWV1","Success","C:\On-Prem-to-cloud-migration\New-Repo\BAB_CloudOps\BAB_CloudOps-Ankoji\Azure-Scripts\logic-apps\rename-logicapps\BAB-LogicApp-Backups\ststv2_shared-db_sit_vms_Scheduled_start-20260830-231942.json",""
"bab-sit-shp-appweb-start-01","ststv2_sit_shp_vms_Scheduled_start","2","DABABAPSPSWV1;DABABWBSPSWV1","Success","C:\On-Prem-to-cloud-migration\New-Repo\BAB_CloudOps\BAB_CloudOps-Ankoji\Azure-Scripts\logic-apps\rename-logicapps\BAB-LogicApp-Backups\ststv2_sit_shp_vms_Scheduled_start-20260830-231955.json",""
"bab-sit-sme-appweb-start-01","ststv2_vms_Scheduled_start_sme","1","DASMEWBSLV1","Success","C:\On-Prem-to-cloud-migration\New-Repo\BAB_CloudOps\BAB_CloudOps-Ankoji\Azure-Scripts\logic-apps\rename-logicapps\BAB-LogicApp-Backups\ststv2_vms_Scheduled_start_sme-20260830-232012.json",""
"bab-sit-sme-loan-appweb-start-01","ststv2_vms_Scheduled_start_sme","1","DASMEWBMSSLV1","Success","C:\On-Prem-to-cloud-migration\New-Repo\BAB_CloudOps\BAB_CloudOps-Ankoji\Azure-Scripts\logic-apps\rename-logicapps\BAB-LogicApp-Backups\ststv2_vms_Scheduled_start_sme-20260830-232030.json",""
"bab-sit-smsgw-appweb-start-01","bab-smsgw-sit_vms_Scheduled_app","1","DASMSGWCOIWV2","Success","C:\On-Prem-to-cloud-migration\New-Repo\BAB_CloudOps\BAB_CloudOps-Ankoji\Azure-Scripts\logic-apps\rename-logicapps\BAB-LogicApp-Backups\bab-smsgw-sit_vms_Scheduled_app-20260830-232045.json",""
"bab-sit-smsgw-db-start-01","bab-smsgw-sit_vms_Scheduled_db","1","DASMSGWDBIWV1","Success","C:\On-Prem-to-cloud-migration\New-Repo\BAB_CloudOps\BAB_CloudOps-Ankoji\Azure-Scripts\logic-apps\rename-logicapps\BAB-LogicApp-Backups\bab-smsgw-sit_vms_Scheduled_db-20260830-232118.json",""
"bab-sit-sss-db-start-01","bab-sss-sit_vms_Scheduled_start","1","DASOSDBSQTWV1","Success","C:\On-Prem-to-cloud-migration\New-Repo\BAB_CloudOps\BAB_CloudOps-Ankoji\Azure-Scripts\logic-apps\rename-logicapps\BAB-LogicApp-Backups\bab-sss-sit_vms_Scheduled_start-20260830-232140.json",""
"bab-sit-tos-appweb-start-01","bab-tos-sit_vms_Scheduled_start","4","DATOSAPSWV1;DATOSAPSWV2;DATOSAPSWV3;DATOSAPSWV4","Success","C:\On-Prem-to-cloud-migration\New-Repo\BAB_CloudOps\BAB_CloudOps-Ankoji\Azure-Scripts\logic-apps\rename-logicapps\BAB-LogicApp-Backups\bab-tos-sit_vms_Scheduled_start-20260830-232156.json",""
"bab-sit-vnv-appweb-start-01","bab_vnv_sit_vms_Scheduled_appweb","1","DAVNVAPSWV1","Success","C:\On-Prem-to-cloud-migration\New-Repo\BAB_CloudOps\BAB_CloudOps-Ankoji\Azure-Scripts\logic-apps\rename-logicapps\BAB-LogicApp-Backups\bab_vnv_sit_vms_Scheduled_appweb-20260830-232207.json",""
"bab-sit-vnv-db-start-01","bab_vnv_sit_vms_Scheduled_db","1","DAVNVDBSQSWV1","Success","C:\On-Prem-to-cloud-migration\New-Repo\BAB_CloudOps\BAB_CloudOps-Ankoji\Azure-Scripts\logic-apps\rename-logicapps\BAB-LogicApp-Backups\bab_vnv_sit_vms_Scheduled_db-20260830-232217.json",""
"bab-sit-was-appweb-start-01","bab-was-sit_vms_Scheduled_start","7","DAIBGAPDMILV1;DAIBGAPWSILV1;DAIBGAPWSILV2;DAIBGWBWSIWV1;DABIBADLDSWV1;DAIBGADLDSWV1;DAIBGADLDTWV1","Success","C:\On-Prem-to-cloud-migration\New-Repo\BAB_CloudOps\BAB_CloudOps-Ankoji\Azure-Scripts\logic-apps\rename-logicapps\BAB-LogicApp-Backups\bab-was-sit_vms_Scheduled_start-20260830-232252.json",""
