bab-dev-dgpdpl-bigid-privacy-01|StatefulSet/pp-rabbitmq	1	0.000000	0.000000	0	1
openshift-image-registry|DaemonSet/node-ca	13	0.130000	0.000000	1	1
bab-dev-cp4i|ReplicaSet/ibm-appconnect-operator-6fd97d6b77	1	0.100000	0.120000	0	1
babamldev|ReplicaSet/sas-report-renderers-78479fc86f	1	0.100000	0.400000	1	0
babamldev|ReplicaSet/sas-analytics-gateway-ccfcbbfd5	1	0.050000	1.000000	1	0
openshift-monitoring|StatefulSet/alertmanager-main	2	0.018000	0.220000	0	1
bab-dev-baasplatform-apps-01|ReplicaSet/baas-sdk-manager-api-runtime-79dd6f55fd	1	0.250000	1.000000	0	1
istio-dev|ReplicaSet/istio-ingressgateway-7cb678748c	1	0.010000	0.120000	0	1
openshift-logging|ReplicaSet/lokistack-query-frontend-6f888bd767	2	2.000000	2.000000	0	1
openshift-keda|ReplicaSet/keda-operator-57fc5dbfdd	1	0.100000	0.090000	0	1
bab-dev-cp4i|StatefulSet/apic-dev-a7s-ingestion	1	0.175000	7.000000	0	1
openshift-multus|DaemonSet/network-metrics-daemon	13	0.260000	1.430000	1	1
bab-azure-devops-agents|ReplicaSet/azure-devops-agents-nonprod-enjaz-website-77bbc5df7d	1	0.500000	1.000000	0	1
babamldev|ReplicaSet/sas-microanalytic-score-59547bd465	1	0.500000	0.690000	1	0
openshift-logging|ReplicaSet/lokistack-gateway-7798cb7d7b	2	1.000000	0.960000	0	1
bab-dev-web-baas|ReplicaSet/utility-service-689f58d9f	1	0.300000	0.500000	0	1
babamldev|ReplicaSet/sas-discovery-services-68bd79844d	1	0.500000	0.480000	1	0
babamldev|ReplicaSet/sas-landing-app-9f6ccbfcf	1	0.050000	0.040000	1	0
bab-dev-web-baas|ReplicaSet/retail-onboarding-77966944f5	1	0.300000	0.500000	0	1
bab-dev-cp4i|ReplicaSet/apic-dev-mgmt-portal-proxy-674bc94cf9	1	0.008000	0.120000	0	1
bab-dev-newbib|ReplicaSet/arxwebapp-74967c8bc9	1	0.000000	0.000000	0	1
bab-dev-cp4i|ReplicaSet/apic-dev-mgmt-analytics-proxy-7c88954b6c	1	0.040000	0.120000	0	1
cert-manager|ReplicaSet/cert-manager-webhook-677c55886d	1	0.000000	0.000000	0	1
projectsha|ReplicaSet/web-app-86b5ccb5cd	2	0.000000	0.000000	0	1
open-cluster-management-agent-addon|ReplicaSet/cluster-proxy-proxy-agent-85b6875c5	1	0.000000	0.000000	0	1
bab-dev-cp4i|ReplicaSet/cert-manager-operator-controller-manager-64c45db57d	1	0.010000	0.030000	0	1
babamldev|ReplicaSet/sas-svi-datahub-646c4bd57	1	0.050000	0.630000	1	0
bab-dev-observe|ReplicaSet/tempo-dev-tempo-query-frontend-5598cb8f7f	1	0.072000	0.050000	0	1
bab-dev-cp4i|ReplicaSet/dummy-is-86b69f5c45	1	0.300000	0.350000	0	1
bab-dev-baasplatform-apps-01|ReplicaSet/igcb-itur-api-pulse-65f7b9c797	1	0.250000	0.970000	0	1
bab-dev-dgpdpl-bigid-privacy-01|StatefulSet/pp-redis-node	1	0.200000	0.250000	0	1
bab-dev-rpa-apps-01|ReplicaSet/platform-license-resource-manager-worker-74846f8fb9	2	0.220000	1.800000	1	1
bab-dev-rpa-apps-01|ReplicaSet/platform-license-accountant-76f498d745	2	1.220000	1.800000	1	0
babamldev|ReplicaSet/sas-model-publish-74c688595f	1	0.100000	0.080000	1	0
babamldev|ReplicaSet/sas-studio-58486ddb86	1	0.100000	0.080000	1	0
cert-manager-operator|ReplicaSet/cert-manager-operator-controller-manager-6445ff8959	1	0.010000	0.030000	0	1
bab-dev-observe|ReplicaSet/tempo-dev-tempo-querier-74f9774db	1	0.054000	0.120000	0	1
bab-dev-baasplatform-apps-01|ReplicaSet/igcb-itur-ui-pulse-95b9b7f98	1	0.200000	0.240000	0	1
uipath-argocd|ReplicaSet/argocd-dex-server-7bb84465d4	1	0.250000	0.120000	0	1
bab-dev-web-baas|ReplicaSet/shorten-url-ms-74b585cd97	1	0.300000	0.500000	0	1
babamldev|ReplicaSet/sas-lineage-app-7cd94fbd77	1	0.050000	0.040000	1	0
bab-dev-baasplatform-apps-01|ReplicaSet/igcb-sdk-runtime-api-sb-778898bb87	1	0.250000	1.000000	0	1
babamldev|ReplicaSet/sas-analytics-events-84849cbfcd	1	0.100000	0.080000	1	0
babamldev|ReplicaSet/sas-data-quality-services-6d7b7f54b6	1	0.100000	0.090000	1	0
bab-dev-baasplatform-apps-01|ReplicaSet/igcb-itur-api-sb-analytics-f9944bcdf	1	0.250000	0.970000	0	1
bab-dev-rpa-apps-01|ReplicaSet/ai-helper-deployment-84d899c857	2	0.620000	4.240000	1	0
bab-dev-cp4i|ReplicaSet/apic-dev-a7s-mtls-gw-65f7b8ddf7	1	0.100000	0.120000	0	1
bab-dev-baasplatform-apps-01|ReplicaSet/igcb-arx22-al-5746c8ddc	1	0.200000	0.240000	0	1
bab-dev-cp4i|Job/apic-dev-mgmt-analytics-push-29769555	1	0.050000	0.250000	0	1
bab-dev-baasplatform-apps-01|ReplicaSet/igcb-itur-runtime-54d658cc	1	0.250000	1.500000	0	1
bab-dev-rpa-apps-01|ReplicaSet/platform-portal-7d46cf498	2	0.820000	0.820000	1	0
bab-dev-web-baas|ReplicaSet/sme-loan-app-6ddb659b9b	1	0.300000	0.500000	0	1
openshift-operators|DaemonSet/istio-cni-node-v2-6	13	0.130000	1.170000	1	1
openshift-cluster-observability-operator|ReplicaSet/distributed-tracing-698b7fbdd7	1	0.000000	0.000000	0	1
bab-dev-web-baas|ReplicaSet/otel-collector-5fc799f7f8	1	0.000000	0.000000	0	1
openshift-machine-config-operator|DaemonSet/machine-config-daemon	13	0.520000	1.170000	1	1
bab-dev-observe|ReplicaSet/tempo-dev-tempo-gateway-79766cdf9d	1	0.036000	0.040000	0	1
babamldev|ReplicaSet/sas-search-6b996c7b5d	1	0.100000	0.080000	1	0
bab-dev-web-baas|ReplicaSet/abb-card-statement-service-777d5bdd76	1	0.300000	0.500000	0	1
bab-dev-web-baas|ReplicaSet/abb-account-statement-service-5ffb5766fb	1	0.300000	0.500000	0	1
bab-dev-dgpdpl-bigid-01|ReplicaSet/bigid-ml-worker-84f96f8799	1	0.500000	0.480000	0	1
bab-dev-web-baas|ReplicaSet/abb-account-statement-service-amr-tarek-7fd95b5c44	1	0.300000	0.500000	0	1
babamldev|ReplicaSet/sas-cas-control-57bf95d7	1	0.050000	0.040000	1	0
bab-dev-newbib|ReplicaSet/cpadminservicescbx-784b897fb9	1	0.000000	0.000000	0	1
babamldev|ReplicaSet/sas-readiness-69d8544fb8	1	0.050000	0.040000	1	0
open-cluster-management-agent-addon|ReplicaSet/klusterlet-addon-search-5b58448dc9	1	0.000000	0.120000	0	1
openshift-keda|ReplicaSet/keda-admission-6d47b6c4d5	1	0.100000	0.090000	0	1
babamldev|ReplicaSet/sas-transformations-5cb966db9	1	0.050000	0.600000	1	0
bab-dev-baasplatform-apps-01|ReplicaSet/baas-turmeric-b2b-runtime-8646d9fdff	1	0.250000	1.000000	0	1
bab-dev-rpa-apps-01|ReplicaSet/du-documentmanager-dm-5bbc767787	3	0.750000	1.380000	1	0
babamldev|ReplicaSet/sas-svi-indexer-588b8b754f	1	0.050000	0.630000	1	0
bab-dev-newbib|ReplicaSet/entlwebcbx-689d9c496c	1	0.000000	0.000000	0	1
bab-dev-rpa-apps-01|ReplicaSet/orchestrator-7cc89fc9d4	2	2.020000	4.240000	1	0
bab-azure-devops-agents|ReplicaSet/azure-devops-agents-srvnow-78cd847bb8	1	0.500000	1.000000	0	1
babamldev|ReplicaSet/sas-connect-spawner-656c669db6	1	0.075000	0.120000	1	0
bab-azure-devops-agents|ReplicaSet/azure-devops-agent-java-microservices-78b69b7947	1	0.500000	1.000000	0	1
openshift-cluster-csi-drivers|DaemonSet/azure-file-csi-driver-node	13	0.390000	1.820000	1	1
openshift-operators|ReplicaSet/istio-operator-6c4457bd4d	1	0.000000	0.000000	0	1
bab-dev-k8s-secrets-store-csi|DaemonSet/azure-csi-provider-csi-secrets-store-provider-azure	13	0.650000	1.170000	1	1
bab-dev-cp4i|ReplicaSet/apic-dev-mgmt-lur-84996fbd7f	1	0.020000	0.120000	0	1
bab-dev-baasplatform-apps-01|ReplicaSet/igcb-itur-api-analytics-7f8bb5d967	1	0.250000	0.970000	0	1
openshift-gitops|ReplicaSet/kam-6fd58b8d87	1	0.250000	0.120000	0	1
openshift-cluster-observability-operator|ReplicaSet/obo-prometheus-operator-5488cd68d5	1	0.005000	0.140000	0	1
babamldev|ReplicaSet/sas-analytics-execution-84d7d47858	1	0.100000	0.080000	1	0
openshift-logging|DaemonSet/collector	13	6.500000	0.780000	1	1
bab-dev-baasplatform-apps-01|ReplicaSet/igcb-itur-ui-mpp-648cf775cc	1	0.200000	0.240000	0	1
bab-azure-devops-agents|ReplicaSet/azure-devops-agent-dev-sql-5b688d5d8d	1	0.500000	1.000000	0	1
babamldev|ReplicaSet/sas-aml-core-79d8bc4	1	0.050000	0.600000	1	0
babamldev|ReplicaSet/sas-workflow-manager-app-848d76b5d8	1	0.050000	0.040000	1	0
devops-gitops|ReplicaSet/openshift-gitops-applicationset-controller-77856b774b	1	0.250000	0.500000	0	1
babamldev|ReplicaSet/sas-job-execution-app-6f9ccdd567	1	0.050000	0.040000	1	0
babamldev|ReplicaSet/sas-report-distribution-77fc8b746d	1	0.100000	0.080000	1	0
bab-dev-cp4i|ReplicaSet/ibm-integration-platform-navigator-operator-7955dfb7d	1	0.200000	1.000000	0	1
openshift-cluster-csi-drivers|DaemonSet/azure-disk-csi-driver-node	13	0.390000	1.820000	1	1
bab-azure-devops-agents|ReplicaSet/azure-devops-agent-bib-77cc75bfc6	1	0.500000	1.000000	0	1
openshift-ovn-kubernetes|DaemonSet/ovnkube-node	13	1.105000	20.930000	1	1
istio-dev|ReplicaSet/grafana-5db97f79d	1	0.020000	0.250000	0	1
bab-dev-rpa-apps-01|ReplicaSet/du-digitizer-cleanup-66bfd5bcfc	1	0.500000	0.250000	0	1
openshift-marketplace|CatalogSource/redhat-operators	1	0.010000	0.040000	0	1
openshift-cluster-observability-operator|ReplicaSet/obo-prometheus-operator-admission-webhook-855fdf4479	2	0.100000	0.080000	0	1
bab-dev-baasplatform-apps-01|ReplicaSet/igcb-itur-ui-sdk-ui-manager-748975bbf6	1	0.200000	0.240000	0	1
bab-dev-cp4i|StatefulSet/apic-dev-mgmt-s3proxy	1	0.080000	0.040000	0	1
bab-dev-cp4i|ReplicaSet/apic-dev-mgmt-websocket-proxy-c6849554	1	0.020000	0.120000	0	1
devops-gitops|ReplicaSet/openshift-gitops-server-5df76f9796	1	0.125000	0.120000	0	1
open-cluster-management-agent|ReplicaSet/klusterlet-74588f4589	1	0.050000	0.060000	0	1
bab-dev-web-baas|ReplicaSet/active-directory-service-57586ff94c	1	0.000000	0.000000	0	1
babamldev|ReplicaSet/sas-data-sources-6cb6ff5ff8	1	0.100000	0.080000	1	0
babamldev|ReplicaSet/sas-authorization-54f48588b7	1	0.050000	1.000000	1	0
babamldev|ReplicaSet/sas-document-generator-adapter-6bf5fb69d4	1	0.050000	0.600000	1	0
openshift-cloud-controller-manager|DaemonSet/azure-cloud-node-manager	13	0.650000	0.520000	1	1
openshift-tempo-operator|ReplicaSet/tempo-operator-controller-999b66b69	1	0.100000	0.060000	0	1
openshift-machine-config-operator|Node/bab-dev-aro-01-zm4qv-worker-swec-10-62m4m	1	0.020000	0.040000	1	0
bab-dev-rpa-apps-01|ReplicaSet/aistorage-c6ffd7495	2	1.000000	2.000000	1	0
bab-dev-baasplatform-apps-01|ReplicaSet/igcb-itur-ui-studio-5bb85c6479	1	0.250000	0.240000	0	1
openshift-logging|ReplicaSet/lokistack-querier-6f67f687bb	2	3.000000	6.000000	0	1
bab-azure-devops-agents|ReplicaSet/azure-devops-agent-ibm-55cd7bd5b7	2	1.000000	2.000000	0	1
devops-gitops|ReplicaSet/openshift-gitops-repo-server-5846446c9	1	0.250000	0.250000	0	1
bab-dev-cp4i|StatefulSet/apic-dev-a7s-storage	1	0.225000	6.000000	0	1
bab-dev-rpa-apps-01|ReplicaSet/identity-service-web-848d457d47	2	0.120000	0.340000	1	0
open-cluster-management-agent-addon|ReplicaSet/klusterlet-addon-workmgr-76f4cd9c88	1	0.000000	0.120000	0	1
bab-dev-cp4i|ReplicaSet/apic-dev-mgmt-juhu-77c886756c	1	0.030000	0.180000	0	1
babamldev|ReplicaSet/sas-data-server-operator-f7f48bdc9	1	0.050000	0.040000	1	0
bab-dev-web-baas|ReplicaSet/branch-app-ui-845b765b4f	1	0.300000	0.500000	0	1
bab-dev-cp4i|ReplicaSet/mq-test-is-844786764d	1	0.500000	0.500000	0	1
openshift-dns|DaemonSet/dns-default	8	0.480000	0.800000	0	1
bab-dev-cp4i|ReplicaSet/apic-dev-mgmt-apim-ff9b7f957	1	0.200000	0.120000	0	1
openshift-monitoring|ReplicaSet/prometheus-adapter-84c755f474	2	0.002000	0.060000	0	1
bab-azure-devops-agents|ReplicaSet/azure-devops-agent-tosca-788c948794	2	1.000000	2.000000	0	1
babamldev|ReplicaSet/sas-file-store-867df6cdf	1	0.100000	0.080000	1	0
bab-dev-newbib|ReplicaSet/paymentsonboardingservice-684c86599c	1	0.000000	0.000000	0	1
babamldev|ReplicaSet/sas-ml-pipeline-automation-86bc8c89c5	1	0.100000	0.080000	1	0
cs-control|ReplicaSet/ibm-common-service-webhook-cc44fdb7	1	0.200000	0.250000	0	1
bab-dev-newbib|ReplicaSet/ofapplication-75bf978564	1	0.000000	0.000000	0	1
openshift-machine-config-operator|Node/bab-dev-aro-01-zm4qv-worker-swec-05-rwr4r	1	0.020000	0.040000	0	1
bab-dev-rpa-apps-01|ReplicaSet/du-digitizer-54457f6f9	2	1.000000	2.000000	1	1
bab-dev-dgpdpl-bigid-01|ReplicaSet/bigid-remediation-ui-bff-77c565db78	1	0.250000	1.000000	0	1
rmbdev|ReplicaSet/kony-fabric-identity-6b685f579f	1	0.200000	0.930000	0	1
bab-dev-cp4i|ReplicaSet/postgresql-operator-controller-manager-1-22-8-5d6765d5d4	1	0.500000	0.190000	0	1
openshift-opentelemetry-operator|ReplicaSet/opentelemetry-operator-controller-manager-67f54d98f4	1	0.105000	0.120000	0	1
bab-dev-newbib|ReplicaSet/cbxflash-66ccff47b6	1	0.000000	0.000000	0	1
bab-dev-newbib|ReplicaSet/statementservicescbx-69b5bc86bc	1	0.000000	0.000000	0	1
babamldev|ReplicaSet/sas-localization-6c777fdd5	1	0.100000	0.080000	1	0
babamldev|ReplicaSet/sas-svi-feature-66c9db89b	1	0.050000	0.630000	1	0
babamldev|ReplicaSet/sas-workflow-history-7486f485bb	1	0.050000	0.600000	1	0
openshift-monitoring|StatefulSet/prometheus-k8s	2	0.150000	2.140000	0	1
bab-dev-newbib|ReplicaSet/paymentsinquiryservice-7bdcb5958b	1	0.000000	0.000000	0	1
bab-dev-newbib|ReplicaSet/dtbwebappcbx-746bf59776	1	0.000000	0.000000	0	1
bab-dev-newbib|ReplicaSet/paymentservice-58577bb4b5	1	0.000000	0.000000	0	1
babamldev|ReplicaSet/sas-webhooks-5b749cb45d	1	0.100000	0.080000	1	0
bab-dev-dgpdpl-bigid-01|ReplicaSet/data-retention-ui-service-b57b4dcd	1	0.100000	0.250000	0	1
openshift-monitoring|ReplicaSet/openshift-state-metrics-7b754dcf96	1	0.003000	0.070000	0	1
bab-azure-devops-agents|Job/ado-agent-cortex-dev-n5r29	1	1.000000	2.000000	0	1
babamldev|ReplicaSet/sas-workflow-engine-756778cbb4	1	0.050000	0.600000	1	0
bab-dev-newbib|ReplicaSet/pncweb-c6b55b5bc	1	0.000000	0.000000	0	1
bab-dev-baasplatform-apps-01|ReplicaSet/igcb-sdk-runtime-7fc6bf5464	1	0.250000	1.000000	0	1
openshift-console|ReplicaSet/downloads-57fdb7d4dd	2	0.020000	0.080000	0	1
openshift-network-diagnostics|ReplicaSet/network-check-source-7d888447b4	1	0.010000	0.030000	0	1
babamldev|ReplicaSet/sas-job-execution-54988fdddb	1	0.050000	0.600000	1	0
openshift-kube-storage-version-migrator|ReplicaSet/migrator-56cff8468d	1	0.010000	0.190000	0	1
bab-dev-cp4i|ReplicaSet/get-billers-list-is-64cddb98	1	0.500000	0.500000	0	1
bab-dev-newbib|ReplicaSet/producttourcbx-758d6c656b	1	0.000000	0.000000	0	1
openshift-gitops|ReplicaSet/openshift-gitops-dex-server-7f7fc9b55c	1	0.250000	0.120000	0	1
babamldev|ReplicaSet/sas-formats-6598c846df	1	0.850000	0.050000	1	0
bab-dev-cp4i|StatefulSet/apic-dev-gw	1	1.000000	8.000000	0	1
bab-dev-cp4i|ReplicaSet/ibm-mq-operator-6bc6fd547d	1	1.000000	1.000000	0	1
bab-dev-web-baas|ReplicaSet/statement-integrator-service-65fd9cb648	1	0.300000	0.500000	0	1
bab-dev-rpa-apps-01|ReplicaSet/ai-pkgmanager-deployment-6ff68b4f7b	2	0.620000	2.240000	1	0
openshift-image-registry|ReplicaSet/image-registry-6b5cdbd979	2	0.200000	0.500000	0	1
istio-dev|ReplicaSet/istio-egressgateway-647c85ffbb	1	0.010000	0.120000	0	1
bab-dev-rpa-apps-01|ReplicaSet/9aae22bb-4b8a-431f-8685-5b90eb13e509-22-977cf4ff9	1	0.600000	2.090000	1	0
openshift-machine-config-operator|Node/bab-dev-aro-01-zm4qv-worker-rpa-swec-02-s9mnt	1	0.020000	0.040000	1	0
istio-dev|ReplicaSet/istiod-basic-f598c767f	1	0.010000	0.120000	0	1
bab-dev-web-baas|ReplicaSet/tanfeeth-report-poller-6f88db9f75	1	0.300000	0.500000	0	1
bab-dev-newbib|ReplicaSet/ofscheduler-cfd6cc8cc	1	0.800000	1.860000	0	1
devops-gitops|ReplicaSet/openshift-gitops-dex-server-dcb546f49	1	0.250000	0.120000	0	1
bab-azure-devops-agents|ReplicaSet/azure-devops-agent-baas-5dfd688444	2	1.000000	2.000000	0	1
babamldev|ReplicaSet/sas-office-addin-app-64c5879b54	1	0.050000	0.040000	1	0
bab-dev-cp4i|ReplicaSet/ibm-apiconnect-7f5b79fd65	1	0.075000	0.120000	0	1
babamldev|ReplicaSet/sas-environment-manager-app-85c85d5d45	1	0.050000	0.040000	1	0
bab-dev-web-baas|ReplicaSet/auth-service-54b4bcb84b	1	0.300000	0.500000	0	1
openshift-monitoring|ReplicaSet/monitoring-plugin-6865b86574	2	0.020000	0.080000	0	1
bab-dev-rpa-apps-01|ReplicaSet/pushgateway-prometheus-pushgateway-78cff4c854	1	0.040000	0.050000	1	0
babamldev|ReplicaSet/sas-studio-development-7df76bc6bb	1	0.050000	0.040000	1	0
bab-dev-dgpdpl-bigid-01|ReplicaSet/ucapi-nginx-reverse-proxy-5c95d4d489	1	0.000000	0.000000	0	1
babamldev|ReplicaSet/sas-connect-7b9d7676f	1	0.100000	0.080000	1	0
ibm-common-services|ReplicaSet/secretshare-77587874d6	1	0.200000	0.190000	0	1
openshift-cluster-observability-operator|ReplicaSet/logging-7f8f7cd59d	1	0.000000	0.000000	0	1
openshift-keda|ReplicaSet/keda-metrics-apiserver-74f5dc44dd	1	0.100000	0.090000	0	1
babamldev|ReplicaSet/sas-analytics-resources-f54d84c9d	1	0.100000	0.290000	1	0
babamldev|ReplicaSet/sas-identities-7c7fcc4954	1	0.050000	0.600000	1	0
bab-dev-rpa-apps-01|ReplicaSet/platform-authorization-service-588889fb64	2	0.220000	1.420000	1	0
bab-dev-rpa-apps-01|ReplicaSet/platform-resource-catalog-service-559d7d5cb9	2	0.220000	1.800000	1	0
bab-dev-newbib|ReplicaSet/arxidam-7bb9dd4df5	1	0.000000	0.000000	0	1
bab-dev-rpa-apps-01|ReplicaSet/ai-trainer-deployment-68b76c8744	2	0.620000	4.240000	1	0
openshift-gitops|ReplicaSet/openshift-gitops-redis-5d8649784b	1	0.250000	0.120000	0	1
bab-dev-baasplatform-apps-01|ReplicaSet/igcb-itur-api-billing-7f678c7b7c	1	0.250000	0.970000	0	1
babamldev|ReplicaSet/sas-feature-flags-574744965f	1	0.100000	0.080000	1	0
openshift-gitops|StatefulSet/openshift-gitops-application-controller	1	0.250000	1.000000	0	1
babamldev|ReplicaSet/sas-web-assets-f89f98c69	1	0.500000	0.730000	1	0
babamldev|ReplicaSet/sas-audit-bf6b9b44c	1	0.100000	0.080000	1	0
babamldev|ReplicaSet/sas-compute-84f6bbc7f9	1	0.100000	0.080000	1	0
istio-dev|ReplicaSet/prometheus-6cbb969755	1	0.120000	0.290000	0	1
babamldev|ReplicaSet/sas-treatment-definitions-7b6dcfd4f8	1	0.050000	0.600000	1	0
openshift-machine-config-operator|Node/bab-dev-aro-01-zm4qv-worker-swec-04-25fmv	1	0.020000	0.040000	0	1
bab-dev-rpa-apps-01|ReplicaSet/du-provisioning-8569b48b59	2	0.220000	0.500000	1	0
openshift-monitoring|ReplicaSet/kube-state-metrics-5d5f7556bc	1	0.004000	0.100000	0	1
babamldev|ReplicaSet/sas-data-explorer-app-7859594c4b	1	0.050000	0.600000	1	0
openshift-mta|ReplicaSet/rhsso-operator-6bd84bc57b	1	0.000000	0.000000	0	1
bab-dev-rpa-apps-01|ReplicaSet/platform-location-service-7d9fd7744d	2	0.820000	1.220000	1	0
cert-manager|ReplicaSet/cert-manager-cainjector-5b5d78866b	1	0.000000	0.000000	0	1
bab-dev-baasplatform-apps-01|ReplicaSet/baas-turmeric-opb-runtime-5fb685d4f	1	0.250000	1.000000	0	1
openshift-logging|StatefulSet/lokistack-ingester	2	4.000000	16.000000	0	1
bab-dev-web-baas|ReplicaSet/mock-api-app-5cd6d77b96	1	0.300000	0.500000	0	1
mhm-dev|ReplicaSet/cont-mhm-hello-6d9b9b5f64	3	0.000000	0.000000	0	1
openshift-operators|ReplicaSet/amq-broker-controller-manager-765bdf9986	1	0.000000	0.000000	0	1
babamldev|ReplicaSet/sas-scheduler-5954cf8dd4	1	0.050000	0.600000	1	0
bab-dev-k8s-secrets-store-csi|DaemonSet/csi-secrets-store-secrets-store-csi-driver	3	0.210000	0.390000	0	1
openshift-multus|DaemonSet/multus	13	0.130000	0.780000	1	1
bab-dev-rpa-apps-01|ReplicaSet/du-extended-ocr-844f8f5c9d	2	0.040000	0.120000	1	1
q-test|ReplicaSet/bab-startup-service-dd7947fd7	1	0.000000	0.000000	0	1
uipath-argocd|ReplicaSet/argocd-redis-5c6bd8786d	1	0.250000	0.120000	0	1
babamldev|ReplicaSet/sas-decisions-framework-9d4ffb54c	1	0.050000	0.750000	1	0
default|ReplicaSet/prometheus-operator-6dcc6644f	1	0.100000	0.090000	0	1
bab-dev-newbib|ReplicaSet/paymentservicescbx-865dbbbb44	1	0.000000	0.000000	0	1
open-cluster-management-agent-addon|ReplicaSet/managed-serviceaccount-addon-agent-74799ff54c	1	0.000000	0.000000	0	1
babamldev|ReplicaSet/sas-collaboration-99bf88b7d	1	0.100000	0.080000	1	0
openshift-monitoring|ReplicaSet/thanos-querier-7bb95f775	2	0.030000	0.160000	0	1
babamldev|ReplicaSet/sas-configuration-5cd9675b6d	1	0.500000	0.040000	1	0
openshift-gitops|ReplicaSet/openshift-gitops-applicationset-controller-b8f9f84f5	1	0.250000	0.500000	0	1
open-cluster-management-agent-addon|ReplicaSet/application-manager-577fc8b84b	1	0.000000	0.250000	0	1
babamldev|ReplicaSet/sas-import-9-55b8f4cc85	1	0.050000	1.000000	1	0
openshift-network-diagnostics|DaemonSet/network-check-target	13	0.130000	0.130000	1	1
babamldev|ReplicaSet/sas-data-agent-services-745745f597	1	0.050000	0.040000	1	0
open-cluster-management-agent|ReplicaSet/klusterlet-agent-c6d8bb444	3	0.006000	0.030000	0	1
kube-system|ReplicaSet/sealed-secrets-controller-ffbdcc645	1	0.000000	0.000000	0	1
babamldev|ReplicaSet/sas-text-analytics-data-659f4c7c74	1	0.050000	0.040000	1	0
bab-dev-cp4i|ReplicaSet/integration-navigator-ibm-inte-3c22-deployment-57bcbc486f	1	1.000000	1.000000	0	1
babamldev|ReplicaSet/sas-catalog-services-7496d5cdbb	1	0.500000	0.480000	1	0
openshift-cluster-node-tuning-operator|DaemonSet/tuned	13	0.130000	0.520000	1	1
babamldev|ReplicaSet/sas-model-studio-app-8f46f5d45	1	0.050000	0.040000	1	0
openshift-dns|DaemonSet/node-resolver	13	0.065000	0.260000	1	1
bab-dev-observe|ReplicaSet/dev-baas-collector-5c6ddb9468	1	0.000000	0.000000	0	1
bab-dev-rpa-apps-01|ReplicaSet/platform-messagebus-service-5d45cdf5bc	10	1.100000	9.000000	1	1
bab-dev-rpa-apps-01|ReplicaSet/aimetering-5fbbb6b4b4	5	0.550000	1.100000	1	1
bab-dev-newbib|ReplicaSet/paymentsalertservice-69ccf89f68	1	0.000000	0.000000	0	1
babamldev|ReplicaSet/sas-device-management-55894d74d5	1	0.100000	0.080000	1	0
bab-dev-rpa-apps-01|ReplicaSet/identity-service-api-669c7678bd	2	1.220000	2.000000	1	0
rhacs-operator|ReplicaSet/rhacs-operator-controller-manager-6f7cb6dd5d	1	0.100000	0.190000	0	1
bab-dev-web-baas|ReplicaSet/statement-manager-service-577df64484	1	0.300000	0.500000	0	1
babamldev|ReplicaSet/sas-transfer-5f4c887f84	1	0.050000	0.600000	1	0
babamldev|ReplicaSet/sas-data-flows-6549b66bb7	1	0.100000	0.080000	1	0
bab-dev-dgpdpl-bigid-privacy-01|ReplicaSet/pp-bigidme-connectors-manager-67d97fdf99	1	1.000000	1.460000	0	1
babamldev|ReplicaSet/sas-svi-data-export-57bbfd69b8	1	0.050000	0.600000	1	0
openshift-azure-logging|DaemonSet/otel-exporter-worker	13	0.130000	3.120000	1	1
bab-dev-cp4i|StatefulSet/apic-dev-mgmt-natscluster	1	0.040000	0.010000	0	1
babamldev|ReplicaSet/sas-model-repository-7d78bbf44c	1	0.100000	0.080000	1	0
bab-dev-web-baas|ReplicaSet/statement-poller-59f8c94f4d	1	0.300000	0.500000	0	1
babamldev|ReplicaSet/sas-cas-operator-576fb96b5d	1	0.050000	0.040000	1	0
babamldev|ReplicaSet/sas-arke-7c6b6c56c8	1	0.050000	0.040000	1	0
openshift-marketplace|CatalogSource/redhat-marketplace	1	0.010000	0.040000	0	1
babamldev|ReplicaSet/sas-code-debugger-app-7dfd4c67d5	1	0.050000	0.040000	1	0
babamldev|ReplicaSet/sas-code-debugger-9dc6886b4	1	0.050000	0.040000	1	0
bab-dev-rpa-apps-01|ReplicaSet/du-frontend-6496865f75	2	0.220000	0.420000	1	0
babamldev|ReplicaSet/sas-svi-vsd-service-5bb9f5b4c9	1	0.050000	0.600000	1	0
bab-dev-observe|ReplicaSet/tempo-dev-tempo-distributor-b85899fbc	1	0.156000	0.090000	0	1
babamldev|ReplicaSet/sas-credentials-998489b5f	1	0.050000	0.600000	1	0
babamldev|StatefulSet/sas-redis-server	2	0.100000	0.580000	1	0
openshift-mta|ReplicaSet/mta-ui-6d87b9c459	1	0.100000	0.340000	0	1
bab-dev-rpa-apps-01|ReplicaSet/ai-deployer-deployment-b69d5c9d7	2	0.620000	4.240000	1	0
bab-dev-rpa-apps-01|ReplicaSet/demo-app-79f774f96f	1	0.010000	0.000000	1	0
openshift-marketplace|CatalogSource/community-operators-new	1	0.010000	0.040000	0	1
bab-dev-cp4i|ReplicaSet/apic-dev-a7s-director-55fd4f8f78	1	0.050000	0.120000	0	1
bab-dev-web-baas|ReplicaSet/mongo-db-handler-87489c4c8	1	0.300000	0.500000	0	1
bab-dev-cp4i|ReplicaSet/apic-dev-mgmt-analytics-ui-54786d94d	1	0.020000	0.060000	0	1
openshift-user-workload-monitoring|StatefulSet/prometheus-user-workload	2	0.410000	4.100000	0	1
babamldev|ReplicaSet/sas-geography-6959584c7c	1	0.100000	0.080000	1	0
bab-dev-newbib|ReplicaSet/paymentschargesservice-7fdc6fd4fc	1	0.000000	0.000000	0	1
uipath-argocd|ReplicaSet/argocd-server-544d5ffcb	1	0.125000	0.170000	0	1
openshift-monitoring|DaemonSet/node-exporter	13	0.117000	0.520000	1	1
cert-manager|ReplicaSet/cert-manager-webhook-596db5fb9c	1	0.000000	0.000000	0	1
openshift-cluster-csi-drivers|DaemonSet/csi-nfs-node	13	0.390000	0.650000	1	1
bab-dev-newbib|ReplicaSet/accountservices-5f4fdfdbb7	1	0.000000	0.000000	0	1
bab-dev-rpa-apps-01|ReplicaSet/du-services-ikc-76c44548cf	2	0.500000	2.000000	1	0
devops-gitops|StatefulSet/openshift-gitops-application-controller	1	0.250000	2.000000	0	1
babamldev|ReplicaSet/sas-redis-operator-787c8f657f	1	0.050000	0.040000	1	0
bab-dev-cp4i|ReplicaSet/apic-dev-mgmt-client-downloads-server-574994c7fd	1	0.020000	0.000000	0	1
openshift-cluster-csi-drivers|ReplicaSet/csi-nfs-controller-9b7c67967	1	0.050000	0.090000	0	1
babamldev|ReplicaSet/sas-theme-designer-app-c6ffb69c5	1	0.050000	0.040000	1	0
openshift-machine-config-operator|Node/bab-dev-aro-01-zm4qv-worker-rpa-swec-01-979xq	1	0.020000	0.040000	1	0
bab-dev-rpa-apps-01|ReplicaSet/platform-license-resource-manager-7795f6d96d	2	0.220000	1.800000	1	0
bab-dev-cp4i|ReplicaSet/operand-deployment-lifecycle-manager-87c79cc85	1	0.200000	0.190000	0	1
bab-dev-cp4i|ReplicaSet/rhbk-operator-549dbdd689	1	0.300000	0.430000	0	1
open-cluster-management-agent-addon|ReplicaSet/governance-policy-framework-646b45f88b	1	0.000000	0.060000	0	1
bab-dev-baasplatform-apps-01|ReplicaSet/igcb-arx22-launcher-678c574c4	1	0.200000	0.240000	0	1
babamldev|ReplicaSet/sas-batch-594d5f668c	1	0.100000	0.080000	1	0
bab-dev-web-baas|ReplicaSet/ldap-service-859b87466f	1	0.300000	0.500000	0	1
openshift-machine-config-operator|Node/bab-dev-aro-01-zm4qv-worker-swec-01-h4skf	1	0.020000	0.040000	0	1
babamldev|ReplicaSet/sas-visual-analytics-app-658498fcd5	1	0.100000	0.080000	1	0
openshift-azure-operator|ReplicaSet/aro-operator-worker-6b95885cc4	1	0.000000	0.000000	0	1
bab-dev-baasplatform-apps-01|ReplicaSet/igcb-arx22-web-6c6b6bd55c	1	0.200000	0.240000	0	1
bab-dev-rpa-apps-01|ReplicaSet/aievents-deploy-647b446899	5	2.500000	1.250000	1	1
babamldev|ReplicaSet/sas-decisions-55b68fcfc4	1	0.050000	0.750000	1	0
default|ReplicaSet/reloader-reloader-5755dff954	1	0.010000	0.500000	0	1
bab-dev-baasplatform-apps-01|ReplicaSet/igcb-itur-ui-sdk-ui-69d7cc585b	1	0.200000	0.240000	0	1
babamldev|ReplicaSet/sas-graph-templates-d88df4559	1	0.100000	0.080000	1	0
rmbdev|ReplicaSet/kony-fabric-apiportal-5d7b7f8577	1	0.200000	0.930000	0	1
babamldev|ReplicaSet/sas-subject-contacts-556ff8586	1	0.050000	0.600000	1	0
babamldev|ReplicaSet/sas-natural-language-generation-9895f8d79	1	0.050000	0.600000	1	0
bab-dev-cp4i|ReplicaSet/apic-dev-mgmt-ldap-5c5d9d8c7d	1	0.020000	0.060000	0	1
babamldev|CASDeployment/default	1	1.000000	4.480000	1	0
open-cluster-management-agent-addon|ReplicaSet/cert-policy-controller-96fb7858c	1	0.000000	0.140000	1	0
babamldev|ReplicaSet/sas-annotations-7fb76948bd	1	0.100000	0.080000	1	0
bab-dev-rpa-apps-01|ReplicaSet/ai-appmanager-deployment-cf8977d94	2	0.620000	2.240000	1	0
babamldev|ReplicaSet/sas-data-studio-app-6849f5db7f	1	0.050000	0.040000	1	0
bab-dev-dgpdpl-bigid-privacy-01|StatefulSet/pp-postgresql-user-manager-postgresql	1	0.000000	0.000000	0	1
babamldev|ReplicaSet/sas-web-renderer-7c85dc67c	1	0.100000	0.400000	1	0
babamldev|ReplicaSet/sas-logon-app-cbb88895b	1	0.500000	1.000000	1	0
babamldev|ReplicaSet/sas-data-mining-results-cbb58fbfc	1	0.100000	0.080000	1	0
bab-dev-newbib|ReplicaSet/arxlauncher-d4f96bf67	1	0.600000	0.920000	0	1
babamldev|ReplicaSet/sas-data-plans-6879f7d7c4	1	0.050000	0.600000	1	0
rmbdev|ReplicaSet/kony-fabric-identity-79bd665c84	2	0.400000	0.540000	0	1
babamldev|ReplicaSet/sas-list-data-84848cff8f	1	0.100000	0.080000	1	0
bab-dev-web-baas|ReplicaSet/retail-onboarding-54d94b8d85	1	0.300000	0.500000	0	1
bab-dev-newbib|ReplicaSet/arxsso-6c4b969f6d	1	0.000000	0.000000	0	1
bab-dev-baasplatform-apps-01|ReplicaSet/baas-turmeric-ob-runtime-7dccd5ddf	1	0.250000	1.000000	0	1
openshift-gitops|ReplicaSet/openshift-gitops-repo-server-7c8b5bdd44	1	0.250000	0.250000	0	1
openshift-machine-config-operator|Node/bab-dev-aro-01-zm4qv-worker-swec-11-tqb4f	1	0.020000	0.040000	1	0
openshift-machine-config-operator|Node/bab-dev-aro-01-zm4qv-worker-swec-02-65kw7	1	0.020000	0.040000	0	1
cs-control|ReplicaSet/secretshare-77587874d6	1	0.200000	0.190000	0	1
babamldev|ReplicaSet/sas-report-execution-6977db85f9	1	0.050000	2.000000	1	0
babamldev|ReplicaSet/sas-job-flow-scheduling-84677c4c4	1	0.100000	0.080000	1	0
openshift-machine-config-operator|Node/bab-dev-aro-01-zm4qv-worker-swec-06-qvjx6	1	0.020000	0.040000	0	1
babamldev|ReplicaSet/sas-graph-builder-app-57d4f958f9	1	0.050000	0.040000	1	0
babamldev|ReplicaSet/sas-decisions-runtime-builder-86c9cc77db	1	0.050000	0.040000	1	0
bab-dev-rpa-apps-01|ReplicaSet/du-services-fe-844fbbbc48	2	0.500000	2.000000	1	0
bab-dev-cp4i|ReplicaSet/datapower-operator-7bffcc979d	1	0.500000	0.500000	0	1
bab-azure-devops-agents|ReplicaSet/azure-devops-agent-tosca-pwsh-57b6d79d4d	1	0.500000	1.000000	0	1
babamldev|StatefulSet/sas-rabbitmq-server	3	3.000000	6.000000	1	0
babamldev|ReplicaSet/sas-svi-scorecard-98b56768	1	0.050000	0.600000	1	0
babamldev|Job/sas-compute-server-8e1dc6c1-ad43-49da-9739-befc0c80e29c	1	0.050000	0.270000	1	0
openshift-operators-redhat|ReplicaSet/loki-operator-controller-manager-b46689fd5	1	0.000000	0.000000	0	1
bab-dev-rpa-apps-01|ReplicaSet/reloader-reloader-759f74966c	1	0.010000	0.090000	1	0
bab-dev-dgpdpl-bigid-01|ReplicaSet/informatica-edc-5698cd765d	1	0.500000	0.250000	0	1
openshift-logging|ReplicaSet/cluster-logging-operator-66f5bb88f	1	0.000000	0.000000	0	1
openshift-logging|ReplicaSet/lokistack-distributor-779b868f5d	2	2.000000	2.000000	0	1
bab-dev-web-baas|ReplicaSet/error-message-service-6959c87dcc	1	0.300000	0.500000	0	1
bab-dev-newbib|StatefulSet/ex-aao-ss	2	1.000000	1.000000	0	1
openshift-marketplace|CatalogSource/certified-operators-new	1	0.010000	0.040000	0	1
bab-dev-dgpdpl-bigid-privacy-01|ReplicaSet/pp-postgresql-user-manager-pgpool-7f869dc7d	1	0.000000	0.000000	0	1
bab-dev-newbib|ReplicaSet/paymentsonboardingservice-64bf4668b8	1	0.000000	0.000000	0	1
bab-dev-web-baas|ReplicaSet/efatourah-xml-5f6bfd4c	1	0.300000	0.500000	0	1
babamldev|StatefulSet/sas-data-agent-server-colocated	1	0.050000	0.630000	1	0
babamldev|ReplicaSet/sas-deployment-data-66b4dc848c	1	0.100000	0.080000	1	0
babamldev|ReplicaSet/sas-app-registry-5cd88fcccb	1	0.100000	0.080000	1	0
openshift-mta|ReplicaSet/mta-operator-6f568845f4	1	0.010000	0.250000	0	1
cert-manager|ReplicaSet/cert-manager-cainjector-6fc8cfc894	1	0.000000	0.000000	0	1
babamldev|ReplicaSet/sas-prepull-865b94ffdc	1	0.050000	0.040000	1	0
openshift-ingress-canary|DaemonSet/ingress-canary	8	0.080000	0.080000	0	1
babamldev|ReplicaSet/sas-data-mining-risk-models-6f4cf6f7cd	1	0.050000	0.040000	1	0
uipath-argocd|StatefulSet/argocd-application-controller	1	0.250000	3.000000	0	1
bab-dev-web-baas|ReplicaSet/error-message-service-8545846c6c	1	0.300000	0.500000	0	1
bab-dev-baasplatform-apps-01|ReplicaSet/igcb-arx22-sso-6f75958d9b	1	0.250000	0.240000	0	1
openshift-machine-config-operator|Node/bab-dev-aro-01-zm4qv-worker-swec-08-9xmrp	1	0.020000	0.040000	0	1
bab-dev-cp4i|ReplicaSet/ibm-common-service-operator-8654c486dd	1	0.100000	0.190000	0	1
bab-dev-rpa-apps-01|ReplicaSet/du-digitizer-worker-deployment-7c7c477955	3	3.030000	6.360000	0	1
bab-dev-cp4i|ReplicaSet/get-cust-accts-list-is-77cb47f456	1	0.300000	0.350000	0	1
bab-dev-cp4i|ReplicaSet/apic-dev-mgmt-taskmanager-6cfc6c56d8	1	0.120000	0.500000	0	1
bab-dev-cp4i|ReplicaSet/apic-dev-mgmt-consumer-catalog-5446b76557	1	0.020000	0.060000	0	1
bab-dev-web-baas|ReplicaSet/moi-cache-578dcbd44d	1	0.300000	0.500000	0	1
cert-manager|ReplicaSet/cert-manager-5849fdf644	1	0.000000	0.000000	0	1
bab-dev-rpa-apps-01|ReplicaSet/du-extended-ocr-proxy-5794f7d6bd	2	0.020000	0.000000	1	1
openshift-user-workload-monitoring|StatefulSet/thanos-ruler-user-workload	2	0.008000	0.100000	0	1
babamldev|ReplicaSet/sas-chromium-server-7c677d66d6	1	0.100000	0.400000	1	0
openshift-gitops-operator|ReplicaSet/openshift-gitops-operator-controller-manager-c49f48888	1	0.001000	0.010000	0	1
bab-dev-web-baas|ReplicaSet/branch-statement-service-86b4d9dfc9	1	0.300000	0.500000	0	1
bab-dev-web-baas|ReplicaSet/rmb-docs-service-8484ddfd44	1	0.300000	0.500000	0	1
babamldev|ReplicaSet/sas-svi-alert-55cf85bf89	1	0.050000	0.600000	1	0
babamldev|ReplicaSet/sas-text-analytics-taxonomies-58f57c4bc7	1	0.100000	0.080000	1	0
babamldev|StatefulSet/sas-consul-server	3	0.750000	0.420000	1	0
bab-dev-rpa-apps-01|ReplicaSet/robotube-6cc8cd7db8	2	0.220000	0.720000	1	0
babamldev|ReplicaSet/sas-data-mining-project-resources-689df8bcf9	1	0.100000	0.080000	1	0
babamldev|ReplicaSet/sas-visual-analytics-c8b4b457f	1	0.150000	0.240000	1	0
uipath-argocd|ReplicaSet/argocd-repo-server-779b4fd67	1	0.250000	0.250000	0	1
bab-dev-cp4i|ReplicaSet/get-charge-card-list-is-7f8777775d	1	0.300000	0.350000	0	1
bab-dev-cp4i|Cluster/keycloak-edb-cluster	1	0.200000	0.500000	0	1
bab-dev-web-baas|ReplicaSet/moi-cache-67d79b69cb	1	0.300000	0.500000	0	1
openshift-monitoring|ReplicaSet/prometheus-operator-admission-webhook-77bc54847b	2	0.010000	0.040000	0	1
bab-dev-cp4i|ReplicaSet/datapower-operator-conversion-webhook-7579c5f54f	1	0.250000	0.500000	0	1
bab-dev-cp4i|ReplicaSet/db-01-dev-dash-567bccbb88	1	0.100000	0.170000	0	1
babamldev|ReplicaSet/sas-information-catalog-app-559c94bd8	1	0.050000	0.040000	1	0
bab-dev-newbib|ReplicaSet/xxarxidamxx-778d4f9f56	1	0.000000	0.000000	0	1
bab-dev-rpa-apps-01|ReplicaSet/platform-organization-management-service-698d8bb864	2	0.820000	1.420000	1	0
openshift-mta|ReplicaSet/mta-keycloak-postgresql-15-7847fdf785	1	0.100000	0.340000	0	1
babamldev|ReplicaSet/sas-svi-sand-547bbdb9c9	1	0.050000	0.630000	1	0
babamldev|ReplicaSet/sas-svi-transport-75d96d7d9c	1	0.050000	0.630000	1	0
bab-dev-web-baas|ReplicaSet/enjaz-contacts-service-864649b46	1	0.300000	0.500000	0	1
bab-azure-devops-agents|ReplicaSet/azure-devops-agent-bib-liquibase-84db6f87f8	1	0.500000	1.000000	0	1
bab-dev-baasplatform-apps-01|ReplicaSet/igcb-itur-api-sb-billing-648d467497	1	0.250000	0.970000	0	1
bab-dev-baasplatform-apps-01|ReplicaSet/igcb-itur-api-studio-5b5dc69bf	1	0.250000	0.970000	0	1
openshift-multus|DaemonSet/multus-additional-cni-plugins	13	0.130000	0.000000	1	1
babamldev|ReplicaSet/sas-report-services-group-699698479d	1	0.050000	2.000000	1	0
bab-dev-cp4i|ReplicaSet/apic-dev-mgmt-ui-79b4dddfcf	1	0.070000	0.120000	0	1
bab-dev-rpa-apps-01|ReplicaSet/ai-app-deployment-7f448d88cc	2	0.620000	2.240000	1	0
babamldev|ReplicaSet/sas-studio-app-8556b4c685	1	0.050000	0.600000	1	0
openshift-gitops|ReplicaSet/openshift-gitops-server-6dbd949c79	1	0.125000	0.120000	0	1
babamldev|ReplicaSet/sas-insights-867d897769	1	0.150000	0.440000	1	0
bab-dev-rpa-apps-01|ReplicaSet/platform-license-accountant-worker-f964fd5b8	2	1.220000	1.800000	1	1
bab-dev-observe|ReplicaSet/tempo-dev-tempo-compactor-6fd5dd4f86	1	0.090000	0.150000	0	1
babamldev|ReplicaSet/sas-drive-app-5fb9cd54c	1	0.050000	0.040000	1	0
openshift-keda|ReplicaSet/custom-metrics-autoscaler-operator-69795f68c4	1	0.100000	0.090000	0	1
bab-dev-dgpdpl-bigid-01|ReplicaSet/ucapi-855b988bf9	1	0.000000	0.000000	0	1
babamldev|ReplicaSet/sas-score-execution-5d7c479d4	1	0.100000	0.080000	1	0
babamldev|ReplicaSet/sas-launcher-7bdd7b6597	1	0.050000	1.000000	1	0
babamldev|ReplicaSet/sas-data-mining-models-7668b87d76	1	0.100000	0.080000	1	0
openshift-machine-config-operator|Node/bab-dev-aro-01-zm4qv-worker-swec-09-7d9zr	1	0.020000	0.040000	1	0
devops-gitops|ReplicaSet/openshift-gitops-redis-5d8649784b	1	0.250000	0.120000	0	1
openshift-machine-config-operator|Node/bab-dev-aro-01-zm4qv-worker-swec-07-48zfr	1	0.020000	0.040000	0	1
babamldev|ReplicaSet/sas-files-656d4bd8bf	1	0.050000	0.600000	1	0
bab-dev-web-baas|ReplicaSet/net-utils1-f99966b64	1	0.000000	0.000000	0	1
babamldev|ReplicaSet/sas-decision-manager-app-86d4554fdb	1	0.050000	0.040000	1	0
openshift-machine-config-operator|Node/bab-dev-aro-01-zm4qv-worker-swec-03-pdt28	1	0.020000	0.040000	0	1
bab-dev-baasplatform-apps-01|ReplicaSet/igcb-sdk-runtime-sb-65c8987895	1	0.250000	1.000000	0	1
openshift-ingress|ReplicaSet/router-default-55697c6dfb	2	0.200000	0.500000	0	1
bab-dev-cp4i|StatefulSet/cs-keycloak	1	1.000000	1.000000	0	1
openshift-logging|StatefulSet/lokistack-compactor	1	1.000000	2.000000	0	1
babamldev|ReplicaSet/sas-preferences-7458b74669	1	0.100000	0.080000	1	0
bab-dev-rpa-apps-01|ReplicaSet/webhook-service-56f89965bc	2	0.220000	1.600000	1	0
bab-dev-baasplatform-apps-01|ReplicaSet/igcb-itur-api-mpp-5bc9b96487	1	0.250000	0.970000	0	1
bab-dev-web-baas|ReplicaSet/session-rules-manager-bfc9f4867	1	0.300000	0.500000	0	1
babamldev|ReplicaSet/sas-model-management-66dd488679	1	0.100000	0.080000	1	0
babamldev|ReplicaSet/sas-visual-investigator-app-795877c899	1	0.050000	0.600000	1	0
open-cluster-management-agent-addon|ReplicaSet/config-policy-controller-7f947c9757	1	0.000000	0.120000	0	1
bab-dev-baasplatform-apps-01|ReplicaSet/igcb-sdk-runtime-onsite-prod-8544f6dfc	1	0.250000	1.000000	0	1
openshift-gitops|ReplicaSet/cluster-f9c76c5b5	1	0.250000	0.120000	0	1
babamldev|ReplicaSet/sas-mobile-investigator-app-98bbd65f6	1	0.050000	0.600000	1	0
babamldev|ReplicaSet/sas-report-alerts-58dd6df58	1	0.100000	0.080000	1	0
babamldev|ReplicaSet/sas-model-manager-app-5fcbc7546d	1	0.050000	0.040000	1	0
openshift-cluster-observability-operator|ReplicaSet/observability-operator-cb5554d4	1	0.005000	0.040000	0	1
bab-azure-devops-agents|ReplicaSet/azure-devops-agents-trivy-5d9d6877d4	1	0.500000	1.000000	0	1
babamldev|ReplicaSet/sas-opendistro-operator-8c887bb85	1	0.050000	0.040000	1	0
bab-dev-cp4i|ReplicaSet/download-sadad-billers-is-5995b95f4b	1	0.300000	0.350000	0	1
babamldev|ReplicaSet/sas-content-6d754d954f	1	0.100000	0.080000	1	0
babamldev|ReplicaSet/sas-score-definitions-549bff899f	1	0.100000	0.080000	1	0
