Deployment	bab-azure-devops-agents	azure-devops-agent-baas	2	0	0		
Deployment	bab-azure-devops-agents	azure-devops-agent-bib	1	0	0		
Deployment	bab-azure-devops-agents	azure-devops-agent-bib-liquibase	1	0	0		
Deployment	bab-azure-devops-agents	azure-devops-agent-dev-sql	1	0	0		
Deployment	bab-azure-devops-agents	azure-devops-agent-esignature-image	0	0	0		
Deployment	bab-azure-devops-agents	azure-devops-agent-ibm	2	0	0		
Deployment	bab-azure-devops-agents	azure-devops-agent-java-microservices	1	0	0		
Deployment	bab-azure-devops-agents	azure-devops-agent-sit-sql	0	0	0		
Deployment	bab-azure-devops-agents	azure-devops-agent-tosca	2	0	0		
Deployment	bab-azure-devops-agents	azure-devops-agent-tosca-pwsh	1	0	0		
Deployment	bab-azure-devops-agents	azure-devops-agent-trivy	0	0	0		
Deployment	bab-azure-devops-agents	azure-devops-agents	0	0	0		
Deployment	bab-azure-devops-agents	azure-devops-agents-bigid	0	0	0		
Deployment	bab-azure-devops-agents	azure-devops-agents-checkmarx	0	0	0		
Deployment	bab-azure-devops-agents	azure-devops-agents-jdk-21	0	0	0		
Deployment	bab-azure-devops-agents	azure-devops-agents-nonprod-enjaz-website	1	0	0		
Deployment	bab-azure-devops-agents	azure-devops-agents-srvnow	1	0	0		
Deployment	bab-azure-devops-agents	azure-devops-agents-trivy	1	0	0		
Deployment	bab-azure-devops-agents	azure-devops-cortex	0	0	0		
Deployment	bab-azure-devops-agents	network-analyser	0	0	0		
Deployment	bab-azure-devops-agents	nginx	0	0;0	0;0		
Deployment	bab-dev-baasplatform-apps-01	baas-sdk-manager-api-runtime	1	250m	1Gi		
Deployment	bab-dev-baasplatform-apps-01	baas-turmeric-b2b-runtime	1	250m	1Gi		
Deployment	bab-dev-baasplatform-apps-01	baas-turmeric-ob-runtime	1	250m	1Gi		
Deployment	bab-dev-baasplatform-apps-01	baas-turmeric-opb-runtime	1	250m	1Gi		
Deployment	bab-dev-baasplatform-apps-01	igcb-arx22-al	1	200m	250Mi		
Deployment	bab-dev-baasplatform-apps-01	igcb-arx22-launcher	1	200m	250Mi		
Deployment	bab-dev-baasplatform-apps-01	igcb-arx22-sso	1	250m	250Mi		
Deployment	bab-dev-baasplatform-apps-01	igcb-arx22-web	1	200m	250Mi		
Deployment	bab-dev-baasplatform-apps-01	igcb-itur-api-analytics	1	250m	1000Mi		
Deployment	bab-dev-baasplatform-apps-01	igcb-itur-api-billing	1	250m	1000Mi		
Deployment	bab-dev-baasplatform-apps-01	igcb-itur-api-mpp	1	250m	1000Mi		
Deployment	bab-dev-baasplatform-apps-01	igcb-itur-api-pulse	1	250m	1000Mi		
Deployment	bab-dev-baasplatform-apps-01	igcb-itur-api-sb-analytics	1	250m	1000Mi		
Deployment	bab-dev-baasplatform-apps-01	igcb-itur-api-sb-billing	1	250m	1000Mi		
Deployment	bab-dev-baasplatform-apps-01	igcb-itur-api-studio	1	250m	1000Mi		
Deployment	bab-dev-baasplatform-apps-01	igcb-itur-runtime	1	250m	1536Mi		
Deployment	bab-dev-baasplatform-apps-01	igcb-itur-ui-mpp	1	200m	250Mi		
Deployment	bab-dev-baasplatform-apps-01	igcb-itur-ui-pulse	1	200m	250Mi		
Deployment	bab-dev-baasplatform-apps-01	igcb-itur-ui-sdk-ui	1	200m	250Mi		
Deployment	bab-dev-baasplatform-apps-01	igcb-itur-ui-sdk-ui-manager	1	200m	250Mi		
Deployment	bab-dev-baasplatform-apps-01	igcb-itur-ui-studio	1	250m	250Mi		
Deployment	bab-dev-baasplatform-apps-01	igcb-sdk-runtime	1	250m	1Gi		
Deployment	bab-dev-baasplatform-apps-01	igcb-sdk-runtime-api-sb	1	250m	1Gi		
Deployment	bab-dev-baasplatform-apps-01	igcb-sdk-runtime-onsite-prod	1	250m	1Gi		
Deployment	bab-dev-baasplatform-apps-01	igcb-sdk-runtime-sb	1	250m	1Gi		
Deployment	bab-dev-cp4i	apic-dev-a7s-director	1	50m	128Mi		
Deployment	bab-dev-cp4i	apic-dev-a7s-mtls-gw	1	100m	128Mi		
Deployment	bab-dev-cp4i	apic-dev-mgmt-analytics-proxy	1	40m	128Mi		
Deployment	bab-dev-cp4i	apic-dev-mgmt-analytics-ui	1	20m	64Mi		
Deployment	bab-dev-cp4i	apic-dev-mgmt-apim	1	200m	128Mi	50m	64Mi
Deployment	bab-dev-cp4i	apic-dev-mgmt-client-downloads-server	1	20m	8Mi		
Deployment	bab-dev-cp4i	apic-dev-mgmt-consumer-catalog	1	20m	64Mi		
Deployment	bab-dev-cp4i	apic-dev-mgmt-juhu	1	30m	192Mi		
Deployment	bab-dev-cp4i	apic-dev-mgmt-ldap	1	20m	64Mi		
Deployment	bab-dev-cp4i	apic-dev-mgmt-lur	1	20m	128Mi		
Deployment	bab-dev-cp4i	apic-dev-mgmt-portal-proxy	1	8m	128Mi		
Deployment	bab-dev-cp4i	apic-dev-mgmt-taskmanager	1	120m	512Mi		
Deployment	bab-dev-cp4i	apic-dev-mgmt-ui	1	20m;50m	64Mi;64Mi		
Deployment	bab-dev-cp4i	apic-dev-mgmt-websocket-proxy	1	20m	128Mi		
Deployment	bab-dev-cp4i	cert-manager-operator-controller-manager	1	10m	32Mi		
Deployment	bab-dev-cp4i	datapower-operator	1	500m	512Mi		
Deployment	bab-dev-cp4i	datapower-operator-conversion-webhook	1	250m	512Mi		
Deployment	bab-dev-cp4i	db-01-dev-dash	1	50m;50m	125Mi;50Mi	50m	100Mi
Deployment	bab-dev-cp4i	download-sadad-billers-is	1	300m	368Mi		
Deployment	bab-dev-cp4i	dummy-is	1	300m	368Mi		
Deployment	bab-dev-cp4i	get-billers-list-is	1	500m	512Mi		
Deployment	bab-dev-cp4i	get-charge-card-list-is	1	300m	368Mi		
Deployment	bab-dev-cp4i	get-cust-accts-list-is	1	300m	368Mi		
Deployment	bab-dev-cp4i	get-moi-service-fee-is	0	300m	368Mi		
Deployment	bab-dev-cp4i	get-yakeen-info-is	0	300m	368Mi		
Deployment	bab-dev-cp4i	ibm-apiconnect	1	75m	128Mi	75m	128Mi
Deployment	bab-dev-cp4i	ibm-appconnect-operator	1	100m	128Mi		
Deployment	bab-dev-cp4i	ibm-common-service-operator	1	100m	200Mi		
Deployment	bab-dev-cp4i	ibm-integration-platform-navigator-operator	1	200m	1Gi	200m	256Mi
Deployment	bab-dev-cp4i	ibm-mq-operator	1	1	1Gi		
Deployment	bab-dev-cp4i	integration-navigator-ibm-inte-3c22-deployment	1	500m;500m	512Mi;512Mi		
Deployment	bab-dev-cp4i	logger-is	0	300m	368Mi		
Deployment	bab-dev-cp4i	mq-test-is	1	500m	512Mi		
Deployment	bab-dev-cp4i	operand-deployment-lifecycle-manager	1	200m	200Mi		
Deployment	bab-dev-cp4i	postgresql-operator-controller-manager-1-22-8	1	500m	200Mi		
Deployment	bab-dev-cp4i	rhbk-operator	1	300m	450Mi		
Deployment	bab-dev-dgpdpl-bigid-01	bigid-aci	1	250m	256Mi	50m;50m;50m;50m;50m;50m	256Mi;256Mi;256Mi;256Mi;256Mi;256Mi
Deployment	bab-dev-dgpdpl-bigid-01	bigid-action-center	1	250m	256Mi	50m;50m	256Mi;256Mi
Deployment	bab-dev-dgpdpl-bigid-01	bigid-collaboration	1	50m	256Mi	50m;50m	256Mi;256Mi
Deployment	bab-dev-dgpdpl-bigid-01	bigid-config-service	1	250m	256Mi	50m;50m	256Mi;256Mi
Deployment	bab-dev-dgpdpl-bigid-01	bigid-corr-new	1	250m	256Mi	50m;50m	256Mi;256Mi
Deployment	bab-dev-dgpdpl-bigid-01	bigid-data-catalog	1	250m	256Mi	50m	256Mi
Deployment	bab-dev-dgpdpl-bigid-01	bigid-me-agent	1	1	3Gi	50m	256Mi
Deployment	bab-dev-dgpdpl-bigid-01	bigid-metadata-search	1	250m	256Mi	50m	256Mi
Deployment	bab-dev-dgpdpl-bigid-01	bigid-ml-gw	1	500m	500Mi	50m	256Mi
Deployment	bab-dev-dgpdpl-bigid-01	bigid-ml-scheduler	1	250m	500Mi	50m	256Mi
Deployment	bab-dev-dgpdpl-bigid-01	bigid-ml-worker	1	500m	500Mi	50m	256Mi
Deployment	bab-dev-dgpdpl-bigid-01	bigid-orch	1	250m	256Mi	50m;50m	256Mi;256Mi
Deployment	bab-dev-dgpdpl-bigid-01	bigid-orch2	1	250m	256Mi	50m;50m	256Mi;256Mi
Deployment	bab-dev-dgpdpl-bigid-01	bigid-pia	1	150m	50Mi		
Deployment	bab-dev-dgpdpl-bigid-01	bigid-remediation-batch	1	250m	1Gi		
Deployment	bab-dev-dgpdpl-bigid-01	bigid-remediation-ui-bff	1	250m	1Gi		
Deployment	bab-dev-dgpdpl-bigid-01	bigid-reports	1	1	1Gi	50m	256Mi
Deployment	bab-dev-dgpdpl-bigid-01	bigid-ropa	1	150m	50Mi		
Deployment	bab-dev-dgpdpl-bigid-01	bigid-scanner	1	2;1	3Gi;1Gi		
Deployment	bab-dev-dgpdpl-bigid-01	bigid-ui	1	250m	256Mi	50m	256Mi
Deployment	bab-dev-dgpdpl-bigid-01	bigid-web	1	250m	500Mi	50m;50m	256Mi;256Mi
Deployment	bab-dev-dgpdpl-bigid-01	data-retention-ui-service	1	100m	256Mi		
Deployment	bab-dev-dgpdpl-bigid-01	data-retention-web-gateway	1	100m	256Mi		
Deployment	bab-dev-dgpdpl-bigid-01	informatica-edc	1	500m	256Mi		
Deployment	bab-dev-dgpdpl-bigid-01	ucapi	1	0	0		
Deployment	bab-dev-dgpdpl-bigid-01	ucapi-nginx-reverse-proxy	1	0	0		
Deployment	bab-dev-dgpdpl-bigid-privacy-01	camunda-testing	1	150m	400Mi		
Deployment	bab-dev-dgpdpl-bigid-privacy-01	pp-bigidme-audit-manager	1	500m	1500Mi		
Deployment	bab-dev-dgpdpl-bigid-privacy-01	pp-bigidme-authentication-manager	1	1	1500Mi		
Deployment	bab-dev-dgpdpl-bigid-privacy-01	pp-bigidme-camunda-engine	1	1	8000Mi		
Deployment	bab-dev-dgpdpl-bigid-privacy-01	pp-bigidme-clamav-service	1	1	3000Mi		
Deployment	bab-dev-dgpdpl-bigid-privacy-01	pp-bigidme-communication-manager	1	500m	1500Mi		
Deployment	bab-dev-dgpdpl-bigid-privacy-01	pp-bigidme-connectors-manager	1	1	1500Mi		
Deployment	bab-dev-dgpdpl-bigid-privacy-01	pp-bigidme-consents-manager	1	500m	1500Mi		
Deployment	bab-dev-dgpdpl-bigid-privacy-01	pp-bigidme-consumer-verification-manager	1	500m	1500Mi		
Deployment	bab-dev-dgpdpl-bigid-privacy-01	pp-bigidme-frontend-app	1	150m	100Mi		
Deployment	bab-dev-dgpdpl-bigid-privacy-01	pp-bigidme-job-scheduler	1	500m	1500Mi		
Deployment	bab-dev-dgpdpl-bigid-privacy-01	pp-bigidme-onboarding-service	1	1	1500Mi		
Deployment	bab-dev-dgpdpl-bigid-privacy-01	pp-bigidme-report-service	1	500m	1500Mi		
Deployment	bab-dev-dgpdpl-bigid-privacy-01	pp-bigidme-settings-manager	1	500m	2500Mi		
Deployment	bab-dev-dgpdpl-bigid-privacy-01	pp-bigidme-user-request-manager	1	1	1500Mi		
Deployment	bab-dev-dgpdpl-bigid-privacy-01	pp-bigidme-workflow-management	1	500m	2000Mi		
Deployment	bab-dev-dgpdpl-bigid-privacy-01	pp-postgresql-camunda-pgpool	2	0	0		
Deployment	bab-dev-dgpdpl-bigid-privacy-01	pp-postgresql-user-manager-pgpool	2	0	0		
Deployment	bab-dev-newbib	accountservices	1	0	0		
Deployment	bab-dev-newbib	arxidam	1	0	0		
Deployment	bab-dev-newbib	arxlauncher	1	600m	950Mi		
Deployment	bab-dev-newbib	arxsso	1	0	0		
Deployment	bab-dev-newbib	arxwebapp	1	0	0		
Deployment	bab-dev-newbib	azdo-agent	1	500m	512Mi		
Deployment	bab-dev-newbib	baseimage	1	0	0		
Deployment	bab-dev-newbib	cbxflash	1	0	0		
Deployment	bab-dev-newbib	cpadminservicescbx	1	0	0		
Deployment	bab-dev-newbib	dtbwebappcbx	1	0	0		
Deployment	bab-dev-newbib	entlwebcbx	1	0	0		
Deployment	bab-dev-newbib	ofapplication	1	0	0		
Deployment	bab-dev-newbib	ofscheduler	1	800m	1907Mi		
Deployment	bab-dev-newbib	paymentsalertservice	1	0	0		
Deployment	bab-dev-newbib	paymentschargesservice	1	0	0		
Deployment	bab-dev-newbib	paymentservice	1	0	0		
Deployment	bab-dev-newbib	paymentservicescbx	1	0	0		
Deployment	bab-dev-newbib	paymentsinquiryservice	1	0	0		
Deployment	bab-dev-newbib	paymentsonboardingservice	1	0	0		
Deployment	bab-dev-newbib	pncweb	1	0	0		
Deployment	bab-dev-newbib	producttourcbx	1	0	0		
Deployment	bab-dev-newbib	statementservicescbx	1	0	0		
Deployment	bab-dev-newbib	xxarxidamxx	1	0	0		
Deployment	bab-dev-observe	dev-baas-collector	1	0	0		
Deployment	bab-dev-observe	tempo-dev-tempo-compactor	1	90m	164282496		
Deployment	bab-dev-observe	tempo-dev-tempo-distributor	1	156m	106300440		
Deployment	bab-dev-observe	tempo-dev-tempo-gateway	1	36m;0	48318384;0		
Deployment	bab-dev-observe	tempo-dev-tempo-querier	1	54m	135291488		
Deployment	bab-dev-observe	tempo-dev-tempo-query-frontend	1	24m;24m;24m	19327354;19327354;19327354		
Deployment	bab-dev-rpa-apps-01	9aae22bb-4b8a-431f-8685-5b90eb13e509-22	1	500m;100m	2Gi;100Mi	0	0
Deployment	bab-dev-rpa-apps-01	ai-app-deployment	2	300m	1Gi	0	0
Deployment	bab-dev-rpa-apps-01	ai-appmanager-deployment	2	300m	1Gi	0	0
Deployment	bab-dev-rpa-apps-01	ai-deployer-deployment	2	300m	2Gi	0	0
Deployment	bab-dev-rpa-apps-01	ai-helper-deployment	2	300m	2Gi	0	0
Deployment	bab-dev-rpa-apps-01	ai-pkgmanager-deployment	2	300m	1Gi	0	0
Deployment	bab-dev-rpa-apps-01	ai-trainer-deployment	2	300m	2Gi	0	0
Deployment	bab-dev-rpa-apps-01	aievents-deploy	5	500m	256Mi	0;500m	0;256Mi
Deployment	bab-dev-rpa-apps-01	aimetering	5	100m	100Mi	0	0
Deployment	bab-dev-rpa-apps-01	aistorage	2	500m	1Gi	0;100m	0;200Mi
Deployment	bab-dev-rpa-apps-01	aistorage-cleanup	1	500m	500Mi	0;0	0;0
Deployment	bab-dev-rpa-apps-01	demo-app	1	0	0		
Deployment	bab-dev-rpa-apps-01	du-digitizer	3	500m	1Gi	0;0	0;0
Deployment	bab-dev-rpa-apps-01	du-digitizer-cleanup	1	500m	256Mi	0;0	0;0
Deployment	bab-dev-rpa-apps-01	du-digitizer-worker-deployment	3	1	2Gi	0	0
Deployment	bab-dev-rpa-apps-01	du-documentmanager-dm	3	250m	500M	0	0
Deployment	bab-dev-rpa-apps-01	du-extended-ocr	2	0;10m	0;64Mi	0	0
Deployment	bab-dev-rpa-apps-01	du-extended-ocr-proxy	2	0	0	0	0
Deployment	bab-dev-rpa-apps-01	du-frontend	2	100m	100M	0;0	0;0
Deployment	bab-dev-rpa-apps-01	du-provisioning	2	100m	128Mi	0	0
Deployment	bab-dev-rpa-apps-01	du-services-fe	2	250m	1Gi	0	0
Deployment	bab-dev-rpa-apps-01	du-services-ikc	2	250m	1Gi	0	0
Deployment	bab-dev-rpa-apps-01	identity-service-api	2	600m	900Mi	0	0
Deployment	bab-dev-rpa-apps-01	identity-service-web	2	50m	50Mi	0	0
Deployment	bab-dev-rpa-apps-01	orchestrator	2	1	2Gi	0	0
Deployment	bab-dev-rpa-apps-01	platform-authorization-service	2	100m	600Mi	0	0
Deployment	bab-dev-rpa-apps-01	platform-license-accountant	2	600m	800Mi	0	0
Deployment	bab-dev-rpa-apps-01	platform-license-accountant-worker	2	600m	800Mi	0	0
Deployment	bab-dev-rpa-apps-01	platform-license-resource-manager	2	100m	800Mi	0	0
Deployment	bab-dev-rpa-apps-01	platform-license-resource-manager-worker	2	100m	800Mi	0	0
Deployment	bab-dev-rpa-apps-01	platform-location-service	2	400m	500Mi	0	0
Deployment	bab-dev-rpa-apps-01	platform-messagebus-service	10	100m	800Mi	0	0
Deployment	bab-dev-rpa-apps-01	platform-organization-management-service	2	400m	600Mi	0	0
Deployment	bab-dev-rpa-apps-01	platform-portal	2	400m	300Mi	0	0
Deployment	bab-dev-rpa-apps-01	platform-resource-catalog-service	2	100m	800Mi	0	0
Deployment	bab-dev-rpa-apps-01	pushgateway-prometheus-pushgateway	1	40m	60Mi		
Deployment	bab-dev-rpa-apps-01	reloader-reloader	1	10m	100Mi		
Deployment	bab-dev-rpa-apps-01	robotube	2	100m	250Mi	0	0
Deployment	bab-dev-rpa-apps-01	webhook-service	2	100m	700Mi	0	0
Deployment	bab-dev-web-baas	abb-account-statement-service	1	300m	512Mi	0	0
Deployment	bab-dev-web-baas	abb-account-statement-service-amr-tarek	1	300m	512Mi		
Deployment	bab-dev-web-baas	abb-card-statement-service	1	300m	512Mi		
Deployment	bab-dev-web-baas	active-directory-service	1	0	0		
Deployment	bab-dev-web-baas	auth-service	1	300m	512Mi		
Deployment	bab-dev-web-baas	baas-mongodb	1	0	0		
Deployment	bab-dev-web-baas	branch-app-ui	1	300m	512Mi		
Deployment	bab-dev-web-baas	branch-statement-service	1	300m	512Mi	0	0
Deployment	bab-dev-web-baas	digital-signature-service	1	300m	512Mi		
Deployment	bab-dev-web-baas	document-generator-service	1	300m	512Mi		
Deployment	bab-dev-web-baas	efatourah-xml	1	300m	512Mi		
Deployment	bab-dev-web-baas	enjaz-contacts-service	1	300m	512Mi		
Deployment	bab-dev-web-baas	error-message-service	1	300m	512Mi		
Deployment	bab-dev-web-baas	ldap-service	1	300m	512Mi		
Deployment	bab-dev-web-baas	live-session-manager	1	300m	512Mi		
Deployment	bab-dev-web-baas	mock-api-app	1	300m	512Mi		
Deployment	bab-dev-web-baas	moi-cache	1	300m	512Mi		
Deployment	bab-dev-web-baas	mongo-db-handler	1	300m	512Mi		
Deployment	bab-dev-web-baas	mongodb-8-deployment	1	250m	512Mi		
Deployment	bab-dev-web-baas	net-utils1	1	0	0		
Deployment	bab-dev-web-baas	otel-collector	1	0	0		
Deployment	bab-dev-web-baas	retail-onboarding	1	300m	512Mi		
Deployment	bab-dev-web-baas	rmb-docs-service	1	300m	512Mi		
Deployment	bab-dev-web-baas	session-rules-manager	1	300m	512Mi		
Deployment	bab-dev-web-baas	shorten-url-ms	1	300m	512Mi		
Deployment	bab-dev-web-baas	sme-loan-app	1	300m	512Mi		
Deployment	bab-dev-web-baas	statement-generator	1	300m	512Mi		
Deployment	bab-dev-web-baas	statement-integrator-service	1	300m	512Mi		
Deployment	bab-dev-web-baas	statement-manager-service	1	300m	512Mi		
Deployment	bab-dev-web-baas	statement-poller	1	300m	512Mi		
Deployment	bab-dev-web-baas	tanfeeth-report-poller	1	300m	512Mi		
Deployment	bab-dev-web-baas	utility-service	1	300m	512Mi		
Deployment	bab-ms-dev	sme-loan-api-bld	0	0	0		
Deployment	babamldev	sas-aml-core	1	50m	650M	25m;50m	25Mi;50Mi
Deployment	babamldev	sas-analytics-events	1	50m	50Mi	25m;50m;75m;100m	25Mi;50Mi;64Mi;90Mi
Deployment	babamldev	sas-analytics-execution	1	50m	50Mi	25m;50m;75m;100m	25Mi;50Mi;64Mi;90Mi
Deployment	babamldev	sas-analytics-gateway	1	50m	1Gi	25m;50m	25Mi;50Mi
Deployment	babamldev	sas-analytics-resources	1	50m	300Mi	25m;50m;75m;100m	25Mi;50Mi;64Mi;90Mi
Deployment	babamldev	sas-annotations	1	50m	50Mi	25m;50m;75m;100m	25Mi;50Mi;64Mi;90Mi
Deployment	babamldev	sas-app-registry	1	50m	50Mi	25m;50m;75m;100m	25Mi;50Mi;64Mi;90Mi
Deployment	babamldev	sas-arke	1	50m	50Mi	25m;50m	25Mi;50Mi
Deployment	babamldev	sas-audit	1	50m	50Mi	25m;50m;75m;100m	25Mi;50Mi;64Mi;90Mi
Deployment	babamldev	sas-authorization	1	50m	1Gi	25m;50m	25Mi;50Mi
Deployment	babamldev	sas-batch	1	50m	50Mi	25m;50m;75m;100m	25Mi;50Mi;64Mi;90Mi
Deployment	babamldev	sas-cas-control	1	50m	50Mi	25m;50m	25Mi;50Mi
Deployment	babamldev	sas-cas-operator	1	50m	50Mi	25m;50m	25Mi;50Mi
Deployment	babamldev	sas-catalog-services	1	500m	500Mi	25m;50m;75m;100m	25Mi;50Mi;64Mi;90Mi
Deployment	babamldev	sas-chromium-server	1	100m	410Mi	25m;50m	25Mi;50Mi
Deployment	babamldev	sas-code-debugger	1	50m	50Mi	25m;50m	25Mi;50Mi
Deployment	babamldev	sas-code-debugger-app	1	50m	50Mi	25m;50m	25Mi;50Mi
Deployment	babamldev	sas-collaboration	1	50m	50Mi	25m;50m;75m;100m	25Mi;50Mi;64Mi;90Mi
Deployment	babamldev	sas-compute	1	50m	50Mi	25m;50m;75m;100m	25Mi;50Mi;64Mi;90Mi
Deployment	babamldev	sas-configuration	1	500m	50Mi	25m;50m	25Mi;50Mi
Deployment	babamldev	sas-connect	1	50m	50Mi	25m;50m;75m;100m	25Mi;50Mi;64Mi;90Mi
Deployment	babamldev	sas-connect-spawner	1	50m	128Mi	25m;50m;75m;75m	25Mi;50Mi;64Mi;64Mi
Deployment	babamldev	sas-content	1	50m	50Mi	25m;50m;75m;100m	25Mi;50Mi;64Mi;90Mi
Deployment	babamldev	sas-credentials	1	50m	650M	25m;50m	25Mi;50Mi
Deployment	babamldev	sas-data-agent-services	1	50m	50Mi	25m;50m	25Mi;50Mi
Deployment	babamldev	sas-data-explorer-app	1	50m	650M	25m;50m	25Mi;50Mi
Deployment	babamldev	sas-data-flows	1	50m	50Mi	25m;50m;75m;100m	25Mi;50Mi;64Mi;90Mi
Deployment	babamldev	sas-data-mining-models	1	50m	50Mi	25m;50m;75m;100m	25Mi;50Mi;64Mi;90Mi
Deployment	babamldev	sas-data-mining-project-resources	1	50m	50Mi	25m;50m;75m;100m	25Mi;50Mi;64Mi;90Mi
Deployment	babamldev	sas-data-mining-results	1	50m	50Mi	25m;50m;75m;100m	25Mi;50Mi;64Mi;90Mi
Deployment	babamldev	sas-data-mining-risk-models	1	50m	50Mi	25m;50m	25Mi;50Mi
Deployment	babamldev	sas-data-plans	1	50m	650M	25m;50m	25Mi;50Mi
Deployment	babamldev	sas-data-quality-services	1	50m	100Mi	25m;50m;75m;100m	25Mi;50Mi;64Mi;90Mi
Deployment	babamldev	sas-data-server-operator	1	50m	50Mi	25m;50m	25Mi;50Mi
Deployment	babamldev	sas-data-sources	1	50m	50Mi	25m;50m;75m;100m	25Mi;50Mi;64Mi;90Mi
Deployment	babamldev	sas-data-studio-app	1	50m	50Mi	25m;50m	25Mi;50Mi
Deployment	babamldev	sas-decision-manager-app	1	50m	50Mi	25m;50m	25Mi;50Mi
Deployment	babamldev	sas-decisions	1	50m	768Mi	25m;50m	25Mi;50Mi
Deployment	babamldev	sas-decisions-framework	1	50m	768Mi	25m;50m	25Mi;50Mi
Deployment	babamldev	sas-decisions-runtime-builder	1	50m	50Mi	25m;50m	25Mi;50Mi
Deployment	babamldev	sas-deployment-data	1	50m	50Mi	25m;50m;75m;100m	25Mi;50Mi;64Mi;90Mi
Deployment	babamldev	sas-device-management	1	50m	50Mi	25m;50m;75m;100m	25Mi;50Mi;64Mi;90Mi
Deployment	babamldev	sas-discovery-services	1	500m	500Mi	25m;50m;75m;100m	25Mi;50Mi;64Mi;90Mi
Deployment	babamldev	sas-document-generator-adapter	1	50m	650M	25m;50m	25Mi;50Mi
Deployment	babamldev	sas-drive-app	1	50m	50Mi	25m;50m	25Mi;50Mi
Deployment	babamldev	sas-environment-manager-app	1	50m	50Mi	25m;50m	25Mi;50Mi
Deployment	babamldev	sas-feature-flags	1	50m	50Mi	25m;50m;75m;100m	25Mi;50Mi;64Mi;90Mi
Deployment	babamldev	sas-file-store	1	50m	50Mi	25m;50m;75m;100m	25Mi;50Mi;64Mi;90Mi
Deployment	babamldev	sas-files	1	50m	650M	25m;50m	25Mi;50Mi
Deployment	babamldev	sas-formats	1	450m;400m	50Mi;10Mi	25m;50m	25Mi;50Mi
Deployment	babamldev	sas-geography	1	100m	90Mi	25m;50m;75m;100m	25Mi;50Mi;64Mi;90Mi
Deployment	babamldev	sas-graph-builder-app	1	50m	50Mi	25m;50m	25Mi;50Mi
Deployment	babamldev	sas-graph-templates	1	50m	50Mi	25m;50m;75m;100m	25Mi;50Mi;64Mi;90Mi
Deployment	babamldev	sas-identities	1	50m	650M	25m;50m	25Mi;50Mi
Deployment	babamldev	sas-import-9	1	50m	1Gi	25m;50m	25Mi;50Mi
Deployment	babamldev	sas-information-catalog-app	1	50m	50Mi	25m;50m	25Mi;50Mi
Deployment	babamldev	sas-insights	1	50m;100m	50Mi;410Mi	25m;50m	25Mi;50Mi
Deployment	babamldev	sas-job-execution	1	50m	650M	25m;50m	25Mi;50Mi
Deployment	babamldev	sas-job-execution-app	1	50m	50Mi	25m;50m	25Mi;50Mi
Deployment	babamldev	sas-job-flow-scheduling	1	50m	50Mi	25m;50m;75m;100m	25Mi;50Mi;64Mi;90Mi
Deployment	babamldev	sas-landing-app	1	50m	50Mi	25m;50m	25Mi;50Mi
Deployment	babamldev	sas-launcher	1	50m	1Gi	25m;50m	25Mi;50Mi
Deployment	babamldev	sas-lineage-app	1	50m	50Mi	25m;50m	25Mi;50Mi
Deployment	babamldev	sas-list-data	1	50m	50Mi	25m;50m;75m;100m	25Mi;50Mi;64Mi;90Mi
Deployment	babamldev	sas-localization	1	50m	50Mi	25m;50m;75m;100m	25Mi;50Mi;64Mi;90Mi
Deployment	babamldev	sas-logon-app	1	500m	1Gi	25m;50m	25Mi;50Mi
Deployment	babamldev	sas-microanalytic-score	1	250m	750M	25m;50m;500m;50m	25Mi;50Mi;500Mi;50Mi
Deployment	babamldev	sas-migration-manager	0	50m	50Mi	25m;50m;75m;100m	25Mi;50Mi;64Mi;90Mi
Deployment	babamldev	sas-ml-pipeline-automation	1	50m	50Mi	25m;50m;75m;100m	25Mi;50Mi;64Mi;90Mi
Deployment	babamldev	sas-mobile-investigator-app	1	50m	650M	25m;50m	25Mi;50Mi
Deployment	babamldev	sas-model-management	1	50m	50Mi	25m;50m;75m;100m	25Mi;50Mi;64Mi;90Mi
Deployment	babamldev	sas-model-manager-app	1	50m	50Mi	25m;50m	25Mi;50Mi
Deployment	babamldev	sas-model-publish	1	50m	50Mi	25m;50m;75m;100m	25Mi;50Mi;64Mi;90Mi
Deployment	babamldev	sas-model-repository	1	50m	50Mi	25m;50m;75m;100m	25Mi;50Mi;64Mi;90Mi
Deployment	babamldev	sas-model-studio-app	1	50m	50Mi	25m;50m	25Mi;50Mi
Deployment	babamldev	sas-natural-language-generation	1	50m	650M	25m;50m	25Mi;50Mi
Deployment	babamldev	sas-office-addin-app	1	50m	50Mi	25m;50m	25Mi;50Mi
Deployment	babamldev	sas-opendistro-operator	1	50m	50Mi	50m	50Mi
Deployment	babamldev	sas-preferences	1	50m	50Mi	25m;50m;75m;100m	25Mi;50Mi;64Mi;90Mi
Deployment	babamldev	sas-prepull	1	50m	50Mi		
Deployment	babamldev	sas-readiness	1	50m	50Mi	25m;50m	25Mi;50Mi
Deployment	babamldev	sas-redis-operator	1	50m	50Mi	25m;50m	25Mi;50Mi
Deployment	babamldev	sas-report-alerts	1	50m	50Mi	25m;50m;75m;100m	25Mi;50Mi;64Mi;90Mi
Deployment	babamldev	sas-report-distribution	1	50m	50Mi	25m;50m;75m;100m	25Mi;50Mi;64Mi;90Mi
Deployment	babamldev	sas-report-execution	1	50m	2Gi	25m;50m	25Mi;50Mi
Deployment	babamldev	sas-report-renderers	1	100m	410Mi	25m;50m;75m;100m	25Mi;50Mi;64Mi;90Mi
Deployment	babamldev	sas-report-services-group	1	50m	2Gi	25m;50m	25Mi;50Mi
Deployment	babamldev	sas-scheduler	1	50m	650M	25m;50m	25Mi;50Mi
Deployment	babamldev	sas-score-definitions	1	50m	50Mi	25m;50m;75m;100m	25Mi;50Mi;64Mi;90Mi
Deployment	babamldev	sas-score-execution	1	50m	50Mi	25m;50m;75m;100m	25Mi;50Mi;64Mi;90Mi
Deployment	babamldev	sas-search	1	50m	50Mi	25m;50m;75m;100m	25Mi;50Mi;64Mi;90Mi
Deployment	babamldev	sas-studio	1	50m	50Mi	25m;50m;75m;100m	25Mi;50Mi;64Mi;90Mi
Deployment	babamldev	sas-studio-app	1	50m	650M	25m;50m	25Mi;50Mi
Deployment	babamldev	sas-studio-development	1	50m	50Mi	25m;50m	25Mi;50Mi
Deployment	babamldev	sas-subject-contacts	1	50m	650M	25m;50m	25Mi;50Mi
Deployment	babamldev	sas-svi-alert	1	50m	650M	25m;50m	25Mi;50Mi
Deployment	babamldev	sas-svi-data-export	1	50m	650M	25m;50m	25Mi;50Mi
Deployment	babamldev	sas-svi-datahub	1	50m	650Mi	25m;50m	25Mi;50Mi
Deployment	babamldev	sas-svi-feature	1	50m	650Mi	25m;50m	25Mi;50Mi
Deployment	babamldev	sas-svi-indexer	1	50m	650Mi	25m;50m	25Mi;50Mi
Deployment	babamldev	sas-svi-sand	1	50m	650Mi	25m;50m;50m	25Mi;50Mi;50Mi
Deployment	babamldev	sas-svi-scorecard	1	50m	650M	25m;50m	25Mi;50Mi
Deployment	babamldev	sas-svi-transport	1	50m	650Mi	25m;50m	25Mi;50Mi
Deployment	babamldev	sas-svi-vsd-service	1	50m	650M	25m;50m	25Mi;50Mi
Deployment	babamldev	sas-text-analytics-data	1	50m	50Mi	25m;50m	25Mi;50Mi
Deployment	babamldev	sas-text-analytics-taxonomies	1	50m	50Mi	25m;50m;75m;100m	25Mi;50Mi;64Mi;90Mi
Deployment	babamldev	sas-theme-designer-app	1	50m	50Mi	25m;50m	25Mi;50Mi
Deployment	babamldev	sas-transfer	1	50m	650M	25m;50m	25Mi;50Mi
Deployment	babamldev	sas-transformations	1	50m	650M	25m;50m	25Mi;50Mi
Deployment	babamldev	sas-treatment-definitions	1	50m	650M	25m;50m	25Mi;50Mi
Deployment	babamldev	sas-visual-analytics	1	50m;100m	50Mi;200Mi	25m;50m;75m;100m	25Mi;50Mi;64Mi;90Mi
Deployment	babamldev	sas-visual-analytics-app	1	50m	50Mi	25m;50m;75m;100m	25Mi;50Mi;64Mi;90Mi
Deployment	babamldev	sas-visual-investigator-app	1	50m	650M	25m;50m	25Mi;50Mi
Deployment	babamldev	sas-web-assets	1	500m	750Mi	25m;50m;75m;100m	25Mi;50Mi;64Mi;90Mi
Deployment	babamldev	sas-web-renderer	1	100m	410Mi	25m;50m	25Mi;50Mi
Deployment	babamldev	sas-webhooks	1	50m	50Mi	25m;50m;75m;100m	25Mi;50Mi;64Mi;90Mi
Deployment	babamldev	sas-workflow-engine	1	50m	650M	25m;50m	25Mi;50Mi
Deployment	babamldev	sas-workflow-history	1	50m	650M	25m;50m	25Mi;50Mi
Deployment	babamldev	sas-workflow-manager-app	1	50m	50Mi	25m;50m	25Mi;50Mi
Deployment	cert-manager-operator	cert-manager-operator-controller-manager	1	10m	32Mi		
Deployment	cert-manager	cert-manager	1	0	0		
Deployment	cert-manager	cert-manager-cainjector	1	0	0		
Deployment	cert-manager	cert-manager-webhook	1	0	0		
Deployment	cs-control	ibm-common-service-webhook	1	200m	256Mi		
Deployment	cs-control	secretshare	1	200m	200Mi		
Deployment	default	prometheus-operator	1	100m	100Mi		
Deployment	default	reloader-reloader	1	10m	512Mi		
Deployment	devops-gitops	openshift-gitops-applicationset-controller	1	250m	512Mi		
Deployment	devops-gitops	openshift-gitops-dex-server	1	250m	128Mi	250m	128Mi
Deployment	devops-gitops	openshift-gitops-redis	1	250m	128Mi		
Deployment	devops-gitops	openshift-gitops-repo-server	1	250m	256Mi	250m	256Mi
Deployment	devops-gitops	openshift-gitops-server	1	125m	128Mi		
Deployment	ibm-common-services	ibm-common-service-webhook	0	200m	256Mi		
Deployment	ibm-common-services	secretshare	1	200m	200Mi		
Deployment	istio-dev	grafana	1	10m;10m	128Mi;128Mi		
Deployment	istio-dev	istio-egressgateway	1	10m	128Mi		
Deployment	istio-dev	istio-ingressgateway	1	10m	128Mi		
Deployment	istio-dev	istiod-basic	1	10m	128Mi		
Deployment	istio-dev	prometheus	1	10m;10m;100m	128Mi;128Mi;50Mi	100m	50Mi
Deployment	kube-system	sealed-secrets-controller	1	0	0		
Deployment	mhm-dev	cont-mhm-hello	3	0	0		
Deployment	open-cluster-management-agent-addon	application-manager	1	0	256Mi		
Deployment	open-cluster-management-agent-addon	cert-policy-controller	1	0	150Mi		
Deployment	open-cluster-management-agent-addon	cluster-proxy-proxy-agent	1	0;0;0	0;0;0		
Deployment	open-cluster-management-agent-addon	config-policy-controller	1	0	128Mi		
Deployment	open-cluster-management-agent-addon	governance-policy-framework	1	0	64Mi		
Deployment	open-cluster-management-agent-addon	klusterlet-addon-search	1	0	128Mi		
Deployment	open-cluster-management-agent-addon	klusterlet-addon-workmgr	1	0	128Mi		
Deployment	open-cluster-management-agent-addon	managed-serviceaccount-addon-agent	1	0	0		
Deployment	open-cluster-management-agent	klusterlet	1	50m	64Mi		
Deployment	open-cluster-management-agent	klusterlet-agent	3	2m	16Mi		
Deployment	openshift-apiserver-operator	openshift-apiserver-operator	1	10m	50Mi		
Deployment	openshift-apiserver	apiserver	3	100m;10m	200Mi;50Mi	15m	50Mi
Deployment	openshift-authentication-operator	authentication-operator	1	20m	200Mi		
Deployment	openshift-authentication	oauth-openshift	3	10m	50Mi		
Deployment	openshift-azure-guardrails	gatekeeper-audit	1	100m	512Mi		
Deployment	openshift-azure-guardrails	gatekeeper-controller-manager	3	100m	512Mi		
Deployment	openshift-azure-operator	aro-operator-master	1	0	0		
Deployment	openshift-azure-operator	aro-operator-worker	1	0	0		
Deployment	openshift-cloud-controller-manager-operator	cluster-cloud-controller-manager-operator	1	10m;10m	50Mi;25Mi		
Deployment	openshift-cloud-controller-manager	azure-cloud-controller-manager	2	200m	50Mi	0	0
Deployment	openshift-cloud-credential-operator	cloud-credential-operator	1	10m;10m	20Mi;20Mi		
Deployment	openshift-cloud-network-config-controller	cloud-network-config-controller	1	10m	50Mi		
Deployment	openshift-cluster-csi-drivers	azure-disk-csi-driver-controller	2	10m;10m;10m;10m;10m;10m;10m;10m;10m;10m;10m	50Mi;20Mi;50Mi;20Mi;50Mi;20Mi;50Mi;20Mi;50Mi;20Mi;50Mi	0	0
Deployment	openshift-cluster-csi-drivers	azure-disk-csi-driver-operator	1	10m	50Mi		
Deployment	openshift-cluster-csi-drivers	azure-file-csi-driver-controller	2	10m;10m;10m;10m;10m;10m;10m;10m;10m	50Mi;20Mi;50Mi;20Mi;50Mi;20Mi;50Mi;20Mi;50Mi	0	0
Deployment	openshift-cluster-csi-drivers	azure-file-csi-driver-operator	1	10m	50Mi		
Deployment	openshift-cluster-csi-drivers	csi-nfs-controller	1	10m;10m;10m;10m;10m	20Mi;20Mi;20Mi;20Mi;20Mi		
Deployment	openshift-cluster-machine-approver	machine-approver	1	10m;10m	20Mi;50Mi		
Deployment	openshift-cluster-node-tuning-operator	cluster-node-tuning-operator	1	10m	20Mi		
Deployment	openshift-cluster-observability-operator	distributed-tracing	1	0	0		
Deployment	openshift-cluster-observability-operator	logging	1	0	0		
Deployment	openshift-cluster-observability-operator	obo-prometheus-operator	1	5m	150Mi		
Deployment	openshift-cluster-observability-operator	obo-prometheus-operator-admission-webhook	2	50m	50Mi		
Deployment	openshift-cluster-observability-operator	observability-operator	1	5m	50Mi		
Deployment	openshift-cluster-samples-operator	cluster-samples-operator	1	10m;10m	50Mi;50Mi		
Deployment	openshift-cluster-storage-operator	cluster-storage-operator	1	10m	20Mi		
Deployment	openshift-cluster-storage-operator	csi-snapshot-controller	2	10m	50Mi		
Deployment	openshift-cluster-storage-operator	csi-snapshot-controller-operator	1	10m	65Mi		
Deployment	openshift-cluster-storage-operator	csi-snapshot-webhook	2	10m	20Mi		
Deployment	openshift-cluster-version	cluster-version-operator	1	20m	50Mi		
Deployment	openshift-config-operator	openshift-config-operator	1	10m	50Mi		
Deployment	openshift-console-operator	console-operator	1	10m;10m	100Mi;100Mi		
Deployment	openshift-console	console	2	10m	100Mi		
Deployment	openshift-console	downloads	2	10m	50Mi		
Deployment	openshift-controller-manager-operator	openshift-controller-manager-operator	1	10m	50Mi		
Deployment	openshift-controller-manager	controller-manager	3	100m	100Mi		
Deployment	openshift-dns-operator	dns-operator	1	10m;10m	29Mi;40Mi		
Deployment	openshift-etcd-operator	etcd-operator	1	10m	50Mi		
Deployment	openshift-gitops-operator	openshift-gitops-operator-controller-manager	1	0;1m	0;15Mi		
Deployment	openshift-gitops	cluster	1	250m	128Mi		
Deployment	openshift-gitops	kam	1	250m	128Mi		
Deployment	openshift-gitops	openshift-gitops-applicationset-controller	1	250m	512Mi		
Deployment	openshift-gitops	openshift-gitops-dex-server	1	250m	128Mi	250m	128Mi
Deployment	openshift-gitops	openshift-gitops-redis	1	250m	128Mi		
Deployment	openshift-gitops	openshift-gitops-repo-server	1	250m	256Mi	250m	256Mi
Deployment	openshift-gitops	openshift-gitops-server	1	125m	128Mi		
Deployment	openshift-image-registry	cluster-image-registry-operator	1	10m	50Mi		
Deployment	openshift-image-registry	image-registry	2	100m	256Mi		
Deployment	openshift-ingress-operator	ingress-operator	1	10m;10m	56Mi;40Mi		
Deployment	openshift-ingress	router-default	2	100m	256Mi		
Deployment	openshift-insights	insights-operator	1	10m	30Mi		
Deployment	openshift-keda	custom-metrics-autoscaler-operator	1	100m	100Mi		
Deployment	openshift-keda	keda-admission	1	100m	100Mi		
Deployment	openshift-keda	keda-metrics-apiserver	1	100m	100Mi		
Deployment	openshift-keda	keda-operator	1	100m	100Mi		
Deployment	openshift-kube-apiserver-operator	kube-apiserver-operator	1	10m	50Mi		
Deployment	openshift-kube-controller-manager-operator	kube-controller-manager-operator	1	10m	50Mi		
Deployment	openshift-kube-scheduler-operator	openshift-kube-scheduler-operator	1	10m	50Mi		
Deployment	openshift-kube-storage-version-migrator-operator	kube-storage-version-migrator-operator	1	10m	50Mi		
Deployment	openshift-kube-storage-version-migrator	migrator	1	10m	200Mi		
Deployment	openshift-logging	cluster-logging-operator	1	0	0		
Deployment	openshift-logging	lokistack-distributor	2	1	1Gi		
Deployment	openshift-logging	lokistack-gateway	2	500m;0	500Mi;0		
Deployment	openshift-logging	lokistack-querier	2	1500m	3Gi		
Deployment	openshift-logging	lokistack-query-frontend	2	1	1Gi		
Deployment	openshift-machine-api	cluster-autoscaler-operator	1	10m;20m	20Mi;50Mi		
Deployment	openshift-machine-api	control-plane-machine-set-operator	1	10m	50Mi		
Deployment	openshift-machine-api	machine-api-controllers	1	10m;10m;10m;10m;10m;10m;10m	20Mi;20Mi;20Mi;20Mi;20Mi;20Mi;20Mi		
Deployment	openshift-machine-api	machine-api-operator	1	10m;10m	20Mi;50Mi		
Deployment	openshift-machine-config-operator	machine-config-controller	1	20m;20m	50Mi;50Mi		
Deployment	openshift-machine-config-operator	machine-config-operator	1	20m;20m	50Mi;50Mi		
Deployment	openshift-managed-upgrade-operator	managed-upgrade-operator	1	20m	100Mi		
Deployment	openshift-marketplace	marketplace-operator	1	1m	5Mi		
Deployment	openshift-monitoring	cluster-monitoring-operator	1	10m	75Mi		
Deployment	openshift-monitoring	kube-state-metrics	1	2m;1m;1m	80Mi;15Mi;15Mi		
Deployment	openshift-monitoring	monitoring-plugin	2	10m	50Mi		
Deployment	openshift-monitoring	openshift-state-metrics	1	1m;1m;1m	20Mi;20Mi;32Mi		
Deployment	openshift-monitoring	prometheus-adapter	2	1m	40Mi		
Deployment	openshift-monitoring	prometheus-operator	1	5m;1m	150Mi;15Mi		
Deployment	openshift-monitoring	prometheus-operator-admission-webhook	2	5m	30Mi		
Deployment	openshift-monitoring	thanos-querier	2	10m;1m;1m;1m;1m;1m	12Mi;20Mi;15Mi;15Mi;15Mi;15Mi		
Deployment	openshift-mta	mta-hub	1	500m	1Gi	500m	1Gi
Deployment	openshift-mta	mta-keycloak-postgresql-15	1	100m	350Mi		
Deployment	openshift-mta	mta-operator	1	10m	256Mi		
Deployment	openshift-mta	mta-ui	1	100m	350Mi		
Deployment	openshift-mta	rhsso-operator	1	0	0		
Deployment	openshift-multus	multus-admission-controller	2	10m;10m	50Mi;20Mi		
Deployment	openshift-network-diagnostics	network-check-source	1	10m	40Mi		
Deployment	openshift-network-operator	network-operator	1	10m	50Mi		
Deployment	openshift-oauth-apiserver	apiserver	3	150m	200Mi	15m	50Mi
Deployment	openshift-opentelemetry-operator	opentelemetry-operator-controller-manager	1	100m;5m	64Mi;64Mi		
Deployment	openshift-operator-lifecycle-manager	catalog-operator	1	10m	80Mi		
Deployment	openshift-operator-lifecycle-manager	olm-operator	1	10m	160Mi		
Deployment	openshift-operator-lifecycle-manager	package-server-manager	1	10m	50Mi		
Deployment	openshift-operator-lifecycle-manager	packageserver	2	10m	50Mi		
Deployment	openshift-operators-redhat	loki-operator-controller-manager	1	0;0	0;0		
Deployment	openshift-operators	amq-broker-controller-manager	1	0	0		
Deployment	openshift-operators	istio-operator	1	0	0		
Deployment	openshift-ovn-kubernetes	ovnkube-control-plane	2	10m;10m	20Mi;300Mi		
Deployment	openshift-route-controller-manager	route-controller-manager	3	100m	100Mi		
Deployment	openshift-service-ca-operator	service-ca-operator	1	10m	80Mi		
Deployment	openshift-service-ca	service-ca	1	10m	120Mi		
Deployment	openshift-tempo-operator	tempo-operator-controller	1	100m	64Mi		
Deployment	openshift-user-workload-monitoring	prometheus-operator	1	1m;1m	17Mi;10Mi		
Deployment	projectsha	web-app	2	0	0		
Deployment	q-test	bab-startup-service	1	0	0		
Deployment	rhacs-operator	rhacs-operator-controller-manager	1	100m	200Mi		
Deployment	rmbdev	kony-fabric-apiportal	1	200m	200m		
Deployment	rmbdev	kony-fabric-console	2	300m	300M		
Deployment	rmbdev	kony-fabric-engagement	2	200m	300m		
Deployment	rmbdev	kony-fabric-identity	2	200m	300M		
Deployment	rmbdev	kony-fabric-integration	2	300m	300m		
Deployment	uipath-argocd	argocd-dex-server	1	250m	128Mi	250m	128Mi
Deployment	uipath-argocd	argocd-redis	1	250m	128Mi		
Deployment	uipath-argocd	argocd-repo-server	1	250m	256Mi	250m	256Mi
Deployment	uipath-argocd	argocd-server	1	125m	180Mi		
StatefulSet	bab-azure-devops-agents	sonar-postgresql	0	100m	200Mi		
StatefulSet	bab-azure-devops-agents	sonar-sonarqube	0	400m	2048M	0	0
StatefulSet	bab-dev-cp4i	apic-dev-a7s-ingestion	1	175m	7Gi		
StatefulSet	bab-dev-cp4i	apic-dev-a7s-storage	1	225m	6Gi		
StatefulSet	bab-dev-cp4i	apic-dev-gw	1	1	8Gi		
StatefulSet	bab-dev-cp4i	apic-dev-mgmt-natscluster	1	40m	16Mi		
StatefulSet	bab-dev-cp4i	apic-dev-mgmt-s3proxy	1	80m	48Mi		
StatefulSet	bab-dev-cp4i	apic-dev-ptl-930a1aac-db	1	200m;100m	3Gi;128Mi		
StatefulSet	bab-dev-cp4i	apic-dev-ptl-930a1aac-www	1	200m;150m	1Gi;1Gi		
StatefulSet	bab-dev-cp4i	apic-dev-ptl-nginx	1	20m	512Mi		
StatefulSet	bab-dev-cp4i	cs-keycloak	1	1	1Gi		
StatefulSet	bab-dev-dgpdpl-bigid-01	bigid-cache	1	250m	512Mi		
StatefulSet	bab-dev-dgpdpl-bigid-01	bigid-elasticsearch	1	250m	256Mi		
StatefulSet	bab-dev-dgpdpl-bigid-01	bigid-elasticsearch-data	2	250m	256Mi		
StatefulSet	bab-dev-dgpdpl-bigid-01	bigid-mongodb	1	0	0		
StatefulSet	bab-dev-dgpdpl-bigid-01	bigid-mq	1	500m	500Mi		
StatefulSet	bab-dev-dgpdpl-bigid-privacy-01	pp-postgresql-camunda-postgresql	1	0	0		
StatefulSet	bab-dev-dgpdpl-bigid-privacy-01	pp-postgresql-user-manager-postgresql	1	0	0		
StatefulSet	bab-dev-dgpdpl-bigid-privacy-01	pp-rabbitmq	3	0	0		
StatefulSet	bab-dev-dgpdpl-bigid-privacy-01	pp-redis-node	3	100m;100m	128Mi;128Mi		
StatefulSet	bab-dev-newbib	ex-aao-ss	2	500m	512Mi	500m	512Mi
StatefulSet	bab-dev-observe	tempo-dev-tempo-ingester	1	216m	473520160		
StatefulSet	bab-devops-sonarqube	sonarqube-postgresql	1	100m	200Mi		
StatefulSet	bab-devops-sonarqube	sonarqube-sonarqube	1	1	2Gi		
StatefulSet	babamldev	sas-consul-server	3	250m	150Mi	25m;50m;50m;50m	25Mi;50Mi;50Mi;50Mi
StatefulSet	babamldev	sas-data-agent-server-colocated	1	50m	650Mi	25m;50m	25Mi;50Mi
StatefulSet	babamldev	sas-opendistro-single-node	1	500m	10G	50m;50m;50m	50Mi;50Mi;50Mi
StatefulSet	babamldev	sas-rabbitmq-server	3	1	2Gi	25m;50m;50m	25Mi;50Mi;50Mi
StatefulSet	babamldev	sas-redis-server	2	50m	300Mi	25m;50m;50m	25Mi;50Mi;50Mi
StatefulSet	babamldev	sas-workload-orchestrator	0	1	4Gi	25m;50m;75m;100m;50m	25Mi;50Mi;64Mi;90Mi;50Mi
StatefulSet	devops-gitops	openshift-gitops-application-controller	1	250m	2Gi		
StatefulSet	openshift-gitops	openshift-gitops-application-controller	1	250m	1Gi		
StatefulSet	openshift-logging	lokistack-compactor	1	1	2Gi		
StatefulSet	openshift-logging	lokistack-index-gateway	2	500m	1Gi		
StatefulSet	openshift-logging	lokistack-ingester	2	2	8Gi		
StatefulSet	openshift-monitoring	alertmanager-main	2	4m;1m;1m;1m;1m;1m	40Mi;10Mi;20Mi;15Mi;15Mi;20Mi	1m	10Mi
StatefulSet	openshift-monitoring	prometheus-k8s	2	70m;1m;1m;1m;1m;1m	1Gi;10Mi;25Mi;20Mi;15Mi;10Mi	1m	10Mi
StatefulSet	openshift-user-workload-monitoring	prometheus-user-workload	2	200m;1m;1m;1m;1m;1m	2Gi;10Mi;17Mi;10Mi;10Mi;10Mi	1m	10Mi
StatefulSet	openshift-user-workload-monitoring	thanos-ruler-user-workload	2	1m;1m;1m;1m	21Mi;10Mi;12Mi;15Mi		
StatefulSet	uipath-argocd	argocd-application-controller	1	250m	3Gi		
